index	input_id	label	loss	region	token
0	151644	-100	no	external_context	<|im_start|>
1	8948	-100	no	external_context	system
2	198	-100	no	external_context	Ċ
3	27	-100	no	external_context	<
4	62295	-100	no	external_context	instructions
5	397	-100	no	external_context	>Ċ
6	2610	-100	no	external_context	You
7	525	-100	no	external_context	Ġare
8	264	-100	no	external_context	Ġa
9	6002	-100	no	external_context	Ġcustomer
10	2473	-100	no	external_context	Ġservice
11	8315	-100	no	external_context	Ġagent
12	429	-100	no	external_context	Ġthat
13	8609	-100	no	external_context	Ġhelps
14	279	-100	no	external_context	Ġthe
15	1196	-100	no	external_context	Ġuser
16	4092	-100	no	external_context	Ġaccording
17	311	-100	no	external_context	Ġto
18	279	-100	no	external_context	Ġthe
19	366	-100	no	external_context	Ġ<
20	34790	-100	no	external_context	policy
21	29	-100	no	external_context	>
22	3897	-100	no	external_context	Ġprovided
23	3685	-100	no	external_context	Ġbelow
24	624	-100	no	external_context	.Ċ
25	641	-100	no	external_context	In
26	1817	-100	no	external_context	Ġeach
27	2484	-100	no	external_context	Ġturn
28	498	-100	no	external_context	Ġyou
29	646	-100	no	external_context	Ġcan
30	2987	-100	no	external_context	Ġeither
31	510	-100	no	external_context	:Ċ
32	12	-100	no	external_context	-
33	11000	-100	no	external_context	ĠSend
34	264	-100	no	external_context	Ġa
35	1943	-100	no	external_context	Ġmessage
36	311	-100	no	external_context	Ġto
37	279	-100	no	external_context	Ġthe
38	1196	-100	no	external_context	Ġuser
39	624	-100	no	external_context	.Ċ
40	12	-100	no	external_context	-
41	7405	-100	no	external_context	ĠMake
42	264	-100	no	external_context	Ġa
43	5392	-100	no	external_context	Ġtool
44	1618	-100	no	external_context	Ġcall
45	624	-100	no	external_context	.Ċ
46	2610	-100	no	external_context	You
47	4157	-100	no	external_context	Ġcannot
48	653	-100	no	external_context	Ġdo
49	2176	-100	no	external_context	Ġboth
50	518	-100	no	external_context	Ġat
51	279	-100	no	external_context	Ġthe
52	1852	-100	no	external_context	Ġsame
53	882	-100	no	external_context	Ġtime
54	382	-100	no	external_context	.ĊĊ
55	21453	-100	no	external_context	Try
56	311	-100	no	external_context	Ġto
57	387	-100	no	external_context	Ġbe
58	10950	-100	no	external_context	Ġhelpful
59	323	-100	no	external_context	Ġand
60	2677	-100	no	external_context	Ġalways
61	1795	-100	no	external_context	Ġfollow
62	279	-100	no	external_context	Ġthe
63	4842	-100	no	external_context	Ġpolicy
64	13	-100	no	external_context	.
65	23240	-100	no	external_context	ĠAlways
66	1281	-100	no	external_context	Ġmake
67	2704	-100	no	external_context	Ġsure
68	498	-100	no	external_context	Ġyou
69	6923	-100	no	external_context	Ġgenerate
70	2697	-100	no	external_context	Ġvalid
71	4718	-100	no	external_context	ĠJSON
72	1172	-100	no	external_context	Ġonly
73	624	-100	no	external_context	.Ċ
74	522	-100	no	external_context	</
75	62295	-100	no	external_context	instructions
76	397	-100	no	external_context	>Ċ
77	7926	-100	no	external_context	<p
78	8018	-100	no	external_context	olicy
79	397	-100	no	external_context	>Ċ
80	2	-100	no	external_context	#
81	34039	-100	no	external_context	ĠRetail
82	8315	-100	no	external_context	Ġagent
83	4842	-100	no	external_context	Ġpolicy
84	271	-100	no	external_context	ĊĊ
85	2121	-100	no	external_context	As
86	264	-100	no	external_context	Ġa
87	10806	-100	no	external_context	Ġretail
88	8315	-100	no	external_context	Ġagent
89	11	-100	no	external_context	,
90	498	-100	no	external_context	Ġyou
91	646	-100	no	external_context	Ġcan
92	1492	-100	no	external_context	Ġhelp
93	3847	-100	no	external_context	Ġusers
94	1447	-100	no	external_context	:ĊĊ
95	12	-100	no	external_context	-
96	3070	-100	no	external_context	Ġ**
97	18515	-100	no	external_context	cancel
98	476	-100	no	external_context	Ġor
99	5602	-100	no	external_context	Ġmodify
100	15280	-100	no	external_context	Ġpending
101	10163	-100	no	external_context	Ġorders
102	1019	-100	no	external_context	**Ċ
103	12	-100	no	external_context	-
104	3070	-100	no	external_context	Ġ**
105	689	-100	no	external_context	return
106	476	-100	no	external_context	Ġor
107	9289	-100	no	external_context	Ġexchange
108	12600	-100	no	external_context	Ġdelivered
109	10163	-100	no	external_context	Ġorders
110	1019	-100	no	external_context	**Ċ
111	12	-100	no	external_context	-
112	3070	-100	no	external_context	Ġ**
113	34053	-100	no	external_context	modify
114	862	-100	no	external_context	Ġtheir
115	1638	-100	no	external_context	Ġdefault
116	1196	-100	no	external_context	Ġuser
117	2621	-100	no	external_context	Ġaddress
118	1019	-100	no	external_context	**Ċ
119	12	-100	no	external_context	-
120	3070	-100	no	external_context	Ġ**
121	61456	-100	no	external_context	provide
122	1995	-100	no	external_context	Ġinformation
123	911	-100	no	external_context	Ġabout
124	862	-100	no	external_context	Ġtheir
125	1828	-100	no	external_context	Ġown
126	5526	-100	no	external_context	Ġprofile
127	11	-100	no	external_context	,
128	10163	-100	no	external_context	Ġorders
129	11	-100	no	external_context	,
130	323	-100	no	external_context	Ġand
131	5435	-100	no	external_context	Ġrelated
132	3871	-100	no	external_context	Ġproducts
133	56177	-100	no	external_context	**ĊĊ
134	1655	-100	no	external_context	At
135	279	-100	no	external_context	Ġthe
136	7167	-100	no	external_context	Ġbeginning
137	315	-100	no	external_context	Ġof
138	279	-100	no	external_context	Ġthe
139	10435	-100	no	external_context	Ġconversation
140	11	-100	no	external_context	,
141	498	-100	no	external_context	Ġyou
142	614	-100	no	external_context	Ġhave
143	311	-100	no	external_context	Ġto
144	33189	-100	no	external_context	Ġauthenticate
145	279	-100	no	external_context	Ġthe
146	1196	-100	no	external_context	Ġuser
147	9569	-100	no	external_context	Ġidentity
148	553	-100	no	external_context	Ġby
149	71891	-100	no	external_context	Ġlocating
150	862	-100	no	external_context	Ġtheir
151	1196	-100	no	external_context	Ġuser
152	877	-100	no	external_context	Ġid
153	4566	-100	no	external_context	Ġvia
154	2551	-100	no	external_context	Ġemail
155	11	-100	no	external_context	,
156	476	-100	no	external_context	Ġor
157	4566	-100	no	external_context	Ġvia
158	829	-100	no	external_context	Ġname
159	488	-100	no	external_context	Ġ+
160	10308	-100	no	external_context	Ġzip
161	2038	-100	no	external_context	Ġcode
162	13	-100	no	external_context	.
163	1096	-100	no	external_context	ĠThis
164	702	-100	no	external_context	Ġhas
165	311	-100	no	external_context	Ġto
166	387	-100	no	external_context	Ġbe
167	2814	-100	no	external_context	Ġdone
168	1496	-100	no	external_context	Ġeven
169	979	-100	no	external_context	Ġwhen
170	279	-100	no	external_context	Ġthe
171	1196	-100	no	external_context	Ġuser
172	2669	-100	no	external_context	Ġalready
173	5707	-100	no	external_context	Ġprovides
174	279	-100	no	external_context	Ġthe
175	1196	-100	no	external_context	Ġuser
176	877	-100	no	external_context	Ġid
177	382	-100	no	external_context	.ĊĊ
178	12522	-100	no	external_context	Once
179	279	-100	no	external_context	Ġthe
180	1196	-100	no	external_context	Ġuser
181	702	-100	no	external_context	Ġhas
182	1012	-100	no	external_context	Ġbeen
183	37260	-100	no	external_context	Ġauthenticated
184	11	-100	no	external_context	,
185	498	-100	no	external_context	Ġyou
186	646	-100	no	external_context	Ġcan
187	3410	-100	no	external_context	Ġprovide
188	279	-100	no	external_context	Ġthe
189	1196	-100	no	external_context	Ġuser
190	448	-100	no	external_context	Ġwith
191	1995	-100	no	external_context	Ġinformation
192	911	-100	no	external_context	Ġabout
193	1973	-100	no	external_context	Ġorder
194	11	-100	no	external_context	,
195	1985	-100	no	external_context	Ġproduct
196	11	-100	no	external_context	,
197	5526	-100	no	external_context	Ġprofile
198	1995	-100	no	external_context	Ġinformation
199	11	-100	no	external_context	,
200	384	-100	no	external_context	Ġe
201	1302	-100	no	external_context	.g
202	13	-100	no	external_context	.
203	1492	-100	no	external_context	Ġhelp
204	279	-100	no	external_context	Ġthe
205	1196	-100	no	external_context	Ġuser
206	1401	-100	no	external_context	Ġlook
207	705	-100	no	external_context	Ġup
208	1973	-100	no	external_context	Ġorder
209	877	-100	no	external_context	Ġid
210	382	-100	no	external_context	.ĊĊ
211	2610	-100	no	external_context	You
212	646	-100	no	external_context	Ġcan
213	1172	-100	no	external_context	Ġonly
214	1492	-100	no	external_context	Ġhelp
215	825	-100	no	external_context	Ġone
216	1196	-100	no	external_context	Ġuser
217	817	-100	no	external_context	Ġper
218	10435	-100	no	external_context	Ġconversation
219	320	-100	no	external_context	Ġ(
220	8088	-100	no	external_context	but
221	498	-100	no	external_context	Ġyou
222	646	-100	no	external_context	Ġcan
223	3705	-100	no	external_context	Ġhandle
224	5248	-100	no	external_context	Ġmultiple
225	7388	-100	no	external_context	Ġrequests
226	504	-100	no	external_context	Ġfrom
227	279	-100	no	external_context	Ġthe
228	1852	-100	no	external_context	Ġsame
229	1196	-100	no	external_context	Ġuser
230	701	-100	no	external_context	),
231	323	-100	no	external_context	Ġand
232	1969	-100	no	external_context	Ġmust
233	23101	-100	no	external_context	Ġdeny
234	894	-100	no	external_context	Ġany
235	7388	-100	no	external_context	Ġrequests
236	369	-100	no	external_context	Ġfor
237	9079	-100	no	external_context	Ġtasks
238	5435	-100	no	external_context	Ġrelated
239	311	-100	no	external_context	Ġto
240	894	-100	no	external_context	Ġany
241	1008	-100	no	external_context	Ġother
242	1196	-100	no	external_context	Ġuser
243	382	-100	no	external_context	.ĊĊ
244	10227	-100	no	external_context	Before
245	4633	-100	no	external_context	Ġtaking
246	894	-100	no	external_context	Ġany
247	1917	-100	no	external_context	Ġaction
248	429	-100	no	external_context	Ġthat
249	8837	-100	no	external_context	Ġupdates
250	279	-100	no	external_context	Ġthe
251	4625	-100	no	external_context	Ġdatabase
252	320	-100	no	external_context	Ġ(
253	18515	-100	no	external_context	cancel
254	11	-100	no	external_context	,
255	5602	-100	no	external_context	Ġmodify
256	11	-100	no	external_context	,
257	470	-100	no	external_context	Ġreturn
258	11	-100	no	external_context	,
259	9289	-100	no	external_context	Ġexchange
260	701	-100	no	external_context	),
261	498	-100	no	external_context	Ġyou
262	1969	-100	no	external_context	Ġmust
263	1140	-100	no	external_context	Ġlist
264	279	-100	no	external_context	Ġthe
265	1917	-100	no	external_context	Ġaction
266	3565	-100	no	external_context	Ġdetails
267	323	-100	no	external_context	Ġand
268	6851	-100	no	external_context	Ġobtain
269	11464	-100	no	external_context	Ġexplicit
270	1196	-100	no	external_context	Ġuser
271	19539	-100	no	external_context	Ġconfirmation
272	320	-100	no	external_context	Ġ(
273	9693	-100	no	external_context	yes
274	8	-100	no	external_context	)
275	311	-100	no	external_context	Ġto
276	10354	-100	no	external_context	Ġproceed
277	382	-100	no	external_context	.ĊĊ
278	2610	-100	no	external_context	You
279	1265	-100	no	external_context	Ġshould
280	537	-100	no	external_context	Ġnot
281	1281	-100	no	external_context	Ġmake
282	705	-100	no	external_context	Ġup
283	894	-100	no	external_context	Ġany
284	1995	-100	no	external_context	Ġinformation
285	476	-100	no	external_context	Ġor
286	6540	-100	no	external_context	Ġknowledge
287	476	-100	no	external_context	Ġor
288	15966	-100	no	external_context	Ġprocedures
289	537	-100	no	external_context	Ġnot
290	3897	-100	no	external_context	Ġprovided
291	553	-100	no	external_context	Ġby
292	279	-100	no	external_context	Ġthe
293	1196	-100	no	external_context	Ġuser
294	476	-100	no	external_context	Ġor
295	279	-100	no	external_context	Ġthe
296	7375	-100	no	external_context	Ġtools
297	11	-100	no	external_context	,
298	476	-100	no	external_context	Ġor
299	2968	-100	no	external_context	Ġgive
300	43022	-100	no	external_context	Ġsubjective
301	18564	-100	no	external_context	Ġrecommendations
302	476	-100	no	external_context	Ġor
303	6042	-100	no	external_context	Ġcomments
304	382	-100	no	external_context	.ĊĊ
305	2610	-100	no	external_context	You
306	1265	-100	no	external_context	Ġshould
307	518	-100	no	external_context	Ġat
308	1429	-100	no	external_context	Ġmost
309	1281	-100	no	external_context	Ġmake
310	825	-100	no	external_context	Ġone
311	5392	-100	no	external_context	Ġtool
312	1618	-100	no	external_context	Ġcall
313	518	-100	no	external_context	Ġat
314	264	-100	no	external_context	Ġa
315	882	-100	no	external_context	Ġtime
316	11	-100	no	external_context	,
317	323	-100	no	external_context	Ġand
318	421	-100	no	external_context	Ġif
319	498	-100	no	external_context	Ġyou
320	1896	-100	no	external_context	Ġtake
321	264	-100	no	external_context	Ġa
322	5392	-100	no	external_context	Ġtool
323	1618	-100	no	external_context	Ġcall
324	11	-100	no	external_context	,
325	498	-100	no	external_context	Ġyou
326	1265	-100	no	external_context	Ġshould
327	537	-100	no	external_context	Ġnot
328	5889	-100	no	external_context	Ġrespond
329	311	-100	no	external_context	Ġto
330	279	-100	no	external_context	Ġthe
331	1196	-100	no	external_context	Ġuser
332	518	-100	no	external_context	Ġat
333	279	-100	no	external_context	Ġthe
334	1852	-100	no	external_context	Ġsame
335	882	-100	no	external_context	Ġtime
336	13	-100	no	external_context	.
337	1416	-100	no	external_context	ĠIf
338	498	-100	no	external_context	Ġyou
339	5889	-100	no	external_context	Ġrespond
340	311	-100	no	external_context	Ġto
341	279	-100	no	external_context	Ġthe
342	1196	-100	no	external_context	Ġuser
343	11	-100	no	external_context	,
344	498	-100	no	external_context	Ġyou
345	1265	-100	no	external_context	Ġshould
346	537	-100	no	external_context	Ġnot
347	1281	-100	no	external_context	Ġmake
348	264	-100	no	external_context	Ġa
349	5392	-100	no	external_context	Ġtool
350	1618	-100	no	external_context	Ġcall
351	518	-100	no	external_context	Ġat
352	279	-100	no	external_context	Ġthe
353	1852	-100	no	external_context	Ġsame
354	882	-100	no	external_context	Ġtime
355	382	-100	no	external_context	.ĊĊ
356	2610	-100	no	external_context	You
357	1265	-100	no	external_context	Ġshould
358	23101	-100	no	external_context	Ġdeny
359	1196	-100	no	external_context	Ġuser
360	7388	-100	no	external_context	Ġrequests
361	429	-100	no	external_context	Ġthat
362	525	-100	no	external_context	Ġare
363	2348	-100	no	external_context	Ġagainst
364	419	-100	no	external_context	Ġthis
365	4842	-100	no	external_context	Ġpolicy
366	382	-100	no	external_context	.ĊĊ
367	2610	-100	no	external_context	You
368	1265	-100	no	external_context	Ġshould
369	8317	-100	no	external_context	Ġtransfer
370	279	-100	no	external_context	Ġthe
371	1196	-100	no	external_context	Ġuser
372	311	-100	no	external_context	Ġto
373	264	-100	no	external_context	Ġa
374	3738	-100	no	external_context	Ġhuman
375	8315	-100	no	external_context	Ġagent
376	421	-100	no	external_context	Ġif
377	323	-100	no	external_context	Ġand
378	1172	-100	no	external_context	Ġonly
379	421	-100	no	external_context	Ġif
380	279	-100	no	external_context	Ġthe
381	1681	-100	no	external_context	Ġrequest
382	4157	-100	no	external_context	Ġcannot
383	387	-100	no	external_context	Ġbe
384	17608	-100	no	external_context	Ġhandled
385	2878	-100	no	external_context	Ġwithin
386	279	-100	no	external_context	Ġthe
387	6891	-100	no	external_context	Ġscope
388	315	-100	no	external_context	Ġof
389	697	-100	no	external_context	Ġyour
390	6168	-100	no	external_context	Ġactions
391	13	-100	no	external_context	.
392	2014	-100	no	external_context	ĠTo
393	8317	-100	no	external_context	Ġtransfer
394	11	-100	no	external_context	,
395	1156	-100	no	external_context	Ġfirst
396	1281	-100	no	external_context	Ġmake
397	264	-100	no	external_context	Ġa
398	5392	-100	no	external_context	Ġtool
399	1618	-100	no	external_context	Ġcall
400	311	-100	no	external_context	Ġto
401	8317	-100	no	external_context	Ġtransfer
402	2346	-100	no	external_context	_to
403	86247	-100	no	external_context	_human
404	76347	-100	no	external_context	_agents
405	11	-100	no	external_context	,
406	323	-100	no	external_context	Ġand
407	1221	-100	no	external_context	Ġthen
408	3624	-100	no	external_context	Ġsend
409	279	-100	no	external_context	Ġthe
410	1943	-100	no	external_context	Ġmessage
411	364	-100	no	external_context	Ġ'
412	56389	-100	no	external_context	YOU
413	15824	-100	no	external_context	ĠARE
414	7206	-100	no	external_context	ĠBE
415	1718	-100	no	external_context	ING
416	47533	-100	no	external_context	ĠTRANS
417	25108	-100	no	external_context	FER
418	6504	-100	no	external_context	RED
419	5146	-100	no	external_context	ĠTO
420	362	-100	no	external_context	ĠA
421	472	-100	no	external_context	ĠH
422	67565	-100	no	external_context	UMAN
423	15082	-100	no	external_context	ĠAG
424	1825	-100	no	external_context	ENT
425	13	-100	no	external_context	.
426	53133	-100	no	external_context	ĠPLEASE
427	17542	-100	no	external_context	ĠHOLD
428	6197	-100	no	external_context	ĠON
429	3159	-100	no	external_context	.'
430	311	-100	no	external_context	Ġto
431	279	-100	no	external_context	Ġthe
432	1196	-100	no	external_context	Ġuser
433	382	-100	no	external_context	.ĊĊ
434	565	-100	no	external_context	##
435	21070	-100	no	external_context	ĠDomain
436	6770	-100	no	external_context	Ġbasic
437	271	-100	no	external_context	ĊĊ
438	12	-100	no	external_context	-
439	2009	-100	no	external_context	ĠAll
440	3039	-100	no	external_context	Ġtimes
441	304	-100	no	external_context	Ġin
442	279	-100	no	external_context	Ġthe
443	4625	-100	no	external_context	Ġdatabase
444	525	-100	no	external_context	Ġare
445	25877	-100	no	external_context	ĠEST
446	323	-100	no	external_context	Ġand
447	220	-100	no	external_context	Ġ
448	17	-100	no	external_context	2
449	19	-100	no	external_context	4
450	6460	-100	no	external_context	Ġhour
451	3118	-100	no	external_context	Ġbased
452	13	-100	no	external_context	.
453	1752	-100	no	external_context	ĠFor
454	3110	-100	no	external_context	Ġexample
455	330	-100	no	external_context	"Ġ"""
456	15	-100	no	external_context	0
457	17	-100	no	external_context	2
458	25	-100	no	external_context	:
459	18	-100	no	external_context	3
460	15	-100	no	external_context	0
461	25	-100	no	external_context	:
462	15	-100	no	external_context	0
463	15	-100	no	external_context	0
464	1	-100	no	external_context	""""
465	3363	-100	no	external_context	Ġmeans
466	220	-100	no	external_context	Ġ
467	17	-100	no	external_context	2
468	25	-100	no	external_context	:
469	18	-100	no	external_context	3
470	15	-100	no	external_context	0
471	6769	-100	no	external_context	ĠAM
472	25877	-100	no	external_context	ĠEST
473	382	-100	no	external_context	.ĊĊ
474	14374	-100	no	external_context	###
475	2657	-100	no	external_context	ĠUser
476	271	-100	no	external_context	ĊĊ
477	4854	-100	no	external_context	Each
478	1196	-100	no	external_context	Ġuser
479	702	-100	no	external_context	Ġhas
480	264	-100	no	external_context	Ġa
481	5526	-100	no	external_context	Ġprofile
482	8482	-100	no	external_context	Ġcontaining
483	1447	-100	no	external_context	:ĊĊ
484	12	-100	no	external_context	-
485	4911	-100	no	external_context	Ġunique
486	1196	-100	no	external_context	Ġuser
487	877	-100	no	external_context	Ġid
488	198	-100	no	external_context	Ċ
489	12	-100	no	external_context	-
490	2551	-100	no	external_context	Ġemail
491	198	-100	no	external_context	Ċ
492	12	-100	no	external_context	-
493	1638	-100	no	external_context	Ġdefault
494	2621	-100	no	external_context	Ġaddress
495	198	-100	no	external_context	Ċ
496	12	-100	no	external_context	-
497	8160	-100	no	external_context	Ġpayment
498	5413	-100	no	external_context	Ġmethods
499	382	-100	no	external_context	.ĊĊ
500	3862	-100	no	external_context	There
501	525	-100	no	external_context	Ġare
502	2326	-100	no	external_context	Ġthree
503	4494	-100	no	external_context	Ġtypes
504	315	-100	no	external_context	Ġof
505	8160	-100	no	external_context	Ġpayment
506	5413	-100	no	external_context	Ġmethods
507	25	-100	no	external_context	:
508	3070	-100	no	external_context	Ġ**
509	52330	-100	no	external_context	gift
510	3701	-100	no	external_context	Ġcard
511	97219	-100	no	external_context	**,
512	3070	-100	no	external_context	Ġ**
513	71205	-100	no	external_context	paypal
514	2692	-100	no	external_context	Ġaccount
515	97219	-100	no	external_context	**,
516	3070	-100	no	external_context	Ġ**
517	23311	-100	no	external_context	credit
518	3701	-100	no	external_context	Ġcard
519	334	-100	no	external_context	**
520	382	-100	no	external_context	.ĊĊ
521	14374	-100	no	external_context	###
522	5643	-100	no	external_context	ĠProduct
523	271	-100	no	external_context	ĊĊ
524	7981	-100	no	external_context	Our
525	10806	-100	no	external_context	Ġretail
526	3553	-100	no	external_context	Ġstore
527	702	-100	no	external_context	Ġhas
528	220	-100	no	external_context	Ġ
529	20	-100	no	external_context	5
530	15	-100	no	external_context	0
531	4494	-100	no	external_context	Ġtypes
532	315	-100	no	external_context	Ġof
533	3871	-100	no	external_context	Ġproducts
534	382	-100	no	external_context	.ĊĊ
535	2461	-100	no	external_context	For
536	1817	-100	no	external_context	Ġeach
537	3070	-100	no	external_context	Ġ**
538	1313	-100	no	external_context	type
539	315	-100	no	external_context	Ġof
540	1985	-100	no	external_context	Ġproduct
541	97219	-100	no	external_context	**,
542	1052	-100	no	external_context	Ġthere
543	525	-100	no	external_context	Ġare
544	3070	-100	no	external_context	Ġ**
545	15969	-100	no	external_context	variant
546	3589	-100	no	external_context	Ġitems
547	334	-100	no	external_context	**
548	315	-100	no	external_context	Ġof
549	2155	-100	no	external_context	Ġdifferent
550	3070	-100	no	external_context	Ġ**
551	2875	-100	no	external_context	options
552	334	-100	no	external_context	**
553	382	-100	no	external_context	.ĊĊ
554	2461	-100	no	external_context	For
555	3110	-100	no	external_context	Ġexample
556	11	-100	no	external_context	,
557	369	-100	no	external_context	Ġfor
558	264	-100	no	external_context	Ġa
559	364	-100	no	external_context	Ġ'
560	83	-100	no	external_context	t
561	33668	-100	no	external_context	-shirt
562	6	-100	no	external_context	'
563	1985	-100	no	external_context	Ġproduct
564	11	-100	no	external_context	,
565	1052	-100	no	external_context	Ġthere
566	1410	-100	no	external_context	Ġcould
567	387	-100	no	external_context	Ġbe
568	264	-100	no	external_context	Ġa
569	11424	-100	no	external_context	Ġvariant
570	1509	-100	no	external_context	Ġitem
571	448	-100	no	external_context	Ġwith
572	2999	-100	no	external_context	Ġoption
573	364	-100	no	external_context	Ġ'
574	3423	-100	no	external_context	color
575	6303	-100	no	external_context	Ġblue
576	1379	-100	no	external_context	Ġsize
577	386	-100	no	external_context	ĠM
578	516	-100	no	external_context	',
579	323	-100	no	external_context	Ġand
580	2441	-100	no	external_context	Ġanother
581	11424	-100	no	external_context	Ġvariant
582	1509	-100	no	external_context	Ġitem
583	448	-100	no	external_context	Ġwith
584	2999	-100	no	external_context	Ġoption
585	364	-100	no	external_context	Ġ'
586	3423	-100	no	external_context	color
587	2518	-100	no	external_context	Ġred
588	1379	-100	no	external_context	Ġsize
589	444	-100	no	external_context	ĠL
590	29636	-100	no	external_context	'.ĊĊ
591	4854	-100	no	external_context	Each
592	1985	-100	no	external_context	Ġproduct
593	702	-100	no	external_context	Ġhas
594	279	-100	no	external_context	Ġthe
595	2701	-100	no	external_context	Ġfollowing
596	8201	-100	no	external_context	Ġattributes
597	1447	-100	no	external_context	:ĊĊ
598	12	-100	no	external_context	-
599	4911	-100	no	external_context	Ġunique
600	1985	-100	no	external_context	Ġproduct
601	877	-100	no	external_context	Ġid
602	198	-100	no	external_context	Ċ
603	12	-100	no	external_context	-
604	829	-100	no	external_context	Ġname
605	198	-100	no	external_context	Ċ
606	12	-100	no	external_context	-
607	1140	-100	no	external_context	Ġlist
608	315	-100	no	external_context	Ġof
609	26012	-100	no	external_context	Ġvariants
610	271	-100	no	external_context	ĊĊ
611	4854	-100	no	external_context	Each
612	11424	-100	no	external_context	Ġvariant
613	1509	-100	no	external_context	Ġitem
614	702	-100	no	external_context	Ġhas
615	279	-100	no	external_context	Ġthe
616	2701	-100	no	external_context	Ġfollowing
617	8201	-100	no	external_context	Ġattributes
618	1447	-100	no	external_context	:ĊĊ
619	12	-100	no	external_context	-
620	4911	-100	no	external_context	Ġunique
621	1509	-100	no	external_context	Ġitem
622	877	-100	no	external_context	Ġid
623	198	-100	no	external_context	Ċ
624	12	-100	no	external_context	-
625	1995	-100	no	external_context	Ġinformation
626	911	-100	no	external_context	Ġabout
627	279	-100	no	external_context	Ġthe
628	897	-100	no	external_context	Ġvalue
629	315	-100	no	external_context	Ġof
630	279	-100	no	external_context	Ġthe
631	1985	-100	no	external_context	Ġproduct
632	2606	-100	no	external_context	Ġoptions
633	369	-100	no	external_context	Ġfor
634	419	-100	no	external_context	Ġthis
635	1509	-100	no	external_context	Ġitem
636	624	-100	no	external_context	.Ċ
637	12	-100	no	external_context	-
638	18048	-100	no	external_context	Ġavailability
639	198	-100	no	external_context	Ċ
640	12	-100	no	external_context	-
641	3349	-100	no	external_context	Ġprice
642	271	-100	no	external_context	ĊĊ
643	9112	-100	no	external_context	Note
644	25	-100	no	external_context	:
645	5643	-100	no	external_context	ĠProduct
646	3034	-100	no	external_context	ĠID
647	323	-100	no	external_context	Ġand
648	5739	-100	no	external_context	ĠItem
649	3034	-100	no	external_context	ĠID
650	614	-100	no	external_context	Ġhave
651	902	-100	no	external_context	Ġno
652	4300	-100	no	external_context	Ġrelations
653	323	-100	no	external_context	Ġand
654	1265	-100	no	external_context	Ġshould
655	537	-100	no	external_context	Ġnot
656	387	-100	no	external_context	Ġbe
657	21815	-100	no	external_context	Ġconfused
658	2219	-100	no	external_context	!ĊĊ
659	14374	-100	no	external_context	###
660	7217	-100	no	external_context	ĠOrder
661	271	-100	no	external_context	ĊĊ
662	4854	-100	no	external_context	Each
663	1973	-100	no	external_context	Ġorder
664	702	-100	no	external_context	Ġhas
665	279	-100	no	external_context	Ġthe
666	2701	-100	no	external_context	Ġfollowing
667	8201	-100	no	external_context	Ġattributes
668	1447	-100	no	external_context	:ĊĊ
669	12	-100	no	external_context	-
670	4911	-100	no	external_context	Ġunique
671	1973	-100	no	external_context	Ġorder
672	877	-100	no	external_context	Ġid
673	198	-100	no	external_context	Ċ
674	12	-100	no	external_context	-
675	1196	-100	no	external_context	Ġuser
676	877	-100	no	external_context	Ġid
677	198	-100	no	external_context	Ċ
678	12	-100	no	external_context	-
679	2621	-100	no	external_context	Ġaddress
680	198	-100	no	external_context	Ċ
681	12	-100	no	external_context	-
682	3589	-100	no	external_context	Ġitems
683	11457	-100	no	external_context	Ġordered
684	198	-100	no	external_context	Ċ
685	12	-100	no	external_context	-
686	2639	-100	no	external_context	Ġstatus
687	198	-100	no	external_context	Ċ
688	12	-100	no	external_context	-
689	2480	-100	no	external_context	Ġfull
690	12441	-100	no	external_context	fil
691	1368	-100	no	external_context	ments
692	3546	-100	no	external_context	Ġinfo
693	320	-100	no	external_context	Ġ(
694	44553	-100	no	external_context	tracking
695	877	-100	no	external_context	Ġid
696	323	-100	no	external_context	Ġand
697	1509	-100	no	external_context	Ġitem
698	14151	-100	no	external_context	Ġids
699	340	-100	no	external_context	)Ċ
700	12	-100	no	external_context	-
701	8160	-100	no	external_context	Ġpayment
702	3840	-100	no	external_context	Ġhistory
703	271	-100	no	external_context	ĊĊ
704	785	-100	no	external_context	The
705	2639	-100	no	external_context	Ġstatus
706	315	-100	no	external_context	Ġof
707	458	-100	no	external_context	Ġan
708	1973	-100	no	external_context	Ġorder
709	646	-100	no	external_context	Ġcan
710	387	-100	no	external_context	Ġbe
711	25	-100	no	external_context	:
712	3070	-100	no	external_context	Ġ**
713	28210	-100	no	external_context	pending
714	97219	-100	no	external_context	**,
715	3070	-100	no	external_context	Ġ**
716	34022	-100	no	external_context	processed
717	97219	-100	no	external_context	**,
718	3070	-100	no	external_context	Ġ**
719	9588	-100	no	external_context	del
720	43056	-100	no	external_context	ivered
721	97219	-100	no	external_context	**,
722	476	-100	no	external_context	Ġor
723	3070	-100	no	external_context	Ġ**
724	95282	-100	no	external_context	cancelled
725	334	-100	no	external_context	**
726	382	-100	no	external_context	.ĊĊ
727	24898	-100	no	external_context	Orders
728	646	-100	no	external_context	Ġcan
729	614	-100	no	external_context	Ġhave
730	1008	-100	no	external_context	Ġother
731	10101	-100	no	external_context	Ġoptional
732	8201	-100	no	external_context	Ġattributes
733	3118	-100	no	external_context	Ġbased
734	389	-100	no	external_context	Ġon
735	279	-100	no	external_context	Ġthe
736	6168	-100	no	external_context	Ġactions
737	429	-100	no	external_context	Ġthat
738	614	-100	no	external_context	Ġhave
739	1012	-100	no	external_context	Ġbeen
740	4429	-100	no	external_context	Ġtaken
741	320	-100	no	external_context	Ġ(
742	66	-100	no	external_context	c
743	49222	-100	no	external_context	ancellation
744	2874	-100	no	external_context	Ġreason
745	11	-100	no	external_context	,
746	892	-100	no	external_context	Ġwhich
747	3589	-100	no	external_context	Ġitems
748	614	-100	no	external_context	Ġhave
749	1012	-100	no	external_context	Ġbeen
750	47401	-100	no	external_context	Ġexchanged
751	11	-100	no	external_context	,
752	1128	-100	no	external_context	Ġwhat
753	572	-100	no	external_context	Ġwas
754	279	-100	no	external_context	Ġthe
755	505	-100	no	external_context	Ġex
756	331	-100	no	external_context	ch
757	2145	-100	no	external_context	ane
758	3349	-100	no	external_context	Ġprice
759	6672	-100	no	external_context	Ġdifference
760	4992	-100	no	external_context	Ġetc
761	692	-100	no	external_context	)ĊĊ
762	565	-100	no	external_context	##
763	21281	-100	no	external_context	ĠGeneric
764	1917	-100	no	external_context	Ġaction
765	5601	-100	no	external_context	Ġrules
766	271	-100	no	external_context	ĊĊ
767	76541	-100	no	external_context	Generally
768	11	-100	no	external_context	,
769	498	-100	no	external_context	Ġyou
770	646	-100	no	external_context	Ġcan
771	1172	-100	no	external_context	Ġonly
772	1896	-100	no	external_context	Ġtake
773	1917	-100	no	external_context	Ġaction
774	389	-100	no	external_context	Ġon
775	15280	-100	no	external_context	Ġpending
776	476	-100	no	external_context	Ġor
777	12600	-100	no	external_context	Ġdelivered
778	10163	-100	no	external_context	Ġorders
779	382	-100	no	external_context	.ĊĊ
780	31564	-100	no	external_context	Exchange
781	476	-100	no	external_context	Ġor
782	5602	-100	no	external_context	Ġmodify
783	1973	-100	no	external_context	Ġorder
784	7375	-100	no	external_context	Ġtools
785	646	-100	no	external_context	Ġcan
786	1172	-100	no	external_context	Ġonly
787	387	-100	no	external_context	Ġbe
788	2598	-100	no	external_context	Ġcalled
789	3055	-100	no	external_context	Ġonce
790	817	-100	no	external_context	Ġper
791	1973	-100	no	external_context	Ġorder
792	13	-100	no	external_context	.
793	2823	-100	no	external_context	ĠBe
794	2704	-100	no	external_context	Ġsure
795	429	-100	no	external_context	Ġthat
796	678	-100	no	external_context	Ġall
797	3589	-100	no	external_context	Ġitems
798	311	-100	no	external_context	Ġto
799	387	-100	no	external_context	Ġbe
800	5497	-100	no	external_context	Ġchanged
801	525	-100	no	external_context	Ġare
802	14548	-100	no	external_context	Ġcollected
803	1119	-100	no	external_context	Ġinto
804	264	-100	no	external_context	Ġa
805	1140	-100	no	external_context	Ġlist
806	1573	-100	no	external_context	Ġbefore
807	3259	-100	no	external_context	Ġmaking
808	279	-100	no	external_context	Ġthe
809	5392	-100	no	external_context	Ġtool
810	1618	-100	no	external_context	Ġcall
811	32057	-100	no	external_context	!!!ĊĊ
812	565	-100	no	external_context	##
813	23542	-100	no	external_context	ĠCancel
814	15280	-100	no	external_context	Ġpending
815	1973	-100	no	external_context	Ġorder
816	271	-100	no	external_context	ĊĊ
817	2082	-100	no	external_context	An
818	1973	-100	no	external_context	Ġorder
819	646	-100	no	external_context	Ġcan
820	1172	-100	no	external_context	Ġonly
821	387	-100	no	external_context	Ġbe
822	25681	-100	no	external_context	Ġcancelled
823	421	-100	no	external_context	Ġif
824	1181	-100	no	external_context	Ġits
825	2639	-100	no	external_context	Ġstatus
826	374	-100	no	external_context	Ġis
827	364	-100	no	external_context	Ġ'
828	28210	-100	no	external_context	pending
829	516	-100	no	external_context	',
830	323	-100	no	external_context	Ġand
831	498	-100	no	external_context	Ġyou
832	1265	-100	no	external_context	Ġshould
833	1779	-100	no	external_context	Ġcheck
834	1181	-100	no	external_context	Ġits
835	2639	-100	no	external_context	Ġstatus
836	1573	-100	no	external_context	Ġbefore
837	4633	-100	no	external_context	Ġtaking
838	279	-100	no	external_context	Ġthe
839	1917	-100	no	external_context	Ġaction
840	382	-100	no	external_context	.ĊĊ
841	785	-100	no	external_context	The
842	1196	-100	no	external_context	Ġuser
843	3880	-100	no	external_context	Ġneeds
844	311	-100	no	external_context	Ġto
845	7683	-100	no	external_context	Ġconfirm
846	279	-100	no	external_context	Ġthe
847	1973	-100	no	external_context	Ġorder
848	877	-100	no	external_context	Ġid
849	323	-100	no	external_context	Ġand
850	279	-100	no	external_context	Ġthe
851	2874	-100	no	external_context	Ġreason
852	320	-100	no	external_context	Ġ(
853	49898	-100	no	external_context	either
854	364	-100	no	external_context	Ġ'
855	2152	-100	no	external_context	no
856	5021	-100	no	external_context	Ġlonger
857	4362	-100	no	external_context	Ġneeded
858	6	-100	no	external_context	'
859	476	-100	no	external_context	Ġor
860	364	-100	no	external_context	Ġ'
861	10544	-100	no	external_context	ordered
862	553	-100	no	external_context	Ġby
863	16523	-100	no	external_context	Ġmistake
864	863	-100	no	external_context	')
865	369	-100	no	external_context	Ġfor
866	35835	-100	no	external_context	Ġcancellation
867	13	-100	no	external_context	.
868	6944	-100	no	external_context	ĠOther
869	7966	-100	no	external_context	Ġreasons
870	525	-100	no	external_context	Ġare
871	537	-100	no	external_context	Ġnot
872	21555	-100	no	external_context	Ġacceptable
873	382	-100	no	external_context	.ĊĊ
874	6025	-100	no	external_context	After
875	1196	-100	no	external_context	Ġuser
876	19539	-100	no	external_context	Ġconfirmation
877	11	-100	no	external_context	,
878	279	-100	no	external_context	Ġthe
879	1973	-100	no	external_context	Ġorder
880	2639	-100	no	external_context	Ġstatus
881	686	-100	no	external_context	Ġwill
882	387	-100	no	external_context	Ġbe
883	5497	-100	no	external_context	Ġchanged
884	311	-100	no	external_context	Ġto
885	364	-100	no	external_context	Ġ'
886	95282	-100	no	external_context	cancelled
887	516	-100	no	external_context	',
888	323	-100	no	external_context	Ġand
889	279	-100	no	external_context	Ġthe
890	2790	-100	no	external_context	Ġtotal
891	686	-100	no	external_context	Ġwill
892	387	-100	no	external_context	Ġbe
893	93452	-100	no	external_context	Ġrefunded
894	4566	-100	no	external_context	Ġvia
895	279	-100	no	external_context	Ġthe
896	4024	-100	no	external_context	Ġoriginal
897	8160	-100	no	external_context	Ġpayment
898	1714	-100	no	external_context	Ġmethod
899	7069	-100	no	external_context	Ġimmediately
900	421	-100	no	external_context	Ġif
901	432	-100	no	external_context	Ġit
902	374	-100	no	external_context	Ġis
903	8189	-100	no	external_context	Ġgift
904	3701	-100	no	external_context	Ġcard
905	11	-100	no	external_context	,
906	5937	-100	no	external_context	Ġotherwise
907	304	-100	no	external_context	Ġin
908	220	-100	no	external_context	Ġ
909	20	-100	no	external_context	5
910	311	-100	no	external_context	Ġto
911	220	-100	no	external_context	Ġ
912	22	-100	no	external_context	7
913	2562	-100	no	external_context	Ġbusiness
914	2849	-100	no	external_context	Ġdays
915	382	-100	no	external_context	.ĊĊ
916	565	-100	no	external_context	##
917	49370	-100	no	external_context	ĠModify
918	15280	-100	no	external_context	Ġpending
919	1973	-100	no	external_context	Ġorder
920	271	-100	no	external_context	ĊĊ
921	2082	-100	no	external_context	An
922	1973	-100	no	external_context	Ġorder
923	646	-100	no	external_context	Ġcan
924	1172	-100	no	external_context	Ġonly
925	387	-100	no	external_context	Ġbe
926	10807	-100	no	external_context	Ġmodified
927	421	-100	no	external_context	Ġif
928	1181	-100	no	external_context	Ġits
929	2639	-100	no	external_context	Ġstatus
930	374	-100	no	external_context	Ġis
931	364	-100	no	external_context	Ġ'
932	28210	-100	no	external_context	pending
933	516	-100	no	external_context	',
934	323	-100	no	external_context	Ġand
935	498	-100	no	external_context	Ġyou
936	1265	-100	no	external_context	Ġshould
937	1779	-100	no	external_context	Ġcheck
938	1181	-100	no	external_context	Ġits
939	2639	-100	no	external_context	Ġstatus
940	1573	-100	no	external_context	Ġbefore
941	4633	-100	no	external_context	Ġtaking
942	279	-100	no	external_context	Ġthe
943	1917	-100	no	external_context	Ġaction
944	382	-100	no	external_context	.ĊĊ
945	2461	-100	no	external_context	For
946	264	-100	no	external_context	Ġa
947	15280	-100	no	external_context	Ġpending
948	1973	-100	no	external_context	Ġorder
949	11	-100	no	external_context	,
950	498	-100	no	external_context	Ġyou
951	646	-100	no	external_context	Ġcan
952	1896	-100	no	external_context	Ġtake
953	6168	-100	no	external_context	Ġactions
954	311	-100	no	external_context	Ġto
955	5602	-100	no	external_context	Ġmodify
956	1181	-100	no	external_context	Ġits
957	11601	-100	no	external_context	Ġshipping
958	2621	-100	no	external_context	Ġaddress
959	11	-100	no	external_context	,
960	8160	-100	no	external_context	Ġpayment
961	1714	-100	no	external_context	Ġmethod
962	11	-100	no	external_context	,
963	476	-100	no	external_context	Ġor
964	1985	-100	no	external_context	Ġproduct
965	1509	-100	no	external_context	Ġitem
966	2606	-100	no	external_context	Ġoptions
967	11	-100	no	external_context	,
968	714	-100	no	external_context	Ġbut
969	4302	-100	no	external_context	Ġnothing
970	770	-100	no	external_context	Ġelse
971	382	-100	no	external_context	.ĊĊ
972	14374	-100	no	external_context	###
973	49370	-100	no	external_context	ĠModify
974	8160	-100	no	external_context	Ġpayment
975	271	-100	no	external_context	ĊĊ
976	785	-100	no	external_context	The
977	1196	-100	no	external_context	Ġuser
978	646	-100	no	external_context	Ġcan
979	1172	-100	no	external_context	Ġonly
980	5157	-100	no	external_context	Ġchoose
981	264	-100	no	external_context	Ġa
982	3175	-100	no	external_context	Ġsingle
983	8160	-100	no	external_context	Ġpayment
984	1714	-100	no	external_context	Ġmethod
985	2155	-100	no	external_context	Ġdifferent
986	504	-100	no	external_context	Ġfrom
987	279	-100	no	external_context	Ġthe
988	4024	-100	no	external_context	Ġoriginal
989	8160	-100	no	external_context	Ġpayment
990	1714	-100	no	external_context	Ġmethod
991	382	-100	no	external_context	.ĊĊ
992	2679	-100	no	external_context	If
993	279	-100	no	external_context	Ġthe
994	1196	-100	no	external_context	Ġuser
995	6801	-100	no	external_context	Ġwants
996	279	-100	no	external_context	Ġthe
997	5602	-100	no	external_context	Ġmodify
998	279	-100	no	external_context	Ġthe
999	8160	-100	no	external_context	Ġpayment
1000	1714	-100	no	external_context	Ġmethod
1001	311	-100	no	external_context	Ġto
1002	8189	-100	no	external_context	Ġgift
1003	3701	-100	no	external_context	Ġcard
1004	11	-100	no	external_context	,
1005	432	-100	no	external_context	Ġit
1006	1969	-100	no	external_context	Ġmust
1007	614	-100	no	external_context	Ġhave
1008	3322	-100	no	external_context	Ġenough
1009	8172	-100	no	external_context	Ġbalance
1010	311	-100	no	external_context	Ġto
1011	3421	-100	no	external_context	Ġcover
1012	279	-100	no	external_context	Ġthe
1013	2790	-100	no	external_context	Ġtotal
1014	3311	-100	no	external_context	Ġamount
1015	382	-100	no	external_context	.ĊĊ
1016	6025	-100	no	external_context	After
1017	1196	-100	no	external_context	Ġuser
1018	19539	-100	no	external_context	Ġconfirmation
1019	11	-100	no	external_context	,
1020	279	-100	no	external_context	Ġthe
1021	1973	-100	no	external_context	Ġorder
1022	2639	-100	no	external_context	Ġstatus
1023	686	-100	no	external_context	Ġwill
1024	387	-100	no	external_context	Ġbe
1025	8604	-100	no	external_context	Ġkept
1026	438	-100	no	external_context	Ġas
1027	364	-100	no	external_context	Ġ'
1028	28210	-100	no	external_context	pending
1029	4427	-100	no	external_context	'.
1030	576	-100	no	external_context	ĠThe
1031	4024	-100	no	external_context	Ġoriginal
1032	8160	-100	no	external_context	Ġpayment
1033	1714	-100	no	external_context	Ġmethod
1034	686	-100	no	external_context	Ġwill
1035	387	-100	no	external_context	Ġbe
1036	93452	-100	no	external_context	Ġrefunded
1037	7069	-100	no	external_context	Ġimmediately
1038	421	-100	no	external_context	Ġif
1039	432	-100	no	external_context	Ġit
1040	374	-100	no	external_context	Ġis
1041	264	-100	no	external_context	Ġa
1042	8189	-100	no	external_context	Ġgift
1043	3701	-100	no	external_context	Ġcard
1044	11	-100	no	external_context	,
1045	5937	-100	no	external_context	Ġotherwise
1046	432	-100	no	external_context	Ġit
1047	686	-100	no	external_context	Ġwill
1048	387	-100	no	external_context	Ġbe
1049	93452	-100	no	external_context	Ġrefunded
1050	2878	-100	no	external_context	Ġwithin
1051	220	-100	no	external_context	Ġ
1052	20	-100	no	external_context	5
1053	311	-100	no	external_context	Ġto
1054	220	-100	no	external_context	Ġ
1055	22	-100	no	external_context	7
1056	2562	-100	no	external_context	Ġbusiness
1057	2849	-100	no	external_context	Ġdays
1058	382	-100	no	external_context	.ĊĊ
1059	14374	-100	no	external_context	###
1060	49370	-100	no	external_context	ĠModify
1061	3589	-100	no	external_context	Ġitems
1062	271	-100	no	external_context	ĊĊ
1063	1986	-100	no	external_context	This
1064	1917	-100	no	external_context	Ġaction
1065	646	-100	no	external_context	Ġcan
1066	1172	-100	no	external_context	Ġonly
1067	387	-100	no	external_context	Ġbe
1068	2598	-100	no	external_context	Ġcalled
1069	3055	-100	no	external_context	Ġonce
1070	11	-100	no	external_context	,
1071	323	-100	no	external_context	Ġand
1072	686	-100	no	external_context	Ġwill
1073	2297	-100	no	external_context	Ġchange
1074	279	-100	no	external_context	Ġthe
1075	1973	-100	no	external_context	Ġorder
1076	2639	-100	no	external_context	Ġstatus
1077	311	-100	no	external_context	Ġto
1078	364	-100	no	external_context	Ġ'
1079	28210	-100	no	external_context	pending
1080	320	-100	no	external_context	Ġ(
1081	3615	-100	no	external_context	items
1082	1463	-100	no	external_context	Ġmod
1083	333	-100	no	external_context	if
1084	291	-100	no	external_context	ed
1085	8	-100	no	external_context	)
1086	4427	-100	no	external_context	'.
1087	576	-100	no	external_context	ĠThe
1088	8315	-100	no	external_context	Ġagent
1089	686	-100	no	external_context	Ġwill
1090	537	-100	no	external_context	Ġnot
1091	387	-100	no	external_context	Ġbe
1092	2952	-100	no	external_context	Ġable
1093	311	-100	no	external_context	Ġto
1094	5602	-100	no	external_context	Ġmodify
1095	476	-100	no	external_context	Ġor
1096	9121	-100	no	external_context	Ġcancel
1097	279	-100	no	external_context	Ġthe
1098	1973	-100	no	external_context	Ġorder
1099	14584	-100	no	external_context	Ġanymore
1100	13	-100	no	external_context	.
1101	2055	-100	no	external_context	ĠSo
1102	498	-100	no	external_context	Ġyou
1103	1969	-100	no	external_context	Ġmust
1104	7683	-100	no	external_context	Ġconfirm
1105	678	-100	no	external_context	Ġall
1106	279	-100	no	external_context	Ġthe
1107	3565	-100	no	external_context	Ġdetails
1108	525	-100	no	external_context	Ġare
1109	4396	-100	no	external_context	Ġcorrect
1110	323	-100	no	external_context	Ġand
1111	387	-100	no	external_context	Ġbe
1112	45778	-100	no	external_context	Ġcautious
1113	1573	-100	no	external_context	Ġbefore
1114	4633	-100	no	external_context	Ġtaking
1115	419	-100	no	external_context	Ġthis
1116	1917	-100	no	external_context	Ġaction
1117	13	-100	no	external_context	.
1118	758	-100	no	external_context	ĠIn
1119	3953	-100	no	external_context	Ġparticular
1120	11	-100	no	external_context	,
1121	6099	-100	no	external_context	Ġremember
1122	311	-100	no	external_context	Ġto
1123	23974	-100	no	external_context	Ġremind
1124	279	-100	no	external_context	Ġthe
1125	6002	-100	no	external_context	Ġcustomer
1126	311	-100	no	external_context	Ġto
1127	7683	-100	no	external_context	Ġconfirm
1128	807	-100	no	external_context	Ġthey
1129	614	-100	no	external_context	Ġhave
1130	3897	-100	no	external_context	Ġprovided
1131	678	-100	no	external_context	Ġall
1132	279	-100	no	external_context	Ġthe
1133	3589	-100	no	external_context	Ġitems
1134	807	-100	no	external_context	Ġthey
1135	1366	-100	no	external_context	Ġwant
1136	311	-100	no	external_context	Ġto
1137	5602	-100	no	external_context	Ġmodify
1138	382	-100	no	external_context	.ĊĊ
1139	2461	-100	no	external_context	For
1140	264	-100	no	external_context	Ġa
1141	15280	-100	no	external_context	Ġpending
1142	1973	-100	no	external_context	Ġorder
1143	11	-100	no	external_context	,
1144	1817	-100	no	external_context	Ġeach
1145	1509	-100	no	external_context	Ġitem
1146	646	-100	no	external_context	Ġcan
1147	387	-100	no	external_context	Ġbe
1148	10807	-100	no	external_context	Ġmodified
1149	311	-100	no	external_context	Ġto
1150	458	-100	no	external_context	Ġan
1151	2500	-100	no	external_context	Ġavailable
1152	501	-100	no	external_context	Ġnew
1153	1509	-100	no	external_context	Ġitem
1154	315	-100	no	external_context	Ġof
1155	279	-100	no	external_context	Ġthe
1156	1852	-100	no	external_context	Ġsame
1157	1985	-100	no	external_context	Ġproduct
1158	714	-100	no	external_context	Ġbut
1159	315	-100	no	external_context	Ġof
1160	2155	-100	no	external_context	Ġdifferent
1161	1985	-100	no	external_context	Ġproduct
1162	2999	-100	no	external_context	Ġoption
1163	13	-100	no	external_context	.
1164	2619	-100	no	external_context	ĠThere
1165	4157	-100	no	external_context	Ġcannot
1166	387	-100	no	external_context	Ġbe
1167	894	-100	no	external_context	Ġany
1168	2297	-100	no	external_context	Ġchange
1169	315	-100	no	external_context	Ġof
1170	1985	-100	no	external_context	Ġproduct
1171	4494	-100	no	external_context	Ġtypes
1172	11	-100	no	external_context	,
1173	384	-100	no	external_context	Ġe
1174	1302	-100	no	external_context	.g
1175	13	-100	no	external_context	.
1176	5602	-100	no	external_context	Ġmodify
1177	15478	-100	no	external_context	Ġshirt
1178	311	-100	no	external_context	Ġto
1179	28977	-100	no	external_context	Ġshoe
1180	382	-100	no	external_context	.ĊĊ
1181	785	-100	no	external_context	The
1182	1196	-100	no	external_context	Ġuser
1183	1969	-100	no	external_context	Ġmust
1184	3410	-100	no	external_context	Ġprovide
1185	264	-100	no	external_context	Ġa
1186	8160	-100	no	external_context	Ġpayment
1187	1714	-100	no	external_context	Ġmethod
1188	311	-100	no	external_context	Ġto
1189	2291	-100	no	external_context	Ġpay
1190	476	-100	no	external_context	Ġor
1191	5258	-100	no	external_context	Ġreceive
1192	20965	-100	no	external_context	Ġrefund
1193	315	-100	no	external_context	Ġof
1194	279	-100	no	external_context	Ġthe
1195	3349	-100	no	external_context	Ġprice
1196	6672	-100	no	external_context	Ġdifference
1197	13	-100	no	external_context	.
1198	1416	-100	no	external_context	ĠIf
1199	279	-100	no	external_context	Ġthe
1200	1196	-100	no	external_context	Ġuser
1201	5707	-100	no	external_context	Ġprovides
1202	264	-100	no	external_context	Ġa
1203	8189	-100	no	external_context	Ġgift
1204	3701	-100	no	external_context	Ġcard
1205	11	-100	no	external_context	,
1206	432	-100	no	external_context	Ġit
1207	1969	-100	no	external_context	Ġmust
1208	614	-100	no	external_context	Ġhave
1209	3322	-100	no	external_context	Ġenough
1210	8172	-100	no	external_context	Ġbalance
1211	311	-100	no	external_context	Ġto
1212	3421	-100	no	external_context	Ġcover
1213	279	-100	no	external_context	Ġthe
1214	3349	-100	no	external_context	Ġprice
1215	6672	-100	no	external_context	Ġdifference
1216	382	-100	no	external_context	.ĊĊ
1217	565	-100	no	external_context	##
1218	3411	-100	no	external_context	ĠReturn
1219	12600	-100	no	external_context	Ġdelivered
1220	1973	-100	no	external_context	Ġorder
1221	271	-100	no	external_context	ĊĊ
1222	2082	-100	no	external_context	An
1223	1973	-100	no	external_context	Ġorder
1224	646	-100	no	external_context	Ġcan
1225	1172	-100	no	external_context	Ġonly
1226	387	-100	no	external_context	Ġbe
1227	5927	-100	no	external_context	Ġreturned
1228	421	-100	no	external_context	Ġif
1229	1181	-100	no	external_context	Ġits
1230	2639	-100	no	external_context	Ġstatus
1231	374	-100	no	external_context	Ġis
1232	364	-100	no	external_context	Ġ'
1233	9588	-100	no	external_context	del
1234	43056	-100	no	external_context	ivered
1235	516	-100	no	external_context	',
1236	323	-100	no	external_context	Ġand
1237	498	-100	no	external_context	Ġyou
1238	1265	-100	no	external_context	Ġshould
1239	1779	-100	no	external_context	Ġcheck
1240	1181	-100	no	external_context	Ġits
1241	2639	-100	no	external_context	Ġstatus
1242	1573	-100	no	external_context	Ġbefore
1243	4633	-100	no	external_context	Ġtaking
1244	279	-100	no	external_context	Ġthe
1245	1917	-100	no	external_context	Ġaction
1246	382	-100	no	external_context	.ĊĊ
1247	785	-100	no	external_context	The
1248	1196	-100	no	external_context	Ġuser
1249	3880	-100	no	external_context	Ġneeds
1250	311	-100	no	external_context	Ġto
1251	7683	-100	no	external_context	Ġconfirm
1252	279	-100	no	external_context	Ġthe
1253	1973	-100	no	external_context	Ġorder
1254	877	-100	no	external_context	Ġid
1255	323	-100	no	external_context	Ġand
1256	279	-100	no	external_context	Ġthe
1257	1140	-100	no	external_context	Ġlist
1258	315	-100	no	external_context	Ġof
1259	3589	-100	no	external_context	Ġitems
1260	311	-100	no	external_context	Ġto
1261	387	-100	no	external_context	Ġbe
1262	5927	-100	no	external_context	Ġreturned
1263	382	-100	no	external_context	.ĊĊ
1264	785	-100	no	external_context	The
1265	1196	-100	no	external_context	Ġuser
1266	3880	-100	no	external_context	Ġneeds
1267	311	-100	no	external_context	Ġto
1268	3410	-100	no	external_context	Ġprovide
1269	264	-100	no	external_context	Ġa
1270	8160	-100	no	external_context	Ġpayment
1271	1714	-100	no	external_context	Ġmethod
1272	311	-100	no	external_context	Ġto
1273	5258	-100	no	external_context	Ġreceive
1274	279	-100	no	external_context	Ġthe
1275	20965	-100	no	external_context	Ġrefund
1276	382	-100	no	external_context	.ĊĊ
1277	785	-100	no	external_context	The
1278	20965	-100	no	external_context	Ġrefund
1279	1969	-100	no	external_context	Ġmust
1280	2987	-100	no	external_context	Ġeither
1281	728	-100	no	external_context	Ġgo
1282	311	-100	no	external_context	Ġto
1283	279	-100	no	external_context	Ġthe
1284	4024	-100	no	external_context	Ġoriginal
1285	8160	-100	no	external_context	Ġpayment
1286	1714	-100	no	external_context	Ġmethod
1287	11	-100	no	external_context	,
1288	476	-100	no	external_context	Ġor
1289	458	-100	no	external_context	Ġan
1290	6350	-100	no	external_context	Ġexisting
1291	8189	-100	no	external_context	Ġgift
1292	3701	-100	no	external_context	Ġcard
1293	382	-100	no	external_context	.ĊĊ
1294	6025	-100	no	external_context	After
1295	1196	-100	no	external_context	Ġuser
1296	19539	-100	no	external_context	Ġconfirmation
1297	11	-100	no	external_context	,
1298	279	-100	no	external_context	Ġthe
1299	1973	-100	no	external_context	Ġorder
1300	2639	-100	no	external_context	Ġstatus
1301	686	-100	no	external_context	Ġwill
1302	387	-100	no	external_context	Ġbe
1303	5497	-100	no	external_context	Ġchanged
1304	311	-100	no	external_context	Ġto
1305	364	-100	no	external_context	Ġ'
1306	689	-100	no	external_context	return
1307	11223	-100	no	external_context	Ġrequested
1308	516	-100	no	external_context	',
1309	323	-100	no	external_context	Ġand
1310	279	-100	no	external_context	Ġthe
1311	1196	-100	no	external_context	Ġuser
1312	686	-100	no	external_context	Ġwill
1313	5258	-100	no	external_context	Ġreceive
1314	458	-100	no	external_context	Ġan
1315	2551	-100	no	external_context	Ġemail
1316	8826	-100	no	external_context	Ġregarding
1317	1246	-100	no	external_context	Ġhow
1318	311	-100	no	external_context	Ġto
1319	470	-100	no	external_context	Ġreturn
1320	3589	-100	no	external_context	Ġitems
1321	382	-100	no	external_context	.ĊĊ
1322	565	-100	no	external_context	##
1323	18705	-100	no	external_context	ĠExchange
1324	12600	-100	no	external_context	Ġdelivered
1325	1973	-100	no	external_context	Ġorder
1326	271	-100	no	external_context	ĊĊ
1327	2082	-100	no	external_context	An
1328	1973	-100	no	external_context	Ġorder
1329	646	-100	no	external_context	Ġcan
1330	1172	-100	no	external_context	Ġonly
1331	387	-100	no	external_context	Ġbe
1332	47401	-100	no	external_context	Ġexchanged
1333	421	-100	no	external_context	Ġif
1334	1181	-100	no	external_context	Ġits
1335	2639	-100	no	external_context	Ġstatus
1336	374	-100	no	external_context	Ġis
1337	364	-100	no	external_context	Ġ'
1338	9588	-100	no	external_context	del
1339	43056	-100	no	external_context	ivered
1340	516	-100	no	external_context	',
1341	323	-100	no	external_context	Ġand
1342	498	-100	no	external_context	Ġyou
1343	1265	-100	no	external_context	Ġshould
1344	1779	-100	no	external_context	Ġcheck
1345	1181	-100	no	external_context	Ġits
1346	2639	-100	no	external_context	Ġstatus
1347	1573	-100	no	external_context	Ġbefore
1348	4633	-100	no	external_context	Ġtaking
1349	279	-100	no	external_context	Ġthe
1350	1917	-100	no	external_context	Ġaction
1351	13	-100	no	external_context	.
1352	758	-100	no	external_context	ĠIn
1353	3953	-100	no	external_context	Ġparticular
1354	11	-100	no	external_context	,
1355	6099	-100	no	external_context	Ġremember
1356	311	-100	no	external_context	Ġto
1357	23974	-100	no	external_context	Ġremind
1358	279	-100	no	external_context	Ġthe
1359	6002	-100	no	external_context	Ġcustomer
1360	311	-100	no	external_context	Ġto
1361	7683	-100	no	external_context	Ġconfirm
1362	807	-100	no	external_context	Ġthey
1363	614	-100	no	external_context	Ġhave
1364	3897	-100	no	external_context	Ġprovided
1365	678	-100	no	external_context	Ġall
1366	3589	-100	no	external_context	Ġitems
1367	311	-100	no	external_context	Ġto
1368	387	-100	no	external_context	Ġbe
1369	47401	-100	no	external_context	Ġexchanged
1370	382	-100	no	external_context	.ĊĊ
1371	2461	-100	no	external_context	For
1372	264	-100	no	external_context	Ġa
1373	12600	-100	no	external_context	Ġdelivered
1374	1973	-100	no	external_context	Ġorder
1375	11	-100	no	external_context	,
1376	1817	-100	no	external_context	Ġeach
1377	1509	-100	no	external_context	Ġitem
1378	646	-100	no	external_context	Ġcan
1379	387	-100	no	external_context	Ġbe
1380	47401	-100	no	external_context	Ġexchanged
1381	311	-100	no	external_context	Ġto
1382	458	-100	no	external_context	Ġan
1383	2500	-100	no	external_context	Ġavailable
1384	501	-100	no	external_context	Ġnew
1385	1509	-100	no	external_context	Ġitem
1386	315	-100	no	external_context	Ġof
1387	279	-100	no	external_context	Ġthe
1388	1852	-100	no	external_context	Ġsame
1389	1985	-100	no	external_context	Ġproduct
1390	714	-100	no	external_context	Ġbut
1391	315	-100	no	external_context	Ġof
1392	2155	-100	no	external_context	Ġdifferent
1393	1985	-100	no	external_context	Ġproduct
1394	2999	-100	no	external_context	Ġoption
1395	13	-100	no	external_context	.
1396	2619	-100	no	external_context	ĠThere
1397	4157	-100	no	external_context	Ġcannot
1398	387	-100	no	external_context	Ġbe
1399	894	-100	no	external_context	Ġany
1400	2297	-100	no	external_context	Ġchange
1401	315	-100	no	external_context	Ġof
1402	1985	-100	no	external_context	Ġproduct
1403	4494	-100	no	external_context	Ġtypes
1404	11	-100	no	external_context	,
1405	384	-100	no	external_context	Ġe
1406	1302	-100	no	external_context	.g
1407	13	-100	no	external_context	.
1408	5602	-100	no	external_context	Ġmodify
1409	15478	-100	no	external_context	Ġshirt
1410	311	-100	no	external_context	Ġto
1411	28977	-100	no	external_context	Ġshoe
1412	382	-100	no	external_context	.ĊĊ
1413	785	-100	no	external_context	The
1414	1196	-100	no	external_context	Ġuser
1415	1969	-100	no	external_context	Ġmust
1416	3410	-100	no	external_context	Ġprovide
1417	264	-100	no	external_context	Ġa
1418	8160	-100	no	external_context	Ġpayment
1419	1714	-100	no	external_context	Ġmethod
1420	311	-100	no	external_context	Ġto
1421	2291	-100	no	external_context	Ġpay
1422	476	-100	no	external_context	Ġor
1423	5258	-100	no	external_context	Ġreceive
1424	20965	-100	no	external_context	Ġrefund
1425	315	-100	no	external_context	Ġof
1426	279	-100	no	external_context	Ġthe
1427	3349	-100	no	external_context	Ġprice
1428	6672	-100	no	external_context	Ġdifference
1429	13	-100	no	external_context	.
1430	1416	-100	no	external_context	ĠIf
1431	279	-100	no	external_context	Ġthe
1432	1196	-100	no	external_context	Ġuser
1433	5707	-100	no	external_context	Ġprovides
1434	264	-100	no	external_context	Ġa
1435	8189	-100	no	external_context	Ġgift
1436	3701	-100	no	external_context	Ġcard
1437	11	-100	no	external_context	,
1438	432	-100	no	external_context	Ġit
1439	1969	-100	no	external_context	Ġmust
1440	614	-100	no	external_context	Ġhave
1441	3322	-100	no	external_context	Ġenough
1442	8172	-100	no	external_context	Ġbalance
1443	311	-100	no	external_context	Ġto
1444	3421	-100	no	external_context	Ġcover
1445	279	-100	no	external_context	Ġthe
1446	3349	-100	no	external_context	Ġprice
1447	6672	-100	no	external_context	Ġdifference
1448	382	-100	no	external_context	.ĊĊ
1449	6025	-100	no	external_context	After
1450	1196	-100	no	external_context	Ġuser
1451	19539	-100	no	external_context	Ġconfirmation
1452	11	-100	no	external_context	,
1453	279	-100	no	external_context	Ġthe
1454	1973	-100	no	external_context	Ġorder
1455	2639	-100	no	external_context	Ġstatus
1456	686	-100	no	external_context	Ġwill
1457	387	-100	no	external_context	Ġbe
1458	5497	-100	no	external_context	Ġchanged
1459	311	-100	no	external_context	Ġto
1460	364	-100	no	external_context	Ġ'
1461	39568	-100	no	external_context	exchange
1462	11223	-100	no	external_context	Ġrequested
1463	516	-100	no	external_context	',
1464	323	-100	no	external_context	Ġand
1465	279	-100	no	external_context	Ġthe
1466	1196	-100	no	external_context	Ġuser
1467	686	-100	no	external_context	Ġwill
1468	5258	-100	no	external_context	Ġreceive
1469	458	-100	no	external_context	Ġan
1470	2551	-100	no	external_context	Ġemail
1471	8826	-100	no	external_context	Ġregarding
1472	1246	-100	no	external_context	Ġhow
1473	311	-100	no	external_context	Ġto
1474	470	-100	no	external_context	Ġreturn
1475	3589	-100	no	external_context	Ġitems
1476	13	-100	no	external_context	.
1477	2619	-100	no	external_context	ĠThere
1478	374	-100	no	external_context	Ġis
1479	902	-100	no	external_context	Ġno
1480	1184	-100	no	external_context	Ġneed
1481	311	-100	no	external_context	Ġto
1482	1992	-100	no	external_context	Ġplace
1483	264	-100	no	external_context	Ġa
1484	501	-100	no	external_context	Ġnew
1485	1973	-100	no	external_context	Ġorder
1486	382	-100	no	external_context	.ĊĊ
1487	522	-100	no	external_context	</
1488	34790	-100	no	external_context	policy
1489	1339	-100	no	external_context	>ĊĊ
1490	2	-100	no	external_context	#
1491	13852	-100	no	external_context	ĠTools
1492	271	-100	no	external_context	ĊĊ
1493	2610	-100	no	external_context	You
1494	1231	-100	no	external_context	Ġmay
1495	1618	-100	no	external_context	Ġcall
1496	825	-100	no	external_context	Ġone
1497	476	-100	no	external_context	Ġor
1498	803	-100	no	external_context	Ġmore
1499	5746	-100	no	external_context	Ġfunctions
1500	311	-100	no	external_context	Ġto
1501	7789	-100	no	external_context	Ġassist
1502	448	-100	no	external_context	Ġwith
1503	279	-100	no	external_context	Ġthe
1504	1196	-100	no	external_context	Ġuser
1505	3239	-100	no	external_context	Ġquery
1506	382	-100	no	external_context	.ĊĊ
1507	2610	-100	no	external_context	You
1508	525	-100	no	external_context	Ġare
1509	3897	-100	no	external_context	Ġprovided
1510	448	-100	no	external_context	Ġwith
1511	729	-100	no	external_context	Ġfunction
1512	32628	-100	no	external_context	Ġsignatures
1513	2878	-100	no	external_context	Ġwithin
1514	366	-100	no	external_context	Ġ<
1515	15918	-100	no	external_context	tools
1516	1472	-100	no	external_context	></
1517	15918	-100	no	external_context	tools
1518	29	-100	no	external_context	>
1519	11874	-100	no	external_context	ĠXML
1520	9492	-100	no	external_context	Ġtags
1521	510	-100	no	external_context	:Ċ
1522	27	-100	no	external_context	<
1523	15918	-100	no	external_context	tools
1524	397	-100	no	external_context	>Ċ
1525	4913	-100	no	external_context	"{"""
1526	1313	-100	no	external_context	type
1527	788	-100	no	external_context	""":"
1528	330	-100	no	external_context	"Ġ"""
1529	1688	-100	no	external_context	function
1530	497	-100	no	external_context	""","
1531	330	-100	no	external_context	"Ġ"""
1532	1688	-100	no	external_context	function
1533	788	-100	no	external_context	""":"
1534	5212	-100	no	external_context	"Ġ{"""
1535	606	-100	no	external_context	name
1536	788	-100	no	external_context	""":"
1537	330	-100	no	external_context	"Ġ"""
1538	35597	-100	no	external_context	calculate
1539	497	-100	no	external_context	""","
1540	330	-100	no	external_context	"Ġ"""
1541	4684	-100	no	external_context	description
1542	788	-100	no	external_context	""":"
1543	330	-100	no	external_context	"Ġ"""
1544	47866	-100	no	external_context	Calculate
1545	279	-100	no	external_context	Ġthe
1546	1102	-100	no	external_context	Ġresult
1547	315	-100	no	external_context	Ġof
1548	264	-100	no	external_context	Ġa
1549	35972	-100	no	external_context	Ġmathematical
1550	7493	-100	no	external_context	Ġexpression
1551	10465	-100	no	external_context	"."","
1552	330	-100	no	external_context	"Ġ"""
1553	13786	-100	no	external_context	parameters
1554	788	-100	no	external_context	""":"
1555	5212	-100	no	external_context	"Ġ{"""
1556	13193	-100	no	external_context	properties
1557	788	-100	no	external_context	""":"
1558	5212	-100	no	external_context	"Ġ{"""
1559	28099	-100	no	external_context	expression
1560	788	-100	no	external_context	""":"
1561	5212	-100	no	external_context	"Ġ{"""
1562	4684	-100	no	external_context	description
1563	788	-100	no	external_context	""":"
1564	330	-100	no	external_context	"Ġ"""
1565	785	-100	no	external_context	The
1566	35972	-100	no	external_context	Ġmathematical
1567	7493	-100	no	external_context	Ġexpression
1568	311	-100	no	external_context	Ġto
1569	11047	-100	no	external_context	Ġcalculate
1570	11	-100	no	external_context	,
1571	1741	-100	no	external_context	Ġsuch
1572	438	-100	no	external_context	Ġas
1573	364	-100	no	external_context	Ġ'
1574	17	-100	no	external_context	2
1575	488	-100	no	external_context	Ġ+
1576	220	-100	no	external_context	Ġ
1577	17	-100	no	external_context	2
1578	4427	-100	no	external_context	'.
1579	576	-100	no	external_context	ĠThe
1580	7493	-100	no	external_context	Ġexpression
1581	646	-100	no	external_context	Ġcan
1582	6644	-100	no	external_context	Ġcontain
1583	5109	-100	no	external_context	Ġnumbers
1584	11	-100	no	external_context	,
1585	19624	-100	no	external_context	Ġoperators
1586	17973	-100	no	external_context	Ġ(+
1587	11	-100	no	external_context	,
1588	85922	-100	no	external_context	Ġ-,
1589	11777	-100	no	external_context	Ġ*,
1590	608	-100	no	external_context	Ġ/
1591	701	-100	no	external_context	),
1592	73975	-100	no	external_context	Ġparentheses
1593	11	-100	no	external_context	,
1594	323	-100	no	external_context	Ġand
1595	12621	-100	no	external_context	Ġspaces
1596	10465	-100	no	external_context	"."","
1597	330	-100	no	external_context	"Ġ"""
1598	2102	-100	no	external_context	title
1599	788	-100	no	external_context	""":"
1600	330	-100	no	external_context	"Ġ"""
1601	9595	-100	no	external_context	Expression
1602	497	-100	no	external_context	""","
1603	330	-100	no	external_context	"Ġ"""
1604	1313	-100	no	external_context	type
1605	788	-100	no	external_context	""":"
1606	330	-100	no	external_context	"Ġ"""
1607	917	-100	no	external_context	string
1608	9207	-100	no	external_context	"""}"
1609	2137	-100	no	external_context	},
1610	330	-100	no	external_context	"Ġ"""
1611	6279	-100	no	external_context	required
1612	788	-100	no	external_context	""":"
1613	4383	-100	no	external_context	"Ġ["""
1614	28099	-100	no	external_context	expression
1615	7914	-100	no	external_context	"""],"
1616	330	-100	no	external_context	"Ġ"""
1617	2102	-100	no	external_context	title
1618	788	-100	no	external_context	""":"
1619	330	-100	no	external_context	"Ġ"""
1620	13786	-100	no	external_context	parameters
1621	497	-100	no	external_context	""","
1622	330	-100	no	external_context	"Ġ"""
1623	1313	-100	no	external_context	type
1624	788	-100	no	external_context	""":"
1625	330	-100	no	external_context	"Ġ"""
1626	1700	-100	no	external_context	object
1627	30975	-100	no	external_context	"""}}"
1628	532	-100	no	external_context	}Ċ
1629	4913	-100	no	external_context	"{"""
1630	1313	-100	no	external_context	type
1631	788	-100	no	external_context	""":"
1632	330	-100	no	external_context	"Ġ"""
1633	1688	-100	no	external_context	function
1634	497	-100	no	external_context	""","
1635	330	-100	no	external_context	"Ġ"""
1636	1688	-100	no	external_context	function
1637	788	-100	no	external_context	""":"
1638	5212	-100	no	external_context	"Ġ{"""
1639	606	-100	no	external_context	name
1640	788	-100	no	external_context	""":"
1641	330	-100	no	external_context	"Ġ"""
1642	18515	-100	no	external_context	cancel
1643	37861	-100	no	external_context	_pending
1644	7869	-100	no	external_context	_order
1645	497	-100	no	external_context	""","
1646	330	-100	no	external_context	"Ġ"""
1647	4684	-100	no	external_context	description
1648	788	-100	no	external_context	""":"
1649	330	-100	no	external_context	"Ġ"""
1650	9269	-100	no	external_context	Cancel
1651	264	-100	no	external_context	Ġa
1652	15280	-100	no	external_context	Ġpending
1653	1973	-100	no	external_context	Ġorder
1654	13	-100	no	external_context	.
1655	1416	-100	no	external_context	ĠIf
1656	279	-100	no	external_context	Ġthe
1657	1973	-100	no	external_context	Ġorder
1658	374	-100	no	external_context	Ġis
1659	2669	-100	no	external_context	Ġalready
1660	15233	-100	no	external_context	Ġprocessed
1661	476	-100	no	external_context	Ġor
1662	12600	-100	no	external_context	Ġdelivered
1663	26266	-100	no	external_context	,\
1664	77	-100	no	external_context	n
1665	1699	-100	no	external_context	\n
1666	275	-100	no	external_context	it
1667	4157	-100	no	external_context	Ġcannot
1668	387	-100	no	external_context	Ġbe
1669	25681	-100	no	external_context	Ġcancelled
1670	13	-100	no	external_context	.
1671	576	-100	no	external_context	ĠThe
1672	8315	-100	no	external_context	Ġagent
1673	3880	-100	no	external_context	Ġneeds
1674	311	-100	no	external_context	Ġto
1675	10339	-100	no	external_context	Ġexplain
1676	279	-100	no	external_context	Ġthe
1677	35835	-100	no	external_context	Ġcancellation
1678	7716	-100	no	external_context	Ġdetail
1679	1699	-100	no	external_context	\n
1680	437	-100	no	external_context	and
1681	2548	-100	no	external_context	Ġask
1682	369	-100	no	external_context	Ġfor
1683	11464	-100	no	external_context	Ġexplicit
1684	1196	-100	no	external_context	Ġuser
1685	19539	-100	no	external_context	Ġconfirmation
1686	320	-100	no	external_context	Ġ(
1687	9693	-100	no	external_context	yes
1688	33100	-100	no	external_context	/no
1689	8	-100	no	external_context	)
1690	311	-100	no	external_context	Ġto
1691	10354	-100	no	external_context	Ġproceed
1692	13	-100	no	external_context	.
1693	1416	-100	no	external_context	ĠIf
1694	279	-100	no	external_context	Ġthe
1695	1196	-100	no	external_context	Ġuser
1696	42396	-100	no	external_context	Ġconfirms
1697	26266	-100	no	external_context	,\
1698	77	-100	no	external_context	n
1699	1782	-100	no	external_context	the
1700	1973	-100	no	external_context	Ġorder
1701	2639	-100	no	external_context	Ġstatus
1702	686	-100	no	external_context	Ġwill
1703	387	-100	no	external_context	Ġbe
1704	5497	-100	no	external_context	Ġchanged
1705	311	-100	no	external_context	Ġto
1706	364	-100	no	external_context	Ġ'
1707	95282	-100	no	external_context	cancelled
1708	6	-100	no	external_context	'
1709	323	-100	no	external_context	Ġand
1710	279	-100	no	external_context	Ġthe
1711	8160	-100	no	external_context	Ġpayment
1712	686	-100	no	external_context	Ġwill
1713	387	-100	no	external_context	Ġbe
1714	93452	-100	no	external_context	Ġrefunded
1715	7110	-100	no	external_context	.\
1716	88230	-100	no	external_context	nThe
1717	20965	-100	no	external_context	Ġrefund
1718	686	-100	no	external_context	Ġwill
1719	387	-100	no	external_context	Ġbe
1720	3694	-100	no	external_context	Ġadded
1721	311	-100	no	external_context	Ġto
1722	279	-100	no	external_context	Ġthe
1723	1196	-100	no	external_context	Ġuser
1724	594	-100	no	external_context	's
1725	8189	-100	no	external_context	Ġgift
1726	3701	-100	no	external_context	Ġcard
1727	8172	-100	no	external_context	Ġbalance
1728	7069	-100	no	external_context	Ġimmediately
1729	421	-100	no	external_context	Ġif
1730	279	-100	no	external_context	Ġthe
1731	8160	-100	no	external_context	Ġpayment
1732	1699	-100	no	external_context	\n
1733	16123	-100	no	external_context	was
1734	1865	-100	no	external_context	Ġmade
1735	1667	-100	no	external_context	Ġusing
1736	264	-100	no	external_context	Ġa
1737	8189	-100	no	external_context	Ġgift
1738	3701	-100	no	external_context	Ġcard
1739	11	-100	no	external_context	,
1740	5937	-100	no	external_context	Ġotherwise
1741	279	-100	no	external_context	Ġthe
1742	20965	-100	no	external_context	Ġrefund
1743	1035	-100	no	external_context	Ġwould
1744	1896	-100	no	external_context	Ġtake
1745	220	-100	no	external_context	Ġ
1746	20	-100	no	external_context	5
1747	12	-100	no	external_context	-
1748	22	-100	no	external_context	7
1749	2562	-100	no	external_context	Ġbusiness
1750	2849	-100	no	external_context	Ġdays
1751	311	-100	no	external_context	Ġto
1752	1882	-100	no	external_context	Ġprocess
1753	7110	-100	no	external_context	.\
1754	88230	-100	no	external_context	nThe
1755	729	-100	no	external_context	Ġfunction
1756	4675	-100	no	external_context	Ġreturns
1757	279	-100	no	external_context	Ġthe
1758	1973	-100	no	external_context	Ġorder
1759	3565	-100	no	external_context	Ġdetails
1760	1283	-100	no	external_context	Ġafter
1761	279	-100	no	external_context	Ġthe
1762	35835	-100	no	external_context	Ġcancellation
1763	10465	-100	no	external_context	"."","
1764	330	-100	no	external_context	"Ġ"""
1765	13786	-100	no	external_context	parameters
1766	788	-100	no	external_context	""":"
1767	5212	-100	no	external_context	"Ġ{"""
1768	13193	-100	no	external_context	properties
1769	788	-100	no	external_context	""":"
1770	5212	-100	no	external_context	"Ġ{"""
1771	1358	-100	no	external_context	order
1772	842	-100	no	external_context	_id
1773	788	-100	no	external_context	""":"
1774	5212	-100	no	external_context	"Ġ{"""
1775	4684	-100	no	external_context	description
1776	788	-100	no	external_context	""":"
1777	330	-100	no	external_context	"Ġ"""
1778	785	-100	no	external_context	The
1779	1973	-100	no	external_context	Ġorder
1780	877	-100	no	external_context	Ġid
1781	11	-100	no	external_context	,
1782	1741	-100	no	external_context	Ġsuch
1783	438	-100	no	external_context	Ġas
1784	5875	-100	no	external_context	Ġ'#
1785	54	-100	no	external_context	W
1786	15	-100	no	external_context	0
1787	15	-100	no	external_context	0
1788	15	-100	no	external_context	0
1789	15	-100	no	external_context	0
1790	15	-100	no	external_context	0
1791	15	-100	no	external_context	0
1792	15	-100	no	external_context	0
1793	4427	-100	no	external_context	'.
1794	2823	-100	no	external_context	ĠBe
1795	16585	-100	no	external_context	Ġcareful
1796	1052	-100	no	external_context	Ġthere
1797	374	-100	no	external_context	Ġis
1798	264	-100	no	external_context	Ġa
1799	57250	-100	no	external_context	Ġ'#'
1800	7735	-100	no	external_context	Ġsymbol
1801	518	-100	no	external_context	Ġat
1802	279	-100	no	external_context	Ġthe
1803	7167	-100	no	external_context	Ġbeginning
1804	315	-100	no	external_context	Ġof
1805	279	-100	no	external_context	Ġthe
1806	1973	-100	no	external_context	Ġorder
1807	877	-100	no	external_context	Ġid
1808	10465	-100	no	external_context	"."","
1809	330	-100	no	external_context	"Ġ"""
1810	2102	-100	no	external_context	title
1811	788	-100	no	external_context	""":"
1812	330	-100	no	external_context	"Ġ"""
1813	4431	-100	no	external_context	Order
1814	5223	-100	no	external_context	ĠId
1815	497	-100	no	external_context	""","
1816	330	-100	no	external_context	"Ġ"""
1817	1313	-100	no	external_context	type
1818	788	-100	no	external_context	""":"
1819	330	-100	no	external_context	"Ġ"""
1820	917	-100	no	external_context	string
1821	14345	-100	no	external_context	"""},"
1822	330	-100	no	external_context	"Ġ"""
1823	19895	-100	no	external_context	reason
1824	788	-100	no	external_context	""":"
1825	5212	-100	no	external_context	"Ġ{"""
1826	4684	-100	no	external_context	description
1827	788	-100	no	external_context	""":"
1828	330	-100	no	external_context	"Ġ"""
1829	785	-100	no	external_context	The
1830	2874	-100	no	external_context	Ġreason
1831	369	-100	no	external_context	Ġfor
1832	35835	-100	no	external_context	Ġcancellation
1833	11	-100	no	external_context	,
1834	892	-100	no	external_context	Ġwhich
1835	1265	-100	no	external_context	Ġshould
1836	387	-100	no	external_context	Ġbe
1837	2987	-100	no	external_context	Ġeither
1838	364	-100	no	external_context	Ġ'
1839	2152	-100	no	external_context	no
1840	5021	-100	no	external_context	Ġlonger
1841	4362	-100	no	external_context	Ġneeded
1842	6	-100	no	external_context	'
1843	476	-100	no	external_context	Ġor
1844	364	-100	no	external_context	Ġ'
1845	10544	-100	no	external_context	ordered
1846	553	-100	no	external_context	Ġby
1847	16523	-100	no	external_context	Ġmistake
1848	4427	-100	no	external_context	'.
1849	497	-100	no	external_context	""","
1850	330	-100	no	external_context	"Ġ"""
1851	2102	-100	no	external_context	title
1852	788	-100	no	external_context	""":"
1853	330	-100	no	external_context	"Ġ"""
1854	25139	-100	no	external_context	Reason
1855	497	-100	no	external_context	""","
1856	330	-100	no	external_context	"Ġ"""
1857	1313	-100	no	external_context	type
1858	788	-100	no	external_context	""":"
1859	330	-100	no	external_context	"Ġ"""
1860	917	-100	no	external_context	string
1861	9207	-100	no	external_context	"""}"
1862	2137	-100	no	external_context	},
1863	330	-100	no	external_context	"Ġ"""
1864	6279	-100	no	external_context	required
1865	788	-100	no	external_context	""":"
1866	4383	-100	no	external_context	"Ġ["""
1867	1358	-100	no	external_context	order
1868	842	-100	no	external_context	_id
1869	497	-100	no	external_context	""","
1870	330	-100	no	external_context	"Ġ"""
1871	19895	-100	no	external_context	reason
1872	7914	-100	no	external_context	"""],"
1873	330	-100	no	external_context	"Ġ"""
1874	2102	-100	no	external_context	title
1875	788	-100	no	external_context	""":"
1876	330	-100	no	external_context	"Ġ"""
1877	13786	-100	no	external_context	parameters
1878	497	-100	no	external_context	""","
1879	330	-100	no	external_context	"Ġ"""
1880	1313	-100	no	external_context	type
1881	788	-100	no	external_context	""":"
1882	330	-100	no	external_context	"Ġ"""
1883	1700	-100	no	external_context	object
1884	30975	-100	no	external_context	"""}}"
1885	532	-100	no	external_context	}Ċ
1886	4913	-100	no	external_context	"{"""
1887	1313	-100	no	external_context	type
1888	788	-100	no	external_context	""":"
1889	330	-100	no	external_context	"Ġ"""
1890	1688	-100	no	external_context	function
1891	497	-100	no	external_context	""","
1892	330	-100	no	external_context	"Ġ"""
1893	1688	-100	no	external_context	function
1894	788	-100	no	external_context	""":"
1895	5212	-100	no	external_context	"Ġ{"""
1896	606	-100	no	external_context	name
1897	788	-100	no	external_context	""":"
1898	330	-100	no	external_context	"Ġ"""
1899	39568	-100	no	external_context	exchange
1900	18029	-100	no	external_context	_del
1901	43056	-100	no	external_context	ivered
1902	7869	-100	no	external_context	_order
1903	12134	-100	no	external_context	_items
1904	497	-100	no	external_context	""","
1905	330	-100	no	external_context	"Ġ"""
1906	4684	-100	no	external_context	description
1907	788	-100	no	external_context	""":"
1908	330	-100	no	external_context	"Ġ"""
1909	31564	-100	no	external_context	Exchange
1910	3589	-100	no	external_context	Ġitems
1911	304	-100	no	external_context	Ġin
1912	264	-100	no	external_context	Ġa
1913	12600	-100	no	external_context	Ġdelivered
1914	1973	-100	no	external_context	Ġorder
1915	311	-100	no	external_context	Ġto
1916	501	-100	no	external_context	Ġnew
1917	3589	-100	no	external_context	Ġitems
1918	315	-100	no	external_context	Ġof
1919	279	-100	no	external_context	Ġthe
1920	1852	-100	no	external_context	Ġsame
1921	1985	-100	no	external_context	Ġproduct
1922	943	-100	no	external_context	Ġtype
1923	7110	-100	no	external_context	.\
1924	77	-100	no	external_context	n
1925	1699	-100	no	external_context	\n
1926	2461	-100	no	external_context	For
1927	264	-100	no	external_context	Ġa
1928	12600	-100	no	external_context	Ġdelivered
1929	1973	-100	no	external_context	Ġorder
1930	11	-100	no	external_context	,
1931	470	-100	no	external_context	Ġreturn
1932	476	-100	no	external_context	Ġor
1933	9289	-100	no	external_context	Ġexchange
1934	646	-100	no	external_context	Ġcan
1935	387	-100	no	external_context	Ġbe
1936	1172	-100	no	external_context	Ġonly
1937	2814	-100	no	external_context	Ġdone
1938	3055	-100	no	external_context	Ġonce
1939	553	-100	no	external_context	Ġby
1940	279	-100	no	external_context	Ġthe
1941	8315	-100	no	external_context	Ġagent
1942	7110	-100	no	external_context	.\
1943	88230	-100	no	external_context	nThe
1944	8315	-100	no	external_context	Ġagent
1945	3880	-100	no	external_context	Ġneeds
1946	311	-100	no	external_context	Ġto
1947	10339	-100	no	external_context	Ġexplain
1948	279	-100	no	external_context	Ġthe
1949	9289	-100	no	external_context	Ġexchange
1950	7716	-100	no	external_context	Ġdetail
1951	323	-100	no	external_context	Ġand
1952	2548	-100	no	external_context	Ġask
1953	369	-100	no	external_context	Ġfor
1954	11464	-100	no	external_context	Ġexplicit
1955	1196	-100	no	external_context	Ġuser
1956	19539	-100	no	external_context	Ġconfirmation
1957	320	-100	no	external_context	Ġ(
1958	9693	-100	no	external_context	yes
1959	33100	-100	no	external_context	/no
1960	8	-100	no	external_context	)
1961	311	-100	no	external_context	Ġto
1962	10354	-100	no	external_context	Ġproceed
1963	10465	-100	no	external_context	"."","
1964	330	-100	no	external_context	"Ġ"""
1965	13786	-100	no	external_context	parameters
1966	788	-100	no	external_context	""":"
1967	5212	-100	no	external_context	"Ġ{"""
1968	13193	-100	no	external_context	properties
1969	788	-100	no	external_context	""":"
1970	5212	-100	no	external_context	"Ġ{"""
1971	1358	-100	no	external_context	order
1972	842	-100	no	external_context	_id
1973	788	-100	no	external_context	""":"
1974	5212	-100	no	external_context	"Ġ{"""
1975	4684	-100	no	external_context	description
1976	788	-100	no	external_context	""":"
1977	330	-100	no	external_context	"Ġ"""
1978	785	-100	no	external_context	The
1979	1973	-100	no	external_context	Ġorder
1980	877	-100	no	external_context	Ġid
1981	11	-100	no	external_context	,
1982	1741	-100	no	external_context	Ġsuch
1983	438	-100	no	external_context	Ġas
1984	5875	-100	no	external_context	Ġ'#
1985	54	-100	no	external_context	W
1986	15	-100	no	external_context	0
1987	15	-100	no	external_context	0
1988	15	-100	no	external_context	0
1989	15	-100	no	external_context	0
1990	15	-100	no	external_context	0
1991	15	-100	no	external_context	0
1992	15	-100	no	external_context	0
1993	4427	-100	no	external_context	'.
1994	2823	-100	no	external_context	ĠBe
1995	16585	-100	no	external_context	Ġcareful
1996	1052	-100	no	external_context	Ġthere
1997	374	-100	no	external_context	Ġis
1998	264	-100	no	external_context	Ġa
1999	57250	-100	no	external_context	Ġ'#'
2000	7735	-100	no	external_context	Ġsymbol
2001	518	-100	no	external_context	Ġat
2002	279	-100	no	external_context	Ġthe
2003	7167	-100	no	external_context	Ġbeginning
2004	315	-100	no	external_context	Ġof
2005	279	-100	no	external_context	Ġthe
2006	1973	-100	no	external_context	Ġorder
2007	877	-100	no	external_context	Ġid
2008	10465	-100	no	external_context	"."","
2009	330	-100	no	external_context	"Ġ"""
2010	2102	-100	no	external_context	title
2011	788	-100	no	external_context	""":"
2012	330	-100	no	external_context	"Ġ"""
2013	4431	-100	no	external_context	Order
2014	5223	-100	no	external_context	ĠId
2015	497	-100	no	external_context	""","
2016	330	-100	no	external_context	"Ġ"""
2017	1313	-100	no	external_context	type
2018	788	-100	no	external_context	""":"
2019	330	-100	no	external_context	"Ġ"""
2020	917	-100	no	external_context	string
2021	14345	-100	no	external_context	"""},"
2022	330	-100	no	external_context	"Ġ"""
2023	1203	-100	no	external_context	item
2024	8077	-100	no	external_context	_ids
2025	788	-100	no	external_context	""":"
2026	5212	-100	no	external_context	"Ġ{"""
2027	4684	-100	no	external_context	description
2028	788	-100	no	external_context	""":"
2029	330	-100	no	external_context	"Ġ"""
2030	785	-100	no	external_context	The
2031	1509	-100	no	external_context	Ġitem
2032	14151	-100	no	external_context	Ġids
2033	311	-100	no	external_context	Ġto
2034	387	-100	no	external_context	Ġbe
2035	47401	-100	no	external_context	Ġexchanged
2036	11	-100	no	external_context	,
2037	1817	-100	no	external_context	Ġeach
2038	1741	-100	no	external_context	Ġsuch
2039	438	-100	no	external_context	Ġas
2040	364	-100	no	external_context	Ġ'
2041	16	-100	no	external_context	1
2042	15	-100	no	external_context	0
2043	15	-100	no	external_context	0
2044	23	-100	no	external_context	8
2045	17	-100	no	external_context	2
2046	24	-100	no	external_context	9
2047	17	-100	no	external_context	2
2048	17	-100	no	external_context	2
2049	18	-100	no	external_context	3
2050	15	-100	no	external_context	0
2051	4427	-100	no	external_context	'.
2052	2619	-100	no	external_context	ĠThere
2053	1410	-100	no	external_context	Ġcould
2054	387	-100	no	external_context	Ġbe
2055	22513	-100	no	external_context	Ġduplicate
2056	3589	-100	no	external_context	Ġitems
2057	304	-100	no	external_context	Ġin
2058	279	-100	no	external_context	Ġthe
2059	1140	-100	no	external_context	Ġlist
2060	10465	-100	no	external_context	"."","
2061	330	-100	no	external_context	"Ġ"""
2062	3615	-100	no	external_context	items
2063	788	-100	no	external_context	""":"
2064	5212	-100	no	external_context	"Ġ{"""
2065	1313	-100	no	external_context	type
2066	788	-100	no	external_context	""":"
2067	330	-100	no	external_context	"Ġ"""
2068	917	-100	no	external_context	string
2069	14345	-100	no	external_context	"""},"
2070	330	-100	no	external_context	"Ġ"""
2071	2102	-100	no	external_context	title
2072	788	-100	no	external_context	""":"
2073	330	-100	no	external_context	"Ġ"""
2074	1234	-100	no	external_context	Item
2075	5223	-100	no	external_context	ĠId
2076	82	-100	no	external_context	s
2077	497	-100	no	external_context	""","
2078	330	-100	no	external_context	"Ġ"""
2079	1313	-100	no	external_context	type
2080	788	-100	no	external_context	""":"
2081	330	-100	no	external_context	"Ġ"""
2082	1653	-100	no	external_context	array
2083	14345	-100	no	external_context	"""},"
2084	330	-100	no	external_context	"Ġ"""
2085	931	-100	no	external_context	new
2086	5634	-100	no	external_context	_item
2087	8077	-100	no	external_context	_ids
2088	788	-100	no	external_context	""":"
2089	5212	-100	no	external_context	"Ġ{"""
2090	4684	-100	no	external_context	description
2091	788	-100	no	external_context	""":"
2092	330	-100	no	external_context	"Ġ"""
2093	785	-100	no	external_context	The
2094	1509	-100	no	external_context	Ġitem
2095	14151	-100	no	external_context	Ġids
2096	311	-100	no	external_context	Ġto
2097	387	-100	no	external_context	Ġbe
2098	47401	-100	no	external_context	Ġexchanged
2099	369	-100	no	external_context	Ġfor
2100	11	-100	no	external_context	,
2101	1817	-100	no	external_context	Ġeach
2102	1741	-100	no	external_context	Ġsuch
2103	438	-100	no	external_context	Ġas
2104	364	-100	no	external_context	Ġ'
2105	16	-100	no	external_context	1
2106	15	-100	no	external_context	0
2107	15	-100	no	external_context	0
2108	23	-100	no	external_context	8
2109	17	-100	no	external_context	2
2110	24	-100	no	external_context	9
2111	17	-100	no	external_context	2
2112	17	-100	no	external_context	2
2113	18	-100	no	external_context	3
2114	15	-100	no	external_context	0
2115	4427	-100	no	external_context	'.
2116	59	-100	no	external_context	\
2117	77	-100	no	external_context	n
2118	3862	-100	no	external_context	There
2119	1410	-100	no	external_context	Ġcould
2120	387	-100	no	external_context	Ġbe
2121	22513	-100	no	external_context	Ġduplicate
2122	3589	-100	no	external_context	Ġitems
2123	304	-100	no	external_context	Ġin
2124	279	-100	no	external_context	Ġthe
2125	1140	-100	no	external_context	Ġlist
2126	13	-100	no	external_context	.
2127	8886	-100	no	external_context	ĠEach
2128	501	-100	no	external_context	Ġnew
2129	1509	-100	no	external_context	Ġitem
2130	877	-100	no	external_context	Ġid
2131	1265	-100	no	external_context	Ġshould
2132	2432	-100	no	external_context	Ġmatch
2133	279	-100	no	external_context	Ġthe
2134	1509	-100	no	external_context	Ġitem
2135	877	-100	no	external_context	Ġid
2136	1699	-100	no	external_context	\n
2137	258	-100	no	external_context	in
2138	279	-100	no	external_context	Ġthe
2139	1852	-100	no	external_context	Ġsame
2140	2309	-100	no	external_context	Ġposition
2141	323	-100	no	external_context	Ġand
2142	387	-100	no	external_context	Ġbe
2143	315	-100	no	external_context	Ġof
2144	279	-100	no	external_context	Ġthe
2145	1852	-100	no	external_context	Ġsame
2146	1985	-100	no	external_context	Ġproduct
2147	10465	-100	no	external_context	"."","
2148	330	-100	no	external_context	"Ġ"""
2149	3615	-100	no	external_context	items
2150	788	-100	no	external_context	""":"
2151	5212	-100	no	external_context	"Ġ{"""
2152	1313	-100	no	external_context	type
2153	788	-100	no	external_context	""":"
2154	330	-100	no	external_context	"Ġ"""
2155	917	-100	no	external_context	string
2156	14345	-100	no	external_context	"""},"
2157	330	-100	no	external_context	"Ġ"""
2158	2102	-100	no	external_context	title
2159	788	-100	no	external_context	""":"
2160	330	-100	no	external_context	"Ġ"""
2161	3564	-100	no	external_context	New
2162	5739	-100	no	external_context	ĠItem
2163	5223	-100	no	external_context	ĠId
2164	82	-100	no	external_context	s
2165	497	-100	no	external_context	""","
2166	330	-100	no	external_context	"Ġ"""
2167	1313	-100	no	external_context	type
2168	788	-100	no	external_context	""":"
2169	330	-100	no	external_context	"Ġ"""
2170	1653	-100	no	external_context	array
2171	14345	-100	no	external_context	"""},"
2172	330	-100	no	external_context	"Ġ"""
2173	13755	-100	no	external_context	payment
2174	9032	-100	no	external_context	_method
2175	842	-100	no	external_context	_id
2176	788	-100	no	external_context	""":"
2177	5212	-100	no	external_context	"Ġ{"""
2178	4684	-100	no	external_context	description
2179	788	-100	no	external_context	""":"
2180	330	-100	no	external_context	"Ġ"""
2181	785	-100	no	external_context	The
2182	8160	-100	no	external_context	Ġpayment
2183	1714	-100	no	external_context	Ġmethod
2184	877	-100	no	external_context	Ġid
2185	311	-100	no	external_context	Ġto
2186	2291	-100	no	external_context	Ġpay
2187	476	-100	no	external_context	Ġor
2188	5258	-100	no	external_context	Ġreceive
2189	20965	-100	no	external_context	Ġrefund
2190	369	-100	no	external_context	Ġfor
2191	279	-100	no	external_context	Ġthe
2192	1509	-100	no	external_context	Ġitem
2193	3349	-100	no	external_context	Ġprice
2194	6672	-100	no	external_context	Ġdifference
2195	26266	-100	no	external_context	,\
2196	4412	-100	no	external_context	ns
2197	1387	-100	no	external_context	uch
2198	438	-100	no	external_context	Ġas
2199	364	-100	no	external_context	Ġ'
2200	52330	-100	no	external_context	gift
2201	16888	-100	no	external_context	_card
2202	62	-100	no	external_context	_
2203	15	-100	no	external_context	0
2204	15	-100	no	external_context	0
2205	15	-100	no	external_context	0
2206	15	-100	no	external_context	0
2207	15	-100	no	external_context	0
2208	15	-100	no	external_context	0
2209	15	-100	no	external_context	0
2210	6	-100	no	external_context	'
2211	476	-100	no	external_context	Ġor
2212	364	-100	no	external_context	Ġ'
2213	23311	-100	no	external_context	credit
2214	16888	-100	no	external_context	_card
2215	62	-100	no	external_context	_
2216	15	-100	no	external_context	0
2217	15	-100	no	external_context	0
2218	15	-100	no	external_context	0
2219	15	-100	no	external_context	0
2220	15	-100	no	external_context	0
2221	15	-100	no	external_context	0
2222	15	-100	no	external_context	0
2223	4427	-100	no	external_context	'.
2224	4220	-100	no	external_context	ĠThese
2225	646	-100	no	external_context	Ġcan
2226	387	-100	no	external_context	Ġbe
2227	6966	-100	no	external_context	Ġlooked
2228	705	-100	no	external_context	Ġup
2229	1699	-100	no	external_context	\n
2230	1499	-100	no	external_context	from
2231	279	-100	no	external_context	Ġthe
2232	1196	-100	no	external_context	Ġuser
2233	476	-100	no	external_context	Ġor
2234	1973	-100	no	external_context	Ġorder
2235	3565	-100	no	external_context	Ġdetails
2236	10465	-100	no	external_context	"."","
2237	330	-100	no	external_context	"Ġ"""
2238	2102	-100	no	external_context	title
2239	788	-100	no	external_context	""":"
2240	330	-100	no	external_context	"Ġ"""
2241	20188	-100	no	external_context	Payment
2242	6730	-100	no	external_context	ĠMethod
2243	5223	-100	no	external_context	ĠId
2244	497	-100	no	external_context	""","
2245	330	-100	no	external_context	"Ġ"""
2246	1313	-100	no	external_context	type
2247	788	-100	no	external_context	""":"
2248	330	-100	no	external_context	"Ġ"""
2249	917	-100	no	external_context	string
2250	9207	-100	no	external_context	"""}"
2251	2137	-100	no	external_context	},
2252	330	-100	no	external_context	"Ġ"""
2253	6279	-100	no	external_context	required
2254	788	-100	no	external_context	""":"
2255	4383	-100	no	external_context	"Ġ["""
2256	1358	-100	no	external_context	order
2257	842	-100	no	external_context	_id
2258	497	-100	no	external_context	""","
2259	330	-100	no	external_context	"Ġ"""
2260	1203	-100	no	external_context	item
2261	8077	-100	no	external_context	_ids
2262	497	-100	no	external_context	""","
2263	330	-100	no	external_context	"Ġ"""
2264	931	-100	no	external_context	new
2265	5634	-100	no	external_context	_item
2266	8077	-100	no	external_context	_ids
2267	497	-100	no	external_context	""","
2268	330	-100	no	external_context	"Ġ"""
2269	13755	-100	no	external_context	payment
2270	9032	-100	no	external_context	_method
2271	842	-100	no	external_context	_id
2272	7914	-100	no	external_context	"""],"
2273	330	-100	no	external_context	"Ġ"""
2274	2102	-100	no	external_context	title
2275	788	-100	no	external_context	""":"
2276	330	-100	no	external_context	"Ġ"""
2277	13786	-100	no	external_context	parameters
2278	497	-100	no	external_context	""","
2279	330	-100	no	external_context	"Ġ"""
2280	1313	-100	no	external_context	type
2281	788	-100	no	external_context	""":"
2282	330	-100	no	external_context	"Ġ"""
2283	1700	-100	no	external_context	object
2284	30975	-100	no	external_context	"""}}"
2285	532	-100	no	external_context	}Ċ
2286	4913	-100	no	external_context	"{"""
2287	1313	-100	no	external_context	type
2288	788	-100	no	external_context	""":"
2289	330	-100	no	external_context	"Ġ"""
2290	1688	-100	no	external_context	function
2291	497	-100	no	external_context	""","
2292	330	-100	no	external_context	"Ġ"""
2293	1688	-100	no	external_context	function
2294	788	-100	no	external_context	""":"
2295	5212	-100	no	external_context	"Ġ{"""
2296	606	-100	no	external_context	name
2297	788	-100	no	external_context	""":"
2298	330	-100	no	external_context	"Ġ"""
2299	3903	-100	no	external_context	find
2300	3317	-100	no	external_context	_user
2301	842	-100	no	external_context	_id
2302	3710	-100	no	external_context	_by
2303	1269	-100	no	external_context	_name
2304	42131	-100	no	external_context	_zip
2305	497	-100	no	external_context	""","
2306	330	-100	no	external_context	"Ġ"""
2307	4684	-100	no	external_context	description
2308	788	-100	no	external_context	""":"
2309	330	-100	no	external_context	"Ġ"""
2310	9885	-100	no	external_context	Find
2311	1196	-100	no	external_context	Ġuser
2312	877	-100	no	external_context	Ġid
2313	553	-100	no	external_context	Ġby
2314	1156	-100	no	external_context	Ġfirst
2315	829	-100	no	external_context	Ġname
2316	11	-100	no	external_context	,
2317	1537	-100	no	external_context	Ġlast
2318	829	-100	no	external_context	Ġname
2319	11	-100	no	external_context	,
2320	323	-100	no	external_context	Ġand
2321	10308	-100	no	external_context	Ġzip
2322	2038	-100	no	external_context	Ġcode
2323	13	-100	no	external_context	.
2324	1416	-100	no	external_context	ĠIf
2325	279	-100	no	external_context	Ġthe
2326	1196	-100	no	external_context	Ġuser
2327	374	-100	no	external_context	Ġis
2328	537	-100	no	external_context	Ġnot
2329	1730	-100	no	external_context	Ġfound
2330	11	-100	no	external_context	,
2331	279	-100	no	external_context	Ġthe
2332	729	-100	no	external_context	Ġfunction
2333	1699	-100	no	external_context	\n
2334	1699	-100	no	external_context	\n
2335	14387	-100	no	external_context	will
2336	470	-100	no	external_context	Ġreturn
2337	458	-100	no	external_context	Ġan
2338	1465	-100	no	external_context	Ġerror
2339	1943	-100	no	external_context	Ġmessage
2340	13	-100	no	external_context	.
2341	3216	-100	no	external_context	ĠBy
2342	1638	-100	no	external_context	Ġdefault
2343	11	-100	no	external_context	,
2344	1477	-100	no	external_context	Ġfind
2345	1196	-100	no	external_context	Ġuser
2346	877	-100	no	external_context	Ġid
2347	553	-100	no	external_context	Ġby
2348	2551	-100	no	external_context	Ġemail
2349	11	-100	no	external_context	,
2350	323	-100	no	external_context	Ġand
2351	1172	-100	no	external_context	Ġonly
2352	1618	-100	no	external_context	Ġcall
2353	419	-100	no	external_context	Ġthis
2354	729	-100	no	external_context	Ġfunction
2355	1699	-100	no	external_context	\n
2356	333	-100	no	external_context	if
2357	279	-100	no	external_context	Ġthe
2358	1196	-100	no	external_context	Ġuser
2359	374	-100	no	external_context	Ġis
2360	537	-100	no	external_context	Ġnot
2361	1730	-100	no	external_context	Ġfound
2362	553	-100	no	external_context	Ġby
2363	2551	-100	no	external_context	Ġemail
2364	476	-100	no	external_context	Ġor
2365	4157	-100	no	external_context	Ġcannot
2366	6099	-100	no	external_context	Ġremember
2367	2551	-100	no	external_context	Ġemail
2368	10465	-100	no	external_context	"."","
2369	330	-100	no	external_context	"Ġ"""
2370	13786	-100	no	external_context	parameters
2371	788	-100	no	external_context	""":"
2372	5212	-100	no	external_context	"Ġ{"""
2373	13193	-100	no	external_context	properties
2374	788	-100	no	external_context	""":"
2375	5212	-100	no	external_context	"Ġ{"""
2376	3896	-100	no	external_context	first
2377	1269	-100	no	external_context	_name
2378	788	-100	no	external_context	""":"
2379	5212	-100	no	external_context	"Ġ{"""
2380	4684	-100	no	external_context	description
2381	788	-100	no	external_context	""":"
2382	330	-100	no	external_context	"Ġ"""
2383	785	-100	no	external_context	The
2384	1156	-100	no	external_context	Ġfirst
2385	829	-100	no	external_context	Ġname
2386	315	-100	no	external_context	Ġof
2387	279	-100	no	external_context	Ġthe
2388	6002	-100	no	external_context	Ġcustomer
2389	11	-100	no	external_context	,
2390	1741	-100	no	external_context	Ġsuch
2391	438	-100	no	external_context	Ġas
2392	364	-100	no	external_context	Ġ'
2393	13079	-100	no	external_context	John
2394	4427	-100	no	external_context	'.
2395	497	-100	no	external_context	""","
2396	330	-100	no	external_context	"Ġ"""
2397	2102	-100	no	external_context	title
2398	788	-100	no	external_context	""":"
2399	330	-100	no	external_context	"Ġ"""
2400	5338	-100	no	external_context	First
2401	3988	-100	no	external_context	ĠName
2402	497	-100	no	external_context	""","
2403	330	-100	no	external_context	"Ġ"""
2404	1313	-100	no	external_context	type
2405	788	-100	no	external_context	""":"
2406	330	-100	no	external_context	"Ġ"""
2407	917	-100	no	external_context	string
2408	14345	-100	no	external_context	"""},"
2409	330	-100	no	external_context	"Ġ"""
2410	4259	-100	no	external_context	last
2411	1269	-100	no	external_context	_name
2412	788	-100	no	external_context	""":"
2413	5212	-100	no	external_context	"Ġ{"""
2414	4684	-100	no	external_context	description
2415	788	-100	no	external_context	""":"
2416	330	-100	no	external_context	"Ġ"""
2417	785	-100	no	external_context	The
2418	1537	-100	no	external_context	Ġlast
2419	829	-100	no	external_context	Ġname
2420	315	-100	no	external_context	Ġof
2421	279	-100	no	external_context	Ġthe
2422	6002	-100	no	external_context	Ġcustomer
2423	11	-100	no	external_context	,
2424	1741	-100	no	external_context	Ġsuch
2425	438	-100	no	external_context	Ġas
2426	364	-100	no	external_context	Ġ'
2427	35	-100	no	external_context	D
2428	4644	-100	no	external_context	oe
2429	4427	-100	no	external_context	'.
2430	497	-100	no	external_context	""","
2431	330	-100	no	external_context	"Ġ"""
2432	2102	-100	no	external_context	title
2433	788	-100	no	external_context	""":"
2434	330	-100	no	external_context	"Ġ"""
2435	5842	-100	no	external_context	Last
2436	3988	-100	no	external_context	ĠName
2437	497	-100	no	external_context	""","
2438	330	-100	no	external_context	"Ġ"""
2439	1313	-100	no	external_context	type
2440	788	-100	no	external_context	""":"
2441	330	-100	no	external_context	"Ġ"""
2442	917	-100	no	external_context	string
2443	14345	-100	no	external_context	"""},"
2444	330	-100	no	external_context	"Ġ"""
2445	9964	-100	no	external_context	zip
2446	788	-100	no	external_context	""":"
2447	5212	-100	no	external_context	"Ġ{"""
2448	4684	-100	no	external_context	description
2449	788	-100	no	external_context	""":"
2450	330	-100	no	external_context	"Ġ"""
2451	785	-100	no	external_context	The
2452	10308	-100	no	external_context	Ġzip
2453	2038	-100	no	external_context	Ġcode
2454	315	-100	no	external_context	Ġof
2455	279	-100	no	external_context	Ġthe
2456	6002	-100	no	external_context	Ġcustomer
2457	11	-100	no	external_context	,
2458	1741	-100	no	external_context	Ġsuch
2459	438	-100	no	external_context	Ġas
2460	364	-100	no	external_context	Ġ'
2461	16	-100	no	external_context	1
2462	17	-100	no	external_context	2
2463	18	-100	no	external_context	3
2464	19	-100	no	external_context	4
2465	20	-100	no	external_context	5
2466	4427	-100	no	external_context	'.
2467	497	-100	no	external_context	""","
2468	330	-100	no	external_context	"Ġ"""
2469	2102	-100	no	external_context	title
2470	788	-100	no	external_context	""":"
2471	330	-100	no	external_context	"Ġ"""
2472	31047	-100	no	external_context	Zip
2473	497	-100	no	external_context	""","
2474	330	-100	no	external_context	"Ġ"""
2475	1313	-100	no	external_context	type
2476	788	-100	no	external_context	""":"
2477	330	-100	no	external_context	"Ġ"""
2478	917	-100	no	external_context	string
2479	9207	-100	no	external_context	"""}"
2480	2137	-100	no	external_context	},
2481	330	-100	no	external_context	"Ġ"""
2482	6279	-100	no	external_context	required
2483	788	-100	no	external_context	""":"
2484	4383	-100	no	external_context	"Ġ["""
2485	3896	-100	no	external_context	first
2486	1269	-100	no	external_context	_name
2487	497	-100	no	external_context	""","
2488	330	-100	no	external_context	"Ġ"""
2489	4259	-100	no	external_context	last
2490	1269	-100	no	external_context	_name
2491	497	-100	no	external_context	""","
2492	330	-100	no	external_context	"Ġ"""
2493	9964	-100	no	external_context	zip
2494	7914	-100	no	external_context	"""],"
2495	330	-100	no	external_context	"Ġ"""
2496	2102	-100	no	external_context	title
2497	788	-100	no	external_context	""":"
2498	330	-100	no	external_context	"Ġ"""
2499	13786	-100	no	external_context	parameters
2500	497	-100	no	external_context	""","
2501	330	-100	no	external_context	"Ġ"""
2502	1313	-100	no	external_context	type
2503	788	-100	no	external_context	""":"
2504	330	-100	no	external_context	"Ġ"""
2505	1700	-100	no	external_context	object
2506	30975	-100	no	external_context	"""}}"
2507	532	-100	no	external_context	}Ċ
2508	4913	-100	no	external_context	"{"""
2509	1313	-100	no	external_context	type
2510	788	-100	no	external_context	""":"
2511	330	-100	no	external_context	"Ġ"""
2512	1688	-100	no	external_context	function
2513	497	-100	no	external_context	""","
2514	330	-100	no	external_context	"Ġ"""
2515	1688	-100	no	external_context	function
2516	788	-100	no	external_context	""":"
2517	5212	-100	no	external_context	"Ġ{"""
2518	606	-100	no	external_context	name
2519	788	-100	no	external_context	""":"
2520	330	-100	no	external_context	"Ġ"""
2521	3903	-100	no	external_context	find
2522	3317	-100	no	external_context	_user
2523	842	-100	no	external_context	_id
2524	3710	-100	no	external_context	_by
2525	9172	-100	no	external_context	_email
2526	497	-100	no	external_context	""","
2527	330	-100	no	external_context	"Ġ"""
2528	4684	-100	no	external_context	description
2529	788	-100	no	external_context	""":"
2530	330	-100	no	external_context	"Ġ"""
2531	9885	-100	no	external_context	Find
2532	1196	-100	no	external_context	Ġuser
2533	877	-100	no	external_context	Ġid
2534	553	-100	no	external_context	Ġby
2535	2551	-100	no	external_context	Ġemail
2536	13	-100	no	external_context	.
2537	1416	-100	no	external_context	ĠIf
2538	279	-100	no	external_context	Ġthe
2539	1196	-100	no	external_context	Ġuser
2540	374	-100	no	external_context	Ġis
2541	537	-100	no	external_context	Ġnot
2542	1730	-100	no	external_context	Ġfound
2543	11	-100	no	external_context	,
2544	279	-100	no	external_context	Ġthe
2545	729	-100	no	external_context	Ġfunction
2546	686	-100	no	external_context	Ġwill
2547	470	-100	no	external_context	Ġreturn
2548	458	-100	no	external_context	Ġan
2549	1465	-100	no	external_context	Ġerror
2550	1943	-100	no	external_context	Ġmessage
2551	10465	-100	no	external_context	"."","
2552	330	-100	no	external_context	"Ġ"""
2553	13786	-100	no	external_context	parameters
2554	788	-100	no	external_context	""":"
2555	5212	-100	no	external_context	"Ġ{"""
2556	13193	-100	no	external_context	properties
2557	788	-100	no	external_context	""":"
2558	5212	-100	no	external_context	"Ġ{"""
2559	2332	-100	no	external_context	email
2560	788	-100	no	external_context	""":"
2561	5212	-100	no	external_context	"Ġ{"""
2562	4684	-100	no	external_context	description
2563	788	-100	no	external_context	""":"
2564	330	-100	no	external_context	"Ġ"""
2565	785	-100	no	external_context	The
2566	2551	-100	no	external_context	Ġemail
2567	315	-100	no	external_context	Ġof
2568	279	-100	no	external_context	Ġthe
2569	1196	-100	no	external_context	Ġuser
2570	11	-100	no	external_context	,
2571	1741	-100	no	external_context	Ġsuch
2572	438	-100	no	external_context	Ġas
2573	364	-100	no	external_context	Ġ'
2574	33331	-100	no	external_context	something
2575	35487	-100	no	external_context	@example
2576	905	-100	no	external_context	.com
2577	4427	-100	no	external_context	'.
2578	497	-100	no	external_context	""","
2579	330	-100	no	external_context	"Ġ"""
2580	2102	-100	no	external_context	title
2581	788	-100	no	external_context	""":"
2582	330	-100	no	external_context	"Ġ"""
2583	4781	-100	no	external_context	Email
2584	497	-100	no	external_context	""","
2585	330	-100	no	external_context	"Ġ"""
2586	1313	-100	no	external_context	type
2587	788	-100	no	external_context	""":"
2588	330	-100	no	external_context	"Ġ"""
2589	917	-100	no	external_context	string
2590	9207	-100	no	external_context	"""}"
2591	2137	-100	no	external_context	},
2592	330	-100	no	external_context	"Ġ"""
2593	6279	-100	no	external_context	required
2594	788	-100	no	external_context	""":"
2595	4383	-100	no	external_context	"Ġ["""
2596	2332	-100	no	external_context	email
2597	7914	-100	no	external_context	"""],"
2598	330	-100	no	external_context	"Ġ"""
2599	2102	-100	no	external_context	title
2600	788	-100	no	external_context	""":"
2601	330	-100	no	external_context	"Ġ"""
2602	13786	-100	no	external_context	parameters
2603	497	-100	no	external_context	""","
2604	330	-100	no	external_context	"Ġ"""
2605	1313	-100	no	external_context	type
2606	788	-100	no	external_context	""":"
2607	330	-100	no	external_context	"Ġ"""
2608	1700	-100	no	external_context	object
2609	30975	-100	no	external_context	"""}}"
2610	532	-100	no	external_context	}Ċ
2611	4913	-100	no	external_context	"{"""
2612	1313	-100	no	external_context	type
2613	788	-100	no	external_context	""":"
2614	330	-100	no	external_context	"Ġ"""
2615	1688	-100	no	external_context	function
2616	497	-100	no	external_context	""","
2617	330	-100	no	external_context	"Ġ"""
2618	1688	-100	no	external_context	function
2619	788	-100	no	external_context	""":"
2620	5212	-100	no	external_context	"Ġ{"""
2621	606	-100	no	external_context	name
2622	788	-100	no	external_context	""":"
2623	330	-100	no	external_context	"Ġ"""
2624	455	-100	no	external_context	get
2625	7869	-100	no	external_context	_order
2626	13260	-100	no	external_context	_details
2627	497	-100	no	external_context	""","
2628	330	-100	no	external_context	"Ġ"""
2629	4684	-100	no	external_context	description
2630	788	-100	no	external_context	""":"
2631	330	-100	no	external_context	"Ġ"""
2632	1949	-100	no	external_context	Get
2633	279	-100	no	external_context	Ġthe
2634	2639	-100	no	external_context	Ġstatus
2635	323	-100	no	external_context	Ġand
2636	3565	-100	no	external_context	Ġdetails
2637	315	-100	no	external_context	Ġof
2638	458	-100	no	external_context	Ġan
2639	1973	-100	no	external_context	Ġorder
2640	10465	-100	no	external_context	"."","
2641	330	-100	no	external_context	"Ġ"""
2642	13786	-100	no	external_context	parameters
2643	788	-100	no	external_context	""":"
2644	5212	-100	no	external_context	"Ġ{"""
2645	13193	-100	no	external_context	properties
2646	788	-100	no	external_context	""":"
2647	5212	-100	no	external_context	"Ġ{"""
2648	1358	-100	no	external_context	order
2649	842	-100	no	external_context	_id
2650	788	-100	no	external_context	""":"
2651	5212	-100	no	external_context	"Ġ{"""
2652	4684	-100	no	external_context	description
2653	788	-100	no	external_context	""":"
2654	330	-100	no	external_context	"Ġ"""
2655	785	-100	no	external_context	The
2656	1973	-100	no	external_context	Ġorder
2657	877	-100	no	external_context	Ġid
2658	11	-100	no	external_context	,
2659	1741	-100	no	external_context	Ġsuch
2660	438	-100	no	external_context	Ġas
2661	5875	-100	no	external_context	Ġ'#
2662	54	-100	no	external_context	W
2663	15	-100	no	external_context	0
2664	15	-100	no	external_context	0
2665	15	-100	no	external_context	0
2666	15	-100	no	external_context	0
2667	15	-100	no	external_context	0
2668	15	-100	no	external_context	0
2669	15	-100	no	external_context	0
2670	4427	-100	no	external_context	'.
2671	2823	-100	no	external_context	ĠBe
2672	16585	-100	no	external_context	Ġcareful
2673	1052	-100	no	external_context	Ġthere
2674	374	-100	no	external_context	Ġis
2675	264	-100	no	external_context	Ġa
2676	57250	-100	no	external_context	Ġ'#'
2677	7735	-100	no	external_context	Ġsymbol
2678	518	-100	no	external_context	Ġat
2679	279	-100	no	external_context	Ġthe
2680	7167	-100	no	external_context	Ġbeginning
2681	315	-100	no	external_context	Ġof
2682	279	-100	no	external_context	Ġthe
2683	1973	-100	no	external_context	Ġorder
2684	877	-100	no	external_context	Ġid
2685	10465	-100	no	external_context	"."","
2686	330	-100	no	external_context	"Ġ"""
2687	2102	-100	no	external_context	title
2688	788	-100	no	external_context	""":"
2689	330	-100	no	external_context	"Ġ"""
2690	4431	-100	no	external_context	Order
2691	5223	-100	no	external_context	ĠId
2692	497	-100	no	external_context	""","
2693	330	-100	no	external_context	"Ġ"""
2694	1313	-100	no	external_context	type
2695	788	-100	no	external_context	""":"
2696	330	-100	no	external_context	"Ġ"""
2697	917	-100	no	external_context	string
2698	9207	-100	no	external_context	"""}"
2699	2137	-100	no	external_context	},
2700	330	-100	no	external_context	"Ġ"""
2701	6279	-100	no	external_context	required
2702	788	-100	no	external_context	""":"
2703	4383	-100	no	external_context	"Ġ["""
2704	1358	-100	no	external_context	order
2705	842	-100	no	external_context	_id
2706	7914	-100	no	external_context	"""],"
2707	330	-100	no	external_context	"Ġ"""
2708	2102	-100	no	external_context	title
2709	788	-100	no	external_context	""":"
2710	330	-100	no	external_context	"Ġ"""
2711	13786	-100	no	external_context	parameters
2712	497	-100	no	external_context	""","
2713	330	-100	no	external_context	"Ġ"""
2714	1313	-100	no	external_context	type
2715	788	-100	no	external_context	""":"
2716	330	-100	no	external_context	"Ġ"""
2717	1700	-100	no	external_context	object
2718	30975	-100	no	external_context	"""}}"
2719	532	-100	no	external_context	}Ċ
2720	4913	-100	no	external_context	"{"""
2721	1313	-100	no	external_context	type
2722	788	-100	no	external_context	""":"
2723	330	-100	no	external_context	"Ġ"""
2724	1688	-100	no	external_context	function
2725	497	-100	no	external_context	""","
2726	330	-100	no	external_context	"Ġ"""
2727	1688	-100	no	external_context	function
2728	788	-100	no	external_context	""":"
2729	5212	-100	no	external_context	"Ġ{"""
2730	606	-100	no	external_context	name
2731	788	-100	no	external_context	""":"
2732	330	-100	no	external_context	"Ġ"""
2733	455	-100	no	external_context	get
2734	9840	-100	no	external_context	_product
2735	13260	-100	no	external_context	_details
2736	497	-100	no	external_context	""","
2737	330	-100	no	external_context	"Ġ"""
2738	4684	-100	no	external_context	description
2739	788	-100	no	external_context	""":"
2740	330	-100	no	external_context	"Ġ"""
2741	1949	-100	no	external_context	Get
2742	279	-100	no	external_context	Ġthe
2743	15444	-100	no	external_context	Ġinventory
2744	3565	-100	no	external_context	Ġdetails
2745	315	-100	no	external_context	Ġof
2746	264	-100	no	external_context	Ġa
2747	1985	-100	no	external_context	Ġproduct
2748	10465	-100	no	external_context	"."","
2749	330	-100	no	external_context	"Ġ"""
2750	13786	-100	no	external_context	parameters
2751	788	-100	no	external_context	""":"
2752	5212	-100	no	external_context	"Ġ{"""
2753	13193	-100	no	external_context	properties
2754	788	-100	no	external_context	""":"
2755	5212	-100	no	external_context	"Ġ{"""
2756	3031	-100	no	external_context	product
2757	842	-100	no	external_context	_id
2758	788	-100	no	external_context	""":"
2759	5212	-100	no	external_context	"Ġ{"""
2760	4684	-100	no	external_context	description
2761	788	-100	no	external_context	""":"
2762	330	-100	no	external_context	"Ġ"""
2763	785	-100	no	external_context	The
2764	1985	-100	no	external_context	Ġproduct
2765	877	-100	no	external_context	Ġid
2766	11	-100	no	external_context	,
2767	1741	-100	no	external_context	Ġsuch
2768	438	-100	no	external_context	Ġas
2769	364	-100	no	external_context	Ġ'
2770	21	-100	no	external_context	6
2771	15	-100	no	external_context	0
2772	23	-100	no	external_context	8
2773	21	-100	no	external_context	6
2774	19	-100	no	external_context	4
2775	24	-100	no	external_context	9
2776	24	-100	no	external_context	9
2777	20	-100	no	external_context	5
2778	21	-100	no	external_context	6
2779	24	-100	no	external_context	9
2780	4427	-100	no	external_context	'.
2781	2823	-100	no	external_context	ĠBe
2782	16585	-100	no	external_context	Ġcareful
2783	279	-100	no	external_context	Ġthe
2784	1985	-100	no	external_context	Ġproduct
2785	877	-100	no	external_context	Ġid
2786	374	-100	no	external_context	Ġis
2787	2155	-100	no	external_context	Ġdifferent
2788	504	-100	no	external_context	Ġfrom
2789	279	-100	no	external_context	Ġthe
2790	1509	-100	no	external_context	Ġitem
2791	877	-100	no	external_context	Ġid
2792	10465	-100	no	external_context	"."","
2793	330	-100	no	external_context	"Ġ"""
2794	2102	-100	no	external_context	title
2795	788	-100	no	external_context	""":"
2796	330	-100	no	external_context	"Ġ"""
2797	4816	-100	no	external_context	Product
2798	5223	-100	no	external_context	ĠId
2799	497	-100	no	external_context	""","
2800	330	-100	no	external_context	"Ġ"""
2801	1313	-100	no	external_context	type
2802	788	-100	no	external_context	""":"
2803	330	-100	no	external_context	"Ġ"""
2804	917	-100	no	external_context	string
2805	9207	-100	no	external_context	"""}"
2806	2137	-100	no	external_context	},
2807	330	-100	no	external_context	"Ġ"""
2808	6279	-100	no	external_context	required
2809	788	-100	no	external_context	""":"
2810	4383	-100	no	external_context	"Ġ["""
2811	3031	-100	no	external_context	product
2812	842	-100	no	external_context	_id
2813	7914	-100	no	external_context	"""],"
2814	330	-100	no	external_context	"Ġ"""
2815	2102	-100	no	external_context	title
2816	788	-100	no	external_context	""":"
2817	330	-100	no	external_context	"Ġ"""
2818	13786	-100	no	external_context	parameters
2819	497	-100	no	external_context	""","
2820	330	-100	no	external_context	"Ġ"""
2821	1313	-100	no	external_context	type
2822	788	-100	no	external_context	""":"
2823	330	-100	no	external_context	"Ġ"""
2824	1700	-100	no	external_context	object
2825	30975	-100	no	external_context	"""}}"
2826	532	-100	no	external_context	}Ċ
2827	4913	-100	no	external_context	"{"""
2828	1313	-100	no	external_context	type
2829	788	-100	no	external_context	""":"
2830	330	-100	no	external_context	"Ġ"""
2831	1688	-100	no	external_context	function
2832	497	-100	no	external_context	""","
2833	330	-100	no	external_context	"Ġ"""
2834	1688	-100	no	external_context	function
2835	788	-100	no	external_context	""":"
2836	5212	-100	no	external_context	"Ġ{"""
2837	606	-100	no	external_context	name
2838	788	-100	no	external_context	""":"
2839	330	-100	no	external_context	"Ġ"""
2840	455	-100	no	external_context	get
2841	5634	-100	no	external_context	_item
2842	13260	-100	no	external_context	_details
2843	497	-100	no	external_context	""","
2844	330	-100	no	external_context	"Ġ"""
2845	4684	-100	no	external_context	description
2846	788	-100	no	external_context	""":"
2847	330	-100	no	external_context	"Ġ"""
2848	1949	-100	no	external_context	Get
2849	279	-100	no	external_context	Ġthe
2850	15444	-100	no	external_context	Ġinventory
2851	3565	-100	no	external_context	Ġdetails
2852	315	-100	no	external_context	Ġof
2853	458	-100	no	external_context	Ġan
2854	1509	-100	no	external_context	Ġitem
2855	10465	-100	no	external_context	"."","
2856	330	-100	no	external_context	"Ġ"""
2857	13786	-100	no	external_context	parameters
2858	788	-100	no	external_context	""":"
2859	5212	-100	no	external_context	"Ġ{"""
2860	13193	-100	no	external_context	properties
2861	788	-100	no	external_context	""":"
2862	5212	-100	no	external_context	"Ġ{"""
2863	1203	-100	no	external_context	item
2864	842	-100	no	external_context	_id
2865	788	-100	no	external_context	""":"
2866	5212	-100	no	external_context	"Ġ{"""
2867	4684	-100	no	external_context	description
2868	788	-100	no	external_context	""":"
2869	330	-100	no	external_context	"Ġ"""
2870	785	-100	no	external_context	The
2871	1509	-100	no	external_context	Ġitem
2872	877	-100	no	external_context	Ġid
2873	11	-100	no	external_context	,
2874	1741	-100	no	external_context	Ġsuch
2875	438	-100	no	external_context	Ġas
2876	364	-100	no	external_context	Ġ'
2877	21	-100	no	external_context	6
2878	15	-100	no	external_context	0
2879	23	-100	no	external_context	8
2880	21	-100	no	external_context	6
2881	19	-100	no	external_context	4
2882	24	-100	no	external_context	9
2883	24	-100	no	external_context	9
2884	20	-100	no	external_context	5
2885	21	-100	no	external_context	6
2886	24	-100	no	external_context	9
2887	4427	-100	no	external_context	'.
2888	2823	-100	no	external_context	ĠBe
2889	16585	-100	no	external_context	Ġcareful
2890	279	-100	no	external_context	Ġthe
2891	1509	-100	no	external_context	Ġitem
2892	877	-100	no	external_context	Ġid
2893	374	-100	no	external_context	Ġis
2894	2155	-100	no	external_context	Ġdifferent
2895	504	-100	no	external_context	Ġfrom
2896	279	-100	no	external_context	Ġthe
2897	1985	-100	no	external_context	Ġproduct
2898	877	-100	no	external_context	Ġid
2899	10465	-100	no	external_context	"."","
2900	330	-100	no	external_context	"Ġ"""
2901	2102	-100	no	external_context	title
2902	788	-100	no	external_context	""":"
2903	330	-100	no	external_context	"Ġ"""
2904	1234	-100	no	external_context	Item
2905	5223	-100	no	external_context	ĠId
2906	497	-100	no	external_context	""","
2907	330	-100	no	external_context	"Ġ"""
2908	1313	-100	no	external_context	type
2909	788	-100	no	external_context	""":"
2910	330	-100	no	external_context	"Ġ"""
2911	917	-100	no	external_context	string
2912	9207	-100	no	external_context	"""}"
2913	2137	-100	no	external_context	},
2914	330	-100	no	external_context	"Ġ"""
2915	6279	-100	no	external_context	required
2916	788	-100	no	external_context	""":"
2917	4383	-100	no	external_context	"Ġ["""
2918	1203	-100	no	external_context	item
2919	842	-100	no	external_context	_id
2920	7914	-100	no	external_context	"""],"
2921	330	-100	no	external_context	"Ġ"""
2922	2102	-100	no	external_context	title
2923	788	-100	no	external_context	""":"
2924	330	-100	no	external_context	"Ġ"""
2925	13786	-100	no	external_context	parameters
2926	497	-100	no	external_context	""","
2927	330	-100	no	external_context	"Ġ"""
2928	1313	-100	no	external_context	type
2929	788	-100	no	external_context	""":"
2930	330	-100	no	external_context	"Ġ"""
2931	1700	-100	no	external_context	object
2932	30975	-100	no	external_context	"""}}"
2933	532	-100	no	external_context	}Ċ
2934	4913	-100	no	external_context	"{"""
2935	1313	-100	no	external_context	type
2936	788	-100	no	external_context	""":"
2937	330	-100	no	external_context	"Ġ"""
2938	1688	-100	no	external_context	function
2939	497	-100	no	external_context	""","
2940	330	-100	no	external_context	"Ġ"""
2941	1688	-100	no	external_context	function
2942	788	-100	no	external_context	""":"
2943	5212	-100	no	external_context	"Ġ{"""
2944	606	-100	no	external_context	name
2945	788	-100	no	external_context	""":"
2946	330	-100	no	external_context	"Ġ"""
2947	455	-100	no	external_context	get
2948	3317	-100	no	external_context	_user
2949	13260	-100	no	external_context	_details
2950	497	-100	no	external_context	""","
2951	330	-100	no	external_context	"Ġ"""
2952	4684	-100	no	external_context	description
2953	788	-100	no	external_context	""":"
2954	330	-100	no	external_context	"Ġ"""
2955	1949	-100	no	external_context	Get
2956	279	-100	no	external_context	Ġthe
2957	3565	-100	no	external_context	Ġdetails
2958	315	-100	no	external_context	Ġof
2959	264	-100	no	external_context	Ġa
2960	1196	-100	no	external_context	Ġuser
2961	11	-100	no	external_context	,
2962	2670	-100	no	external_context	Ġincluding
2963	862	-100	no	external_context	Ġtheir
2964	10163	-100	no	external_context	Ġorders
2965	10465	-100	no	external_context	"."","
2966	330	-100	no	external_context	"Ġ"""
2967	13786	-100	no	external_context	parameters
2968	788	-100	no	external_context	""":"
2969	5212	-100	no	external_context	"Ġ{"""
2970	13193	-100	no	external_context	properties
2971	788	-100	no	external_context	""":"
2972	5212	-100	no	external_context	"Ġ{"""
2973	872	-100	no	external_context	user
2974	842	-100	no	external_context	_id
2975	788	-100	no	external_context	""":"
2976	5212	-100	no	external_context	"Ġ{"""
2977	4684	-100	no	external_context	description
2978	788	-100	no	external_context	""":"
2979	330	-100	no	external_context	"Ġ"""
2980	785	-100	no	external_context	The
2981	1196	-100	no	external_context	Ġuser
2982	877	-100	no	external_context	Ġid
2983	11	-100	no	external_context	,
2984	1741	-100	no	external_context	Ġsuch
2985	438	-100	no	external_context	Ġas
2986	364	-100	no	external_context	Ġ'
2987	82	-100	no	external_context	s
2988	5059	-100	no	external_context	ara
2989	814	-100	no	external_context	_d
2990	4644	-100	no	external_context	oe
2991	62	-100	no	external_context	_
2992	19	-100	no	external_context	4
2993	24	-100	no	external_context	9
2994	21	-100	no	external_context	6
2995	4427	-100	no	external_context	'.
2996	497	-100	no	external_context	""","
2997	330	-100	no	external_context	"Ġ"""
2998	2102	-100	no	external_context	title
2999	788	-100	no	external_context	""":"
3000	330	-100	no	external_context	"Ġ"""
3001	1474	-100	no	external_context	User
3002	5223	-100	no	external_context	ĠId
3003	497	-100	no	external_context	""","
3004	330	-100	no	external_context	"Ġ"""
3005	1313	-100	no	external_context	type
3006	788	-100	no	external_context	""":"
3007	330	-100	no	external_context	"Ġ"""
3008	917	-100	no	external_context	string
3009	9207	-100	no	external_context	"""}"
3010	2137	-100	no	external_context	},
3011	330	-100	no	external_context	"Ġ"""
3012	6279	-100	no	external_context	required
3013	788	-100	no	external_context	""":"
3014	4383	-100	no	external_context	"Ġ["""
3015	872	-100	no	external_context	user
3016	842	-100	no	external_context	_id
3017	7914	-100	no	external_context	"""],"
3018	330	-100	no	external_context	"Ġ"""
3019	2102	-100	no	external_context	title
3020	788	-100	no	external_context	""":"
3021	330	-100	no	external_context	"Ġ"""
3022	13786	-100	no	external_context	parameters
3023	497	-100	no	external_context	""","
3024	330	-100	no	external_context	"Ġ"""
3025	1313	-100	no	external_context	type
3026	788	-100	no	external_context	""":"
3027	330	-100	no	external_context	"Ġ"""
3028	1700	-100	no	external_context	object
3029	30975	-100	no	external_context	"""}}"
3030	532	-100	no	external_context	}Ċ
3031	4913	-100	no	external_context	"{"""
3032	1313	-100	no	external_context	type
3033	788	-100	no	external_context	""":"
3034	330	-100	no	external_context	"Ġ"""
3035	1688	-100	no	external_context	function
3036	497	-100	no	external_context	""","
3037	330	-100	no	external_context	"Ġ"""
3038	1688	-100	no	external_context	function
3039	788	-100	no	external_context	""":"
3040	5212	-100	no	external_context	"Ġ{"""
3041	606	-100	no	external_context	name
3042	788	-100	no	external_context	""":"
3043	330	-100	no	external_context	"Ġ"""
3044	1607	-100	no	external_context	list
3045	5705	-100	no	external_context	_all
3046	9840	-100	no	external_context	_product
3047	9763	-100	no	external_context	_types
3048	497	-100	no	external_context	""","
3049	330	-100	no	external_context	"Ġ"""
3050	4684	-100	no	external_context	description
3051	788	-100	no	external_context	""":"
3052	330	-100	no	external_context	"Ġ"""
3053	852	-100	no	external_context	List
3054	279	-100	no	external_context	Ġthe
3055	829	-100	no	external_context	Ġname
3056	323	-100	no	external_context	Ġand
3057	1985	-100	no	external_context	Ġproduct
3058	877	-100	no	external_context	Ġid
3059	315	-100	no	external_context	Ġof
3060	678	-100	no	external_context	Ġall
3061	1985	-100	no	external_context	Ġproduct
3062	4494	-100	no	external_context	Ġtypes
3063	7110	-100	no	external_context	.\
3064	77	-100	no	external_context	n
3065	1699	-100	no	external_context	\n
3066	4854	-100	no	external_context	Each
3067	1985	-100	no	external_context	Ġproduct
3068	943	-100	no	external_context	Ġtype
3069	702	-100	no	external_context	Ġhas
3070	264	-100	no	external_context	Ġa
3071	8045	-100	no	external_context	Ġvariety
3072	315	-100	no	external_context	Ġof
3073	2155	-100	no	external_context	Ġdifferent
3074	3589	-100	no	external_context	Ġitems
3075	448	-100	no	external_context	Ġwith
3076	4911	-100	no	external_context	Ġunique
3077	1509	-100	no	external_context	Ġitem
3078	14151	-100	no	external_context	Ġids
3079	323	-100	no	external_context	Ġand
3080	2606	-100	no	external_context	Ġoptions
3081	7110	-100	no	external_context	.\
3082	77	-100	no	external_context	n
3083	3862	-100	no	external_context	There
3084	525	-100	no	external_context	Ġare
3085	1172	-100	no	external_context	Ġonly
3086	220	-100	no	external_context	Ġ
3087	20	-100	no	external_context	5
3088	15	-100	no	external_context	0
3089	1985	-100	no	external_context	Ġproduct
3090	4494	-100	no	external_context	Ġtypes
3091	304	-100	no	external_context	Ġin
3092	279	-100	no	external_context	Ġthe
3093	3553	-100	no	external_context	Ġstore
3094	10465	-100	no	external_context	"."","
3095	330	-100	no	external_context	"Ġ"""
3096	13786	-100	no	external_context	parameters
3097	788	-100	no	external_context	""":"
3098	5212	-100	no	external_context	"Ġ{"""
3099	13193	-100	no	external_context	properties
3100	788	-100	no	external_context	""":"
3101	16452	-100	no	external_context	Ġ{},
3102	330	-100	no	external_context	"Ġ"""
3103	2102	-100	no	external_context	title
3104	788	-100	no	external_context	""":"
3105	330	-100	no	external_context	"Ġ"""
3106	13786	-100	no	external_context	parameters
3107	497	-100	no	external_context	""","
3108	330	-100	no	external_context	"Ġ"""
3109	1313	-100	no	external_context	type
3110	788	-100	no	external_context	""":"
3111	330	-100	no	external_context	"Ġ"""
3112	1700	-100	no	external_context	object
3113	30975	-100	no	external_context	"""}}"
3114	532	-100	no	external_context	}Ċ
3115	4913	-100	no	external_context	"{"""
3116	1313	-100	no	external_context	type
3117	788	-100	no	external_context	""":"
3118	330	-100	no	external_context	"Ġ"""
3119	1688	-100	no	external_context	function
3120	497	-100	no	external_context	""","
3121	330	-100	no	external_context	"Ġ"""
3122	1688	-100	no	external_context	function
3123	788	-100	no	external_context	""":"
3124	5212	-100	no	external_context	"Ġ{"""
3125	606	-100	no	external_context	name
3126	788	-100	no	external_context	""":"
3127	330	-100	no	external_context	"Ġ"""
3128	34053	-100	no	external_context	modify
3129	37861	-100	no	external_context	_pending
3130	7869	-100	no	external_context	_order
3131	6744	-100	no	external_context	_address
3132	497	-100	no	external_context	""","
3133	330	-100	no	external_context	"Ġ"""
3134	4684	-100	no	external_context	description
3135	788	-100	no	external_context	""":"
3136	330	-100	no	external_context	"Ġ"""
3137	44427	-100	no	external_context	Modify
3138	279	-100	no	external_context	Ġthe
3139	11601	-100	no	external_context	Ġshipping
3140	2621	-100	no	external_context	Ġaddress
3141	315	-100	no	external_context	Ġof
3142	264	-100	no	external_context	Ġa
3143	15280	-100	no	external_context	Ġpending
3144	1973	-100	no	external_context	Ġorder
3145	13	-100	no	external_context	.
3146	576	-100	no	external_context	ĠThe
3147	8315	-100	no	external_context	Ġagent
3148	3880	-100	no	external_context	Ġneeds
3149	311	-100	no	external_context	Ġto
3150	10339	-100	no	external_context	Ġexplain
3151	279	-100	no	external_context	Ġthe
3152	17030	-100	no	external_context	Ġmodification
3153	7716	-100	no	external_context	Ġdetail
3154	323	-100	no	external_context	Ġand
3155	2548	-100	no	external_context	Ġask
3156	369	-100	no	external_context	Ġfor
3157	11464	-100	no	external_context	Ġexplicit
3158	1196	-100	no	external_context	Ġuser
3159	19539	-100	no	external_context	Ġconfirmation
3160	320	-100	no	external_context	Ġ(
3161	9693	-100	no	external_context	yes
3162	33100	-100	no	external_context	/no
3163	8	-100	no	external_context	)
3164	311	-100	no	external_context	Ġto
3165	10354	-100	no	external_context	Ġproceed
3166	10465	-100	no	external_context	"."","
3167	330	-100	no	external_context	"Ġ"""
3168	13786	-100	no	external_context	parameters
3169	788	-100	no	external_context	""":"
3170	5212	-100	no	external_context	"Ġ{"""
3171	13193	-100	no	external_context	properties
3172	788	-100	no	external_context	""":"
3173	5212	-100	no	external_context	"Ġ{"""
3174	1358	-100	no	external_context	order
3175	842	-100	no	external_context	_id
3176	788	-100	no	external_context	""":"
3177	5212	-100	no	external_context	"Ġ{"""
3178	4684	-100	no	external_context	description
3179	788	-100	no	external_context	""":"
3180	330	-100	no	external_context	"Ġ"""
3181	785	-100	no	external_context	The
3182	1973	-100	no	external_context	Ġorder
3183	877	-100	no	external_context	Ġid
3184	11	-100	no	external_context	,
3185	1741	-100	no	external_context	Ġsuch
3186	438	-100	no	external_context	Ġas
3187	5875	-100	no	external_context	Ġ'#
3188	54	-100	no	external_context	W
3189	15	-100	no	external_context	0
3190	15	-100	no	external_context	0
3191	15	-100	no	external_context	0
3192	15	-100	no	external_context	0
3193	15	-100	no	external_context	0
3194	15	-100	no	external_context	0
3195	15	-100	no	external_context	0
3196	4427	-100	no	external_context	'.
3197	2823	-100	no	external_context	ĠBe
3198	16585	-100	no	external_context	Ġcareful
3199	1052	-100	no	external_context	Ġthere
3200	374	-100	no	external_context	Ġis
3201	264	-100	no	external_context	Ġa
3202	57250	-100	no	external_context	Ġ'#'
3203	7735	-100	no	external_context	Ġsymbol
3204	518	-100	no	external_context	Ġat
3205	279	-100	no	external_context	Ġthe
3206	7167	-100	no	external_context	Ġbeginning
3207	315	-100	no	external_context	Ġof
3208	279	-100	no	external_context	Ġthe
3209	1973	-100	no	external_context	Ġorder
3210	877	-100	no	external_context	Ġid
3211	10465	-100	no	external_context	"."","
3212	330	-100	no	external_context	"Ġ"""
3213	2102	-100	no	external_context	title
3214	788	-100	no	external_context	""":"
3215	330	-100	no	external_context	"Ġ"""
3216	4431	-100	no	external_context	Order
3217	5223	-100	no	external_context	ĠId
3218	497	-100	no	external_context	""","
3219	330	-100	no	external_context	"Ġ"""
3220	1313	-100	no	external_context	type
3221	788	-100	no	external_context	""":"
3222	330	-100	no	external_context	"Ġ"""
3223	917	-100	no	external_context	string
3224	14345	-100	no	external_context	"""},"
3225	330	-100	no	external_context	"Ġ"""
3226	4995	-100	no	external_context	address
3227	16	-100	no	external_context	1
3228	788	-100	no	external_context	""":"
3229	5212	-100	no	external_context	"Ġ{"""
3230	4684	-100	no	external_context	description
3231	788	-100	no	external_context	""":"
3232	330	-100	no	external_context	"Ġ"""
3233	785	-100	no	external_context	The
3234	1156	-100	no	external_context	Ġfirst
3235	1555	-100	no	external_context	Ġline
3236	315	-100	no	external_context	Ġof
3237	279	-100	no	external_context	Ġthe
3238	2621	-100	no	external_context	Ġaddress
3239	11	-100	no	external_context	,
3240	1741	-100	no	external_context	Ġsuch
3241	438	-100	no	external_context	Ġas
3242	364	-100	no	external_context	Ġ'
3243	16	-100	no	external_context	1
3244	17	-100	no	external_context	2
3245	18	-100	no	external_context	3
3246	4697	-100	no	external_context	ĠMain
3247	794	-100	no	external_context	ĠSt
3248	4427	-100	no	external_context	'.
3249	497	-100	no	external_context	""","
3250	330	-100	no	external_context	"Ġ"""
3251	2102	-100	no	external_context	title
3252	788	-100	no	external_context	""":"
3253	330	-100	no	external_context	"Ġ"""
3254	4286	-100	no	external_context	Address
3255	16	-100	no	external_context	1
3256	497	-100	no	external_context	""","
3257	330	-100	no	external_context	"Ġ"""
3258	1313	-100	no	external_context	type
3259	788	-100	no	external_context	""":"
3260	330	-100	no	external_context	"Ġ"""
3261	917	-100	no	external_context	string
3262	14345	-100	no	external_context	"""},"
3263	330	-100	no	external_context	"Ġ"""
3264	4995	-100	no	external_context	address
3265	17	-100	no	external_context	2
3266	788	-100	no	external_context	""":"
3267	5212	-100	no	external_context	"Ġ{"""
3268	4684	-100	no	external_context	description
3269	788	-100	no	external_context	""":"
3270	330	-100	no	external_context	"Ġ"""
3271	785	-100	no	external_context	The
3272	2086	-100	no	external_context	Ġsecond
3273	1555	-100	no	external_context	Ġline
3274	315	-100	no	external_context	Ġof
3275	279	-100	no	external_context	Ġthe
3276	2621	-100	no	external_context	Ġaddress
3277	11	-100	no	external_context	,
3278	1741	-100	no	external_context	Ġsuch
3279	438	-100	no	external_context	Ġas
3280	364	-100	no	external_context	Ġ'
3281	32	-100	no	external_context	A
3282	417	-100	no	external_context	pt
3283	220	-100	no	external_context	Ġ
3284	16	-100	no	external_context	1
3285	6	-100	no	external_context	'
3286	476	-100	no	external_context	Ġor
3287	3355	-100	no	external_context	Ġ''
3288	10465	-100	no	external_context	"."","
3289	330	-100	no	external_context	"Ġ"""
3290	2102	-100	no	external_context	title
3291	788	-100	no	external_context	""":"
3292	330	-100	no	external_context	"Ġ"""
3293	4286	-100	no	external_context	Address
3294	17	-100	no	external_context	2
3295	497	-100	no	external_context	""","
3296	330	-100	no	external_context	"Ġ"""
3297	1313	-100	no	external_context	type
3298	788	-100	no	external_context	""":"
3299	330	-100	no	external_context	"Ġ"""
3300	917	-100	no	external_context	string
3301	14345	-100	no	external_context	"""},"
3302	330	-100	no	external_context	"Ġ"""
3303	8926	-100	no	external_context	city
3304	788	-100	no	external_context	""":"
3305	5212	-100	no	external_context	"Ġ{"""
3306	4684	-100	no	external_context	description
3307	788	-100	no	external_context	""":"
3308	330	-100	no	external_context	"Ġ"""
3309	785	-100	no	external_context	The
3310	3283	-100	no	external_context	Ġcity
3311	11	-100	no	external_context	,
3312	1741	-100	no	external_context	Ġsuch
3313	438	-100	no	external_context	Ġas
3314	364	-100	no	external_context	Ġ'
3315	23729	-100	no	external_context	San
3316	12879	-100	no	external_context	ĠFrancisco
3317	4427	-100	no	external_context	'.
3318	497	-100	no	external_context	""","
3319	330	-100	no	external_context	"Ġ"""
3320	2102	-100	no	external_context	title
3321	788	-100	no	external_context	""":"
3322	330	-100	no	external_context	"Ġ"""
3323	12730	-100	no	external_context	City
3324	497	-100	no	external_context	""","
3325	330	-100	no	external_context	"Ġ"""
3326	1313	-100	no	external_context	type
3327	788	-100	no	external_context	""":"
3328	330	-100	no	external_context	"Ġ"""
3329	917	-100	no	external_context	string
3330	14345	-100	no	external_context	"""},"
3331	330	-100	no	external_context	"Ġ"""
3332	2454	-100	no	external_context	state
3333	788	-100	no	external_context	""":"
3334	5212	-100	no	external_context	"Ġ{"""
3335	4684	-100	no	external_context	description
3336	788	-100	no	external_context	""":"
3337	330	-100	no	external_context	"Ġ"""
3338	785	-100	no	external_context	The
3339	1584	-100	no	external_context	Ġstate
3340	11	-100	no	external_context	,
3341	1741	-100	no	external_context	Ġsuch
3342	438	-100	no	external_context	Ġas
3343	364	-100	no	external_context	Ġ'
3344	5049	-100	no	external_context	CA
3345	4427	-100	no	external_context	'.
3346	497	-100	no	external_context	""","
3347	330	-100	no	external_context	"Ġ"""
3348	2102	-100	no	external_context	title
3349	788	-100	no	external_context	""":"
3350	330	-100	no	external_context	"Ġ"""
3351	1397	-100	no	external_context	State
3352	497	-100	no	external_context	""","
3353	330	-100	no	external_context	"Ġ"""
3354	1313	-100	no	external_context	type
3355	788	-100	no	external_context	""":"
3356	330	-100	no	external_context	"Ġ"""
3357	917	-100	no	external_context	string
3358	14345	-100	no	external_context	"""},"
3359	330	-100	no	external_context	"Ġ"""
3360	11141	-100	no	external_context	country
3361	788	-100	no	external_context	""":"
3362	5212	-100	no	external_context	"Ġ{"""
3363	4684	-100	no	external_context	description
3364	788	-100	no	external_context	""":"
3365	330	-100	no	external_context	"Ġ"""
3366	785	-100	no	external_context	The
3367	3146	-100	no	external_context	Ġcountry
3368	11	-100	no	external_context	,
3369	1741	-100	no	external_context	Ġsuch
3370	438	-100	no	external_context	Ġas
3371	364	-100	no	external_context	Ġ'
3372	24347	-100	no	external_context	USA
3373	4427	-100	no	external_context	'.
3374	497	-100	no	external_context	""","
3375	330	-100	no	external_context	"Ġ"""
3376	2102	-100	no	external_context	title
3377	788	-100	no	external_context	""":"
3378	330	-100	no	external_context	"Ġ"""
3379	16408	-100	no	external_context	Country
3380	497	-100	no	external_context	""","
3381	330	-100	no	external_context	"Ġ"""
3382	1313	-100	no	external_context	type
3383	788	-100	no	external_context	""":"
3384	330	-100	no	external_context	"Ġ"""
3385	917	-100	no	external_context	string
3386	14345	-100	no	external_context	"""},"
3387	330	-100	no	external_context	"Ġ"""
3388	9964	-100	no	external_context	zip
3389	788	-100	no	external_context	""":"
3390	5212	-100	no	external_context	"Ġ{"""
3391	4684	-100	no	external_context	description
3392	788	-100	no	external_context	""":"
3393	330	-100	no	external_context	"Ġ"""
3394	785	-100	no	external_context	The
3395	10308	-100	no	external_context	Ġzip
3396	2038	-100	no	external_context	Ġcode
3397	11	-100	no	external_context	,
3398	1741	-100	no	external_context	Ġsuch
3399	438	-100	no	external_context	Ġas
3400	364	-100	no	external_context	Ġ'
3401	16	-100	no	external_context	1
3402	17	-100	no	external_context	2
3403	18	-100	no	external_context	3
3404	19	-100	no	external_context	4
3405	20	-100	no	external_context	5
3406	4427	-100	no	external_context	'.
3407	497	-100	no	external_context	""","
3408	330	-100	no	external_context	"Ġ"""
3409	2102	-100	no	external_context	title
3410	788	-100	no	external_context	""":"
3411	330	-100	no	external_context	"Ġ"""
3412	31047	-100	no	external_context	Zip
3413	497	-100	no	external_context	""","
3414	330	-100	no	external_context	"Ġ"""
3415	1313	-100	no	external_context	type
3416	788	-100	no	external_context	""":"
3417	330	-100	no	external_context	"Ġ"""
3418	917	-100	no	external_context	string
3419	9207	-100	no	external_context	"""}"
3420	2137	-100	no	external_context	},
3421	330	-100	no	external_context	"Ġ"""
3422	6279	-100	no	external_context	required
3423	788	-100	no	external_context	""":"
3424	4383	-100	no	external_context	"Ġ["""
3425	1358	-100	no	external_context	order
3426	842	-100	no	external_context	_id
3427	497	-100	no	external_context	""","
3428	330	-100	no	external_context	"Ġ"""
3429	4995	-100	no	external_context	address
3430	16	-100	no	external_context	1
3431	497	-100	no	external_context	""","
3432	330	-100	no	external_context	"Ġ"""
3433	4995	-100	no	external_context	address
3434	17	-100	no	external_context	2
3435	497	-100	no	external_context	""","
3436	330	-100	no	external_context	"Ġ"""
3437	8926	-100	no	external_context	city
3438	497	-100	no	external_context	""","
3439	330	-100	no	external_context	"Ġ"""
3440	2454	-100	no	external_context	state
3441	497	-100	no	external_context	""","
3442	330	-100	no	external_context	"Ġ"""
3443	11141	-100	no	external_context	country
3444	497	-100	no	external_context	""","
3445	330	-100	no	external_context	"Ġ"""
3446	9964	-100	no	external_context	zip
3447	7914	-100	no	external_context	"""],"
3448	330	-100	no	external_context	"Ġ"""
3449	2102	-100	no	external_context	title
3450	788	-100	no	external_context	""":"
3451	330	-100	no	external_context	"Ġ"""
3452	13786	-100	no	external_context	parameters
3453	497	-100	no	external_context	""","
3454	330	-100	no	external_context	"Ġ"""
3455	1313	-100	no	external_context	type
3456	788	-100	no	external_context	""":"
3457	330	-100	no	external_context	"Ġ"""
3458	1700	-100	no	external_context	object
3459	30975	-100	no	external_context	"""}}"
3460	532	-100	no	external_context	}Ċ
3461	4913	-100	no	external_context	"{"""
3462	1313	-100	no	external_context	type
3463	788	-100	no	external_context	""":"
3464	330	-100	no	external_context	"Ġ"""
3465	1688	-100	no	external_context	function
3466	497	-100	no	external_context	""","
3467	330	-100	no	external_context	"Ġ"""
3468	1688	-100	no	external_context	function
3469	788	-100	no	external_context	""":"
3470	5212	-100	no	external_context	"Ġ{"""
3471	606	-100	no	external_context	name
3472	788	-100	no	external_context	""":"
3473	330	-100	no	external_context	"Ġ"""
3474	34053	-100	no	external_context	modify
3475	37861	-100	no	external_context	_pending
3476	7869	-100	no	external_context	_order
3477	12134	-100	no	external_context	_items
3478	497	-100	no	external_context	""","
3479	330	-100	no	external_context	"Ġ"""
3480	4684	-100	no	external_context	description
3481	788	-100	no	external_context	""":"
3482	330	-100	no	external_context	"Ġ"""
3483	44427	-100	no	external_context	Modify
3484	3589	-100	no	external_context	Ġitems
3485	304	-100	no	external_context	Ġin
3486	264	-100	no	external_context	Ġa
3487	15280	-100	no	external_context	Ġpending
3488	1973	-100	no	external_context	Ġorder
3489	311	-100	no	external_context	Ġto
3490	501	-100	no	external_context	Ġnew
3491	3589	-100	no	external_context	Ġitems
3492	315	-100	no	external_context	Ġof
3493	279	-100	no	external_context	Ġthe
3494	1852	-100	no	external_context	Ġsame
3495	1985	-100	no	external_context	Ġproduct
3496	943	-100	no	external_context	Ġtype
3497	13	-100	no	external_context	.
3498	1752	-100	no	external_context	ĠFor
3499	264	-100	no	external_context	Ġa
3500	15280	-100	no	external_context	Ġpending
3501	1973	-100	no	external_context	Ġorder
3502	11	-100	no	external_context	,
3503	419	-100	no	external_context	Ġthis
3504	729	-100	no	external_context	Ġfunction
3505	646	-100	no	external_context	Ġcan
3506	1172	-100	no	external_context	Ġonly
3507	387	-100	no	external_context	Ġbe
3508	2598	-100	no	external_context	Ġcalled
3509	3055	-100	no	external_context	Ġonce
3510	13	-100	no	external_context	.
3511	576	-100	no	external_context	ĠThe
3512	8315	-100	no	external_context	Ġagent
3513	3880	-100	no	external_context	Ġneeds
3514	311	-100	no	external_context	Ġto
3515	10339	-100	no	external_context	Ġexplain
3516	279	-100	no	external_context	Ġthe
3517	9289	-100	no	external_context	Ġexchange
3518	7716	-100	no	external_context	Ġdetail
3519	323	-100	no	external_context	Ġand
3520	2548	-100	no	external_context	Ġask
3521	369	-100	no	external_context	Ġfor
3522	11464	-100	no	external_context	Ġexplicit
3523	1196	-100	no	external_context	Ġuser
3524	19539	-100	no	external_context	Ġconfirmation
3525	320	-100	no	external_context	Ġ(
3526	9693	-100	no	external_context	yes
3527	33100	-100	no	external_context	/no
3528	8	-100	no	external_context	)
3529	311	-100	no	external_context	Ġto
3530	10354	-100	no	external_context	Ġproceed
3531	10465	-100	no	external_context	"."","
3532	330	-100	no	external_context	"Ġ"""
3533	13786	-100	no	external_context	parameters
3534	788	-100	no	external_context	""":"
3535	5212	-100	no	external_context	"Ġ{"""
3536	13193	-100	no	external_context	properties
3537	788	-100	no	external_context	""":"
3538	5212	-100	no	external_context	"Ġ{"""
3539	1358	-100	no	external_context	order
3540	842	-100	no	external_context	_id
3541	788	-100	no	external_context	""":"
3542	5212	-100	no	external_context	"Ġ{"""
3543	4684	-100	no	external_context	description
3544	788	-100	no	external_context	""":"
3545	330	-100	no	external_context	"Ġ"""
3546	785	-100	no	external_context	The
3547	1973	-100	no	external_context	Ġorder
3548	877	-100	no	external_context	Ġid
3549	11	-100	no	external_context	,
3550	1741	-100	no	external_context	Ġsuch
3551	438	-100	no	external_context	Ġas
3552	5875	-100	no	external_context	Ġ'#
3553	54	-100	no	external_context	W
3554	15	-100	no	external_context	0
3555	15	-100	no	external_context	0
3556	15	-100	no	external_context	0
3557	15	-100	no	external_context	0
3558	15	-100	no	external_context	0
3559	15	-100	no	external_context	0
3560	15	-100	no	external_context	0
3561	4427	-100	no	external_context	'.
3562	2823	-100	no	external_context	ĠBe
3563	16585	-100	no	external_context	Ġcareful
3564	1052	-100	no	external_context	Ġthere
3565	374	-100	no	external_context	Ġis
3566	264	-100	no	external_context	Ġa
3567	57250	-100	no	external_context	Ġ'#'
3568	7735	-100	no	external_context	Ġsymbol
3569	518	-100	no	external_context	Ġat
3570	279	-100	no	external_context	Ġthe
3571	7167	-100	no	external_context	Ġbeginning
3572	315	-100	no	external_context	Ġof
3573	279	-100	no	external_context	Ġthe
3574	1973	-100	no	external_context	Ġorder
3575	877	-100	no	external_context	Ġid
3576	10465	-100	no	external_context	"."","
3577	330	-100	no	external_context	"Ġ"""
3578	2102	-100	no	external_context	title
3579	788	-100	no	external_context	""":"
3580	330	-100	no	external_context	"Ġ"""
3581	4431	-100	no	external_context	Order
3582	5223	-100	no	external_context	ĠId
3583	497	-100	no	external_context	""","
3584	330	-100	no	external_context	"Ġ"""
3585	1313	-100	no	external_context	type
3586	788	-100	no	external_context	""":"
3587	330	-100	no	external_context	"Ġ"""
3588	917	-100	no	external_context	string
3589	14345	-100	no	external_context	"""},"
3590	330	-100	no	external_context	"Ġ"""
3591	1203	-100	no	external_context	item
3592	8077	-100	no	external_context	_ids
3593	788	-100	no	external_context	""":"
3594	5212	-100	no	external_context	"Ġ{"""
3595	4684	-100	no	external_context	description
3596	788	-100	no	external_context	""":"
3597	330	-100	no	external_context	"Ġ"""
3598	785	-100	no	external_context	The
3599	1509	-100	no	external_context	Ġitem
3600	14151	-100	no	external_context	Ġids
3601	311	-100	no	external_context	Ġto
3602	387	-100	no	external_context	Ġbe
3603	10807	-100	no	external_context	Ġmodified
3604	11	-100	no	external_context	,
3605	1817	-100	no	external_context	Ġeach
3606	1741	-100	no	external_context	Ġsuch
3607	438	-100	no	external_context	Ġas
3608	364	-100	no	external_context	Ġ'
3609	16	-100	no	external_context	1
3610	15	-100	no	external_context	0
3611	15	-100	no	external_context	0
3612	23	-100	no	external_context	8
3613	17	-100	no	external_context	2
3614	24	-100	no	external_context	9
3615	17	-100	no	external_context	2
3616	17	-100	no	external_context	2
3617	18	-100	no	external_context	3
3618	15	-100	no	external_context	0
3619	4427	-100	no	external_context	'.
3620	2619	-100	no	external_context	ĠThere
3621	1410	-100	no	external_context	Ġcould
3622	387	-100	no	external_context	Ġbe
3623	22513	-100	no	external_context	Ġduplicate
3624	3589	-100	no	external_context	Ġitems
3625	304	-100	no	external_context	Ġin
3626	279	-100	no	external_context	Ġthe
3627	1140	-100	no	external_context	Ġlist
3628	10465	-100	no	external_context	"."","
3629	330	-100	no	external_context	"Ġ"""
3630	3615	-100	no	external_context	items
3631	788	-100	no	external_context	""":"
3632	5212	-100	no	external_context	"Ġ{"""
3633	1313	-100	no	external_context	type
3634	788	-100	no	external_context	""":"
3635	330	-100	no	external_context	"Ġ"""
3636	917	-100	no	external_context	string
3637	14345	-100	no	external_context	"""},"
3638	330	-100	no	external_context	"Ġ"""
3639	2102	-100	no	external_context	title
3640	788	-100	no	external_context	""":"
3641	330	-100	no	external_context	"Ġ"""
3642	1234	-100	no	external_context	Item
3643	5223	-100	no	external_context	ĠId
3644	82	-100	no	external_context	s
3645	497	-100	no	external_context	""","
3646	330	-100	no	external_context	"Ġ"""
3647	1313	-100	no	external_context	type
3648	788	-100	no	external_context	""":"
3649	330	-100	no	external_context	"Ġ"""
3650	1653	-100	no	external_context	array
3651	14345	-100	no	external_context	"""},"
3652	330	-100	no	external_context	"Ġ"""
3653	931	-100	no	external_context	new
3654	5634	-100	no	external_context	_item
3655	8077	-100	no	external_context	_ids
3656	788	-100	no	external_context	""":"
3657	5212	-100	no	external_context	"Ġ{"""
3658	4684	-100	no	external_context	description
3659	788	-100	no	external_context	""":"
3660	330	-100	no	external_context	"Ġ"""
3661	785	-100	no	external_context	The
3662	1509	-100	no	external_context	Ġitem
3663	14151	-100	no	external_context	Ġids
3664	311	-100	no	external_context	Ġto
3665	387	-100	no	external_context	Ġbe
3666	10807	-100	no	external_context	Ġmodified
3667	369	-100	no	external_context	Ġfor
3668	11	-100	no	external_context	,
3669	1817	-100	no	external_context	Ġeach
3670	1741	-100	no	external_context	Ġsuch
3671	438	-100	no	external_context	Ġas
3672	364	-100	no	external_context	Ġ'
3673	16	-100	no	external_context	1
3674	15	-100	no	external_context	0
3675	15	-100	no	external_context	0
3676	23	-100	no	external_context	8
3677	17	-100	no	external_context	2
3678	24	-100	no	external_context	9
3679	17	-100	no	external_context	2
3680	17	-100	no	external_context	2
3681	18	-100	no	external_context	3
3682	15	-100	no	external_context	0
3683	4427	-100	no	external_context	'.
3684	2619	-100	no	external_context	ĠThere
3685	1410	-100	no	external_context	Ġcould
3686	387	-100	no	external_context	Ġbe
3687	22513	-100	no	external_context	Ġduplicate
3688	3589	-100	no	external_context	Ġitems
3689	304	-100	no	external_context	Ġin
3690	279	-100	no	external_context	Ġthe
3691	1140	-100	no	external_context	Ġlist
3692	13	-100	no	external_context	.
3693	8886	-100	no	external_context	ĠEach
3694	501	-100	no	external_context	Ġnew
3695	1509	-100	no	external_context	Ġitem
3696	877	-100	no	external_context	Ġid
3697	1265	-100	no	external_context	Ġshould
3698	2432	-100	no	external_context	Ġmatch
3699	279	-100	no	external_context	Ġthe
3700	1509	-100	no	external_context	Ġitem
3701	877	-100	no	external_context	Ġid
3702	304	-100	no	external_context	Ġin
3703	279	-100	no	external_context	Ġthe
3704	1852	-100	no	external_context	Ġsame
3705	2309	-100	no	external_context	Ġposition
3706	323	-100	no	external_context	Ġand
3707	387	-100	no	external_context	Ġbe
3708	315	-100	no	external_context	Ġof
3709	279	-100	no	external_context	Ġthe
3710	1852	-100	no	external_context	Ġsame
3711	1985	-100	no	external_context	Ġproduct
3712	10465	-100	no	external_context	"."","
3713	330	-100	no	external_context	"Ġ"""
3714	3615	-100	no	external_context	items
3715	788	-100	no	external_context	""":"
3716	5212	-100	no	external_context	"Ġ{"""
3717	1313	-100	no	external_context	type
3718	788	-100	no	external_context	""":"
3719	330	-100	no	external_context	"Ġ"""
3720	917	-100	no	external_context	string
3721	14345	-100	no	external_context	"""},"
3722	330	-100	no	external_context	"Ġ"""
3723	2102	-100	no	external_context	title
3724	788	-100	no	external_context	""":"
3725	330	-100	no	external_context	"Ġ"""
3726	3564	-100	no	external_context	New
3727	5739	-100	no	external_context	ĠItem
3728	5223	-100	no	external_context	ĠId
3729	82	-100	no	external_context	s
3730	497	-100	no	external_context	""","
3731	330	-100	no	external_context	"Ġ"""
3732	1313	-100	no	external_context	type
3733	788	-100	no	external_context	""":"
3734	330	-100	no	external_context	"Ġ"""
3735	1653	-100	no	external_context	array
3736	14345	-100	no	external_context	"""},"
3737	330	-100	no	external_context	"Ġ"""
3738	13755	-100	no	external_context	payment
3739	9032	-100	no	external_context	_method
3740	842	-100	no	external_context	_id
3741	788	-100	no	external_context	""":"
3742	5212	-100	no	external_context	"Ġ{"""
3743	4684	-100	no	external_context	description
3744	788	-100	no	external_context	""":"
3745	330	-100	no	external_context	"Ġ"""
3746	785	-100	no	external_context	The
3747	8160	-100	no	external_context	Ġpayment
3748	1714	-100	no	external_context	Ġmethod
3749	877	-100	no	external_context	Ġid
3750	311	-100	no	external_context	Ġto
3751	2291	-100	no	external_context	Ġpay
3752	476	-100	no	external_context	Ġor
3753	5258	-100	no	external_context	Ġreceive
3754	20965	-100	no	external_context	Ġrefund
3755	369	-100	no	external_context	Ġfor
3756	279	-100	no	external_context	Ġthe
3757	1509	-100	no	external_context	Ġitem
3758	3349	-100	no	external_context	Ġprice
3759	6672	-100	no	external_context	Ġdifference
3760	11	-100	no	external_context	,
3761	1741	-100	no	external_context	Ġsuch
3762	438	-100	no	external_context	Ġas
3763	364	-100	no	external_context	Ġ'
3764	52330	-100	no	external_context	gift
3765	16888	-100	no	external_context	_card
3766	62	-100	no	external_context	_
3767	15	-100	no	external_context	0
3768	15	-100	no	external_context	0
3769	15	-100	no	external_context	0
3770	15	-100	no	external_context	0
3771	15	-100	no	external_context	0
3772	15	-100	no	external_context	0
3773	15	-100	no	external_context	0
3774	6	-100	no	external_context	'
3775	476	-100	no	external_context	Ġor
3776	364	-100	no	external_context	Ġ'
3777	23311	-100	no	external_context	credit
3778	16888	-100	no	external_context	_card
3779	62	-100	no	external_context	_
3780	15	-100	no	external_context	0
3781	15	-100	no	external_context	0
3782	15	-100	no	external_context	0
3783	15	-100	no	external_context	0
3784	15	-100	no	external_context	0
3785	15	-100	no	external_context	0
3786	15	-100	no	external_context	0
3787	4427	-100	no	external_context	'.
3788	4220	-100	no	external_context	ĠThese
3789	646	-100	no	external_context	Ġcan
3790	387	-100	no	external_context	Ġbe
3791	6966	-100	no	external_context	Ġlooked
3792	705	-100	no	external_context	Ġup
3793	504	-100	no	external_context	Ġfrom
3794	279	-100	no	external_context	Ġthe
3795	1196	-100	no	external_context	Ġuser
3796	476	-100	no	external_context	Ġor
3797	1973	-100	no	external_context	Ġorder
3798	3565	-100	no	external_context	Ġdetails
3799	10465	-100	no	external_context	"."","
3800	330	-100	no	external_context	"Ġ"""
3801	2102	-100	no	external_context	title
3802	788	-100	no	external_context	""":"
3803	330	-100	no	external_context	"Ġ"""
3804	20188	-100	no	external_context	Payment
3805	6730	-100	no	external_context	ĠMethod
3806	5223	-100	no	external_context	ĠId
3807	497	-100	no	external_context	""","
3808	330	-100	no	external_context	"Ġ"""
3809	1313	-100	no	external_context	type
3810	788	-100	no	external_context	""":"
3811	330	-100	no	external_context	"Ġ"""
3812	917	-100	no	external_context	string
3813	9207	-100	no	external_context	"""}"
3814	2137	-100	no	external_context	},
3815	330	-100	no	external_context	"Ġ"""
3816	6279	-100	no	external_context	required
3817	788	-100	no	external_context	""":"
3818	4383	-100	no	external_context	"Ġ["""
3819	1358	-100	no	external_context	order
3820	842	-100	no	external_context	_id
3821	497	-100	no	external_context	""","
3822	330	-100	no	external_context	"Ġ"""
3823	1203	-100	no	external_context	item
3824	8077	-100	no	external_context	_ids
3825	497	-100	no	external_context	""","
3826	330	-100	no	external_context	"Ġ"""
3827	931	-100	no	external_context	new
3828	5634	-100	no	external_context	_item
3829	8077	-100	no	external_context	_ids
3830	497	-100	no	external_context	""","
3831	330	-100	no	external_context	"Ġ"""
3832	13755	-100	no	external_context	payment
3833	9032	-100	no	external_context	_method
3834	842	-100	no	external_context	_id
3835	7914	-100	no	external_context	"""],"
3836	330	-100	no	external_context	"Ġ"""
3837	2102	-100	no	external_context	title
3838	788	-100	no	external_context	""":"
3839	330	-100	no	external_context	"Ġ"""
3840	13786	-100	no	external_context	parameters
3841	497	-100	no	external_context	""","
3842	330	-100	no	external_context	"Ġ"""
3843	1313	-100	no	external_context	type
3844	788	-100	no	external_context	""":"
3845	330	-100	no	external_context	"Ġ"""
3846	1700	-100	no	external_context	object
3847	30975	-100	no	external_context	"""}}"
3848	532	-100	no	external_context	}Ċ
3849	4913	-100	no	external_context	"{"""
3850	1313	-100	no	external_context	type
3851	788	-100	no	external_context	""":"
3852	330	-100	no	external_context	"Ġ"""
3853	1688	-100	no	external_context	function
3854	497	-100	no	external_context	""","
3855	330	-100	no	external_context	"Ġ"""
3856	1688	-100	no	external_context	function
3857	788	-100	no	external_context	""":"
3858	5212	-100	no	external_context	"Ġ{"""
3859	606	-100	no	external_context	name
3860	788	-100	no	external_context	""":"
3861	330	-100	no	external_context	"Ġ"""
3862	34053	-100	no	external_context	modify
3863	37861	-100	no	external_context	_pending
3864	7869	-100	no	external_context	_order
3865	26696	-100	no	external_context	_payment
3866	497	-100	no	external_context	""","
3867	330	-100	no	external_context	"Ġ"""
3868	4684	-100	no	external_context	description
3869	788	-100	no	external_context	""":"
3870	330	-100	no	external_context	"Ġ"""
3871	44427	-100	no	external_context	Modify
3872	279	-100	no	external_context	Ġthe
3873	8160	-100	no	external_context	Ġpayment
3874	1714	-100	no	external_context	Ġmethod
3875	315	-100	no	external_context	Ġof
3876	264	-100	no	external_context	Ġa
3877	15280	-100	no	external_context	Ġpending
3878	1973	-100	no	external_context	Ġorder
3879	13	-100	no	external_context	.
3880	576	-100	no	external_context	ĠThe
3881	8315	-100	no	external_context	Ġagent
3882	3880	-100	no	external_context	Ġneeds
3883	311	-100	no	external_context	Ġto
3884	10339	-100	no	external_context	Ġexplain
3885	279	-100	no	external_context	Ġthe
3886	17030	-100	no	external_context	Ġmodification
3887	7716	-100	no	external_context	Ġdetail
3888	323	-100	no	external_context	Ġand
3889	2548	-100	no	external_context	Ġask
3890	369	-100	no	external_context	Ġfor
3891	11464	-100	no	external_context	Ġexplicit
3892	1196	-100	no	external_context	Ġuser
3893	19539	-100	no	external_context	Ġconfirmation
3894	320	-100	no	external_context	Ġ(
3895	9693	-100	no	external_context	yes
3896	33100	-100	no	external_context	/no
3897	8	-100	no	external_context	)
3898	311	-100	no	external_context	Ġto
3899	10354	-100	no	external_context	Ġproceed
3900	10465	-100	no	external_context	"."","
3901	330	-100	no	external_context	"Ġ"""
3902	13786	-100	no	external_context	parameters
3903	788	-100	no	external_context	""":"
3904	5212	-100	no	external_context	"Ġ{"""
3905	13193	-100	no	external_context	properties
3906	788	-100	no	external_context	""":"
3907	5212	-100	no	external_context	"Ġ{"""
3908	1358	-100	no	external_context	order
3909	842	-100	no	external_context	_id
3910	788	-100	no	external_context	""":"
3911	5212	-100	no	external_context	"Ġ{"""
3912	4684	-100	no	external_context	description
3913	788	-100	no	external_context	""":"
3914	330	-100	no	external_context	"Ġ"""
3915	785	-100	no	external_context	The
3916	1973	-100	no	external_context	Ġorder
3917	877	-100	no	external_context	Ġid
3918	11	-100	no	external_context	,
3919	1741	-100	no	external_context	Ġsuch
3920	438	-100	no	external_context	Ġas
3921	5875	-100	no	external_context	Ġ'#
3922	54	-100	no	external_context	W
3923	15	-100	no	external_context	0
3924	15	-100	no	external_context	0
3925	15	-100	no	external_context	0
3926	15	-100	no	external_context	0
3927	15	-100	no	external_context	0
3928	15	-100	no	external_context	0
3929	15	-100	no	external_context	0
3930	4427	-100	no	external_context	'.
3931	2823	-100	no	external_context	ĠBe
3932	16585	-100	no	external_context	Ġcareful
3933	1052	-100	no	external_context	Ġthere
3934	374	-100	no	external_context	Ġis
3935	264	-100	no	external_context	Ġa
3936	57250	-100	no	external_context	Ġ'#'
3937	7735	-100	no	external_context	Ġsymbol
3938	518	-100	no	external_context	Ġat
3939	279	-100	no	external_context	Ġthe
3940	7167	-100	no	external_context	Ġbeginning
3941	315	-100	no	external_context	Ġof
3942	279	-100	no	external_context	Ġthe
3943	1973	-100	no	external_context	Ġorder
3944	877	-100	no	external_context	Ġid
3945	10465	-100	no	external_context	"."","
3946	330	-100	no	external_context	"Ġ"""
3947	2102	-100	no	external_context	title
3948	788	-100	no	external_context	""":"
3949	330	-100	no	external_context	"Ġ"""
3950	4431	-100	no	external_context	Order
3951	5223	-100	no	external_context	ĠId
3952	497	-100	no	external_context	""","
3953	330	-100	no	external_context	"Ġ"""
3954	1313	-100	no	external_context	type
3955	788	-100	no	external_context	""":"
3956	330	-100	no	external_context	"Ġ"""
3957	917	-100	no	external_context	string
3958	14345	-100	no	external_context	"""},"
3959	330	-100	no	external_context	"Ġ"""
3960	13755	-100	no	external_context	payment
3961	9032	-100	no	external_context	_method
3962	842	-100	no	external_context	_id
3963	788	-100	no	external_context	""":"
3964	5212	-100	no	external_context	"Ġ{"""
3965	4684	-100	no	external_context	description
3966	788	-100	no	external_context	""":"
3967	330	-100	no	external_context	"Ġ"""
3968	785	-100	no	external_context	The
3969	8160	-100	no	external_context	Ġpayment
3970	1714	-100	no	external_context	Ġmethod
3971	877	-100	no	external_context	Ġid
3972	311	-100	no	external_context	Ġto
3973	2291	-100	no	external_context	Ġpay
3974	476	-100	no	external_context	Ġor
3975	5258	-100	no	external_context	Ġreceive
3976	20965	-100	no	external_context	Ġrefund
3977	369	-100	no	external_context	Ġfor
3978	279	-100	no	external_context	Ġthe
3979	1509	-100	no	external_context	Ġitem
3980	3349	-100	no	external_context	Ġprice
3981	6672	-100	no	external_context	Ġdifference
3982	11	-100	no	external_context	,
3983	1741	-100	no	external_context	Ġsuch
3984	438	-100	no	external_context	Ġas
3985	364	-100	no	external_context	Ġ'
3986	52330	-100	no	external_context	gift
3987	16888	-100	no	external_context	_card
3988	62	-100	no	external_context	_
3989	15	-100	no	external_context	0
3990	15	-100	no	external_context	0
3991	15	-100	no	external_context	0
3992	15	-100	no	external_context	0
3993	15	-100	no	external_context	0
3994	15	-100	no	external_context	0
3995	15	-100	no	external_context	0
3996	6	-100	no	external_context	'
3997	476	-100	no	external_context	Ġor
3998	364	-100	no	external_context	Ġ'
3999	23311	-100	no	external_context	credit
4000	16888	-100	no	external_context	_card
4001	62	-100	no	external_context	_
4002	15	-100	no	external_context	0
4003	15	-100	no	external_context	0
4004	15	-100	no	external_context	0
4005	15	-100	no	external_context	0
4006	15	-100	no	external_context	0
4007	15	-100	no	external_context	0
4008	15	-100	no	external_context	0
4009	4427	-100	no	external_context	'.
4010	4220	-100	no	external_context	ĠThese
4011	646	-100	no	external_context	Ġcan
4012	387	-100	no	external_context	Ġbe
4013	6966	-100	no	external_context	Ġlooked
4014	705	-100	no	external_context	Ġup
4015	504	-100	no	external_context	Ġfrom
4016	279	-100	no	external_context	Ġthe
4017	1196	-100	no	external_context	Ġuser
4018	476	-100	no	external_context	Ġor
4019	1973	-100	no	external_context	Ġorder
4020	3565	-100	no	external_context	Ġdetails
4021	10465	-100	no	external_context	"."","
4022	330	-100	no	external_context	"Ġ"""
4023	2102	-100	no	external_context	title
4024	788	-100	no	external_context	""":"
4025	330	-100	no	external_context	"Ġ"""
4026	20188	-100	no	external_context	Payment
4027	6730	-100	no	external_context	ĠMethod
4028	5223	-100	no	external_context	ĠId
4029	497	-100	no	external_context	""","
4030	330	-100	no	external_context	"Ġ"""
4031	1313	-100	no	external_context	type
4032	788	-100	no	external_context	""":"
4033	330	-100	no	external_context	"Ġ"""
4034	917	-100	no	external_context	string
4035	9207	-100	no	external_context	"""}"
4036	2137	-100	no	external_context	},
4037	330	-100	no	external_context	"Ġ"""
4038	6279	-100	no	external_context	required
4039	788	-100	no	external_context	""":"
4040	4383	-100	no	external_context	"Ġ["""
4041	1358	-100	no	external_context	order
4042	842	-100	no	external_context	_id
4043	497	-100	no	external_context	""","
4044	330	-100	no	external_context	"Ġ"""
4045	13755	-100	no	external_context	payment
4046	9032	-100	no	external_context	_method
4047	842	-100	no	external_context	_id
4048	7914	-100	no	external_context	"""],"
4049	330	-100	no	external_context	"Ġ"""
4050	2102	-100	no	external_context	title
4051	788	-100	no	external_context	""":"
4052	330	-100	no	external_context	"Ġ"""
4053	13786	-100	no	external_context	parameters
4054	497	-100	no	external_context	""","
4055	330	-100	no	external_context	"Ġ"""
4056	1313	-100	no	external_context	type
4057	788	-100	no	external_context	""":"
4058	330	-100	no	external_context	"Ġ"""
4059	1700	-100	no	external_context	object
4060	30975	-100	no	external_context	"""}}"
4061	532	-100	no	external_context	}Ċ
4062	4913	-100	no	external_context	"{"""
4063	1313	-100	no	external_context	type
4064	788	-100	no	external_context	""":"
4065	330	-100	no	external_context	"Ġ"""
4066	1688	-100	no	external_context	function
4067	497	-100	no	external_context	""","
4068	330	-100	no	external_context	"Ġ"""
4069	1688	-100	no	external_context	function
4070	788	-100	no	external_context	""":"
4071	5212	-100	no	external_context	"Ġ{"""
4072	606	-100	no	external_context	name
4073	788	-100	no	external_context	""":"
4074	330	-100	no	external_context	"Ġ"""
4075	34053	-100	no	external_context	modify
4076	3317	-100	no	external_context	_user
4077	6744	-100	no	external_context	_address
4078	497	-100	no	external_context	""","
4079	330	-100	no	external_context	"Ġ"""
4080	4684	-100	no	external_context	description
4081	788	-100	no	external_context	""":"
4082	330	-100	no	external_context	"Ġ"""
4083	44427	-100	no	external_context	Modify
4084	279	-100	no	external_context	Ġthe
4085	1638	-100	no	external_context	Ġdefault
4086	2621	-100	no	external_context	Ġaddress
4087	315	-100	no	external_context	Ġof
4088	264	-100	no	external_context	Ġa
4089	1196	-100	no	external_context	Ġuser
4090	13	-100	no	external_context	.
4091	576	-100	no	external_context	ĠThe
4092	8315	-100	no	external_context	Ġagent
4093	3880	-100	no	external_context	Ġneeds
4094	311	-100	no	external_context	Ġto
4095	10339	-100	no	external_context	Ġexplain
4096	279	-100	no	external_context	Ġthe
4097	17030	-100	no	external_context	Ġmodification
4098	7716	-100	no	external_context	Ġdetail
4099	323	-100	no	external_context	Ġand
4100	2548	-100	no	external_context	Ġask
4101	369	-100	no	external_context	Ġfor
4102	11464	-100	no	external_context	Ġexplicit
4103	1196	-100	no	external_context	Ġuser
4104	19539	-100	no	external_context	Ġconfirmation
4105	320	-100	no	external_context	Ġ(
4106	9693	-100	no	external_context	yes
4107	33100	-100	no	external_context	/no
4108	8	-100	no	external_context	)
4109	311	-100	no	external_context	Ġto
4110	10354	-100	no	external_context	Ġproceed
4111	10465	-100	no	external_context	"."","
4112	330	-100	no	external_context	"Ġ"""
4113	13786	-100	no	external_context	parameters
4114	788	-100	no	external_context	""":"
4115	5212	-100	no	external_context	"Ġ{"""
4116	13193	-100	no	external_context	properties
4117	788	-100	no	external_context	""":"
4118	5212	-100	no	external_context	"Ġ{"""
4119	872	-100	no	external_context	user
4120	842	-100	no	external_context	_id
4121	788	-100	no	external_context	""":"
4122	5212	-100	no	external_context	"Ġ{"""
4123	4684	-100	no	external_context	description
4124	788	-100	no	external_context	""":"
4125	330	-100	no	external_context	"Ġ"""
4126	785	-100	no	external_context	The
4127	1196	-100	no	external_context	Ġuser
4128	877	-100	no	external_context	Ġid
4129	11	-100	no	external_context	,
4130	1741	-100	no	external_context	Ġsuch
4131	438	-100	no	external_context	Ġas
4132	364	-100	no	external_context	Ġ'
4133	82	-100	no	external_context	s
4134	5059	-100	no	external_context	ara
4135	814	-100	no	external_context	_d
4136	4644	-100	no	external_context	oe
4137	62	-100	no	external_context	_
4138	19	-100	no	external_context	4
4139	24	-100	no	external_context	9
4140	21	-100	no	external_context	6
4141	4427	-100	no	external_context	'.
4142	497	-100	no	external_context	""","
4143	330	-100	no	external_context	"Ġ"""
4144	2102	-100	no	external_context	title
4145	788	-100	no	external_context	""":"
4146	330	-100	no	external_context	"Ġ"""
4147	1474	-100	no	external_context	User
4148	5223	-100	no	external_context	ĠId
4149	497	-100	no	external_context	""","
4150	330	-100	no	external_context	"Ġ"""
4151	1313	-100	no	external_context	type
4152	788	-100	no	external_context	""":"
4153	330	-100	no	external_context	"Ġ"""
4154	917	-100	no	external_context	string
4155	14345	-100	no	external_context	"""},"
4156	330	-100	no	external_context	"Ġ"""
4157	4995	-100	no	external_context	address
4158	16	-100	no	external_context	1
4159	788	-100	no	external_context	""":"
4160	5212	-100	no	external_context	"Ġ{"""
4161	4684	-100	no	external_context	description
4162	788	-100	no	external_context	""":"
4163	330	-100	no	external_context	"Ġ"""
4164	785	-100	no	external_context	The
4165	1156	-100	no	external_context	Ġfirst
4166	1555	-100	no	external_context	Ġline
4167	315	-100	no	external_context	Ġof
4168	279	-100	no	external_context	Ġthe
4169	2621	-100	no	external_context	Ġaddress
4170	11	-100	no	external_context	,
4171	1741	-100	no	external_context	Ġsuch
4172	438	-100	no	external_context	Ġas
4173	364	-100	no	external_context	Ġ'
4174	16	-100	no	external_context	1
4175	17	-100	no	external_context	2
4176	18	-100	no	external_context	3
4177	4697	-100	no	external_context	ĠMain
4178	794	-100	no	external_context	ĠSt
4179	4427	-100	no	external_context	'.
4180	497	-100	no	external_context	""","
4181	330	-100	no	external_context	"Ġ"""
4182	2102	-100	no	external_context	title
4183	788	-100	no	external_context	""":"
4184	330	-100	no	external_context	"Ġ"""
4185	4286	-100	no	external_context	Address
4186	16	-100	no	external_context	1
4187	497	-100	no	external_context	""","
4188	330	-100	no	external_context	"Ġ"""
4189	1313	-100	no	external_context	type
4190	788	-100	no	external_context	""":"
4191	330	-100	no	external_context	"Ġ"""
4192	917	-100	no	external_context	string
4193	14345	-100	no	external_context	"""},"
4194	330	-100	no	external_context	"Ġ"""
4195	4995	-100	no	external_context	address
4196	17	-100	no	external_context	2
4197	788	-100	no	external_context	""":"
4198	5212	-100	no	external_context	"Ġ{"""
4199	4684	-100	no	external_context	description
4200	788	-100	no	external_context	""":"
4201	330	-100	no	external_context	"Ġ"""
4202	785	-100	no	external_context	The
4203	2086	-100	no	external_context	Ġsecond
4204	1555	-100	no	external_context	Ġline
4205	315	-100	no	external_context	Ġof
4206	279	-100	no	external_context	Ġthe
4207	2621	-100	no	external_context	Ġaddress
4208	11	-100	no	external_context	,
4209	1741	-100	no	external_context	Ġsuch
4210	438	-100	no	external_context	Ġas
4211	364	-100	no	external_context	Ġ'
4212	32	-100	no	external_context	A
4213	417	-100	no	external_context	pt
4214	220	-100	no	external_context	Ġ
4215	16	-100	no	external_context	1
4216	6	-100	no	external_context	'
4217	476	-100	no	external_context	Ġor
4218	3355	-100	no	external_context	Ġ''
4219	10465	-100	no	external_context	"."","
4220	330	-100	no	external_context	"Ġ"""
4221	2102	-100	no	external_context	title
4222	788	-100	no	external_context	""":"
4223	330	-100	no	external_context	"Ġ"""
4224	4286	-100	no	external_context	Address
4225	17	-100	no	external_context	2
4226	497	-100	no	external_context	""","
4227	330	-100	no	external_context	"Ġ"""
4228	1313	-100	no	external_context	type
4229	788	-100	no	external_context	""":"
4230	330	-100	no	external_context	"Ġ"""
4231	917	-100	no	external_context	string
4232	14345	-100	no	external_context	"""},"
4233	330	-100	no	external_context	"Ġ"""
4234	8926	-100	no	external_context	city
4235	788	-100	no	external_context	""":"
4236	5212	-100	no	external_context	"Ġ{"""
4237	4684	-100	no	external_context	description
4238	788	-100	no	external_context	""":"
4239	330	-100	no	external_context	"Ġ"""
4240	785	-100	no	external_context	The
4241	3283	-100	no	external_context	Ġcity
4242	11	-100	no	external_context	,
4243	1741	-100	no	external_context	Ġsuch
4244	438	-100	no	external_context	Ġas
4245	364	-100	no	external_context	Ġ'
4246	23729	-100	no	external_context	San
4247	12879	-100	no	external_context	ĠFrancisco
4248	4427	-100	no	external_context	'.
4249	497	-100	no	external_context	""","
4250	330	-100	no	external_context	"Ġ"""
4251	2102	-100	no	external_context	title
4252	788	-100	no	external_context	""":"
4253	330	-100	no	external_context	"Ġ"""
4254	12730	-100	no	external_context	City
4255	497	-100	no	external_context	""","
4256	330	-100	no	external_context	"Ġ"""
4257	1313	-100	no	external_context	type
4258	788	-100	no	external_context	""":"
4259	330	-100	no	external_context	"Ġ"""
4260	917	-100	no	external_context	string
4261	14345	-100	no	external_context	"""},"
4262	330	-100	no	external_context	"Ġ"""
4263	2454	-100	no	external_context	state
4264	788	-100	no	external_context	""":"
4265	5212	-100	no	external_context	"Ġ{"""
4266	4684	-100	no	external_context	description
4267	788	-100	no	external_context	""":"
4268	330	-100	no	external_context	"Ġ"""
4269	785	-100	no	external_context	The
4270	1584	-100	no	external_context	Ġstate
4271	11	-100	no	external_context	,
4272	1741	-100	no	external_context	Ġsuch
4273	438	-100	no	external_context	Ġas
4274	364	-100	no	external_context	Ġ'
4275	5049	-100	no	external_context	CA
4276	4427	-100	no	external_context	'.
4277	497	-100	no	external_context	""","
4278	330	-100	no	external_context	"Ġ"""
4279	2102	-100	no	external_context	title
4280	788	-100	no	external_context	""":"
4281	330	-100	no	external_context	"Ġ"""
4282	1397	-100	no	external_context	State
4283	497	-100	no	external_context	""","
4284	330	-100	no	external_context	"Ġ"""
4285	1313	-100	no	external_context	type
4286	788	-100	no	external_context	""":"
4287	330	-100	no	external_context	"Ġ"""
4288	917	-100	no	external_context	string
4289	14345	-100	no	external_context	"""},"
4290	330	-100	no	external_context	"Ġ"""
4291	11141	-100	no	external_context	country
4292	788	-100	no	external_context	""":"
4293	5212	-100	no	external_context	"Ġ{"""
4294	4684	-100	no	external_context	description
4295	788	-100	no	external_context	""":"
4296	330	-100	no	external_context	"Ġ"""
4297	785	-100	no	external_context	The
4298	3146	-100	no	external_context	Ġcountry
4299	11	-100	no	external_context	,
4300	1741	-100	no	external_context	Ġsuch
4301	438	-100	no	external_context	Ġas
4302	364	-100	no	external_context	Ġ'
4303	24347	-100	no	external_context	USA
4304	4427	-100	no	external_context	'.
4305	497	-100	no	external_context	""","
4306	330	-100	no	external_context	"Ġ"""
4307	2102	-100	no	external_context	title
4308	788	-100	no	external_context	""":"
4309	330	-100	no	external_context	"Ġ"""
4310	16408	-100	no	external_context	Country
4311	497	-100	no	external_context	""","
4312	330	-100	no	external_context	"Ġ"""
4313	1313	-100	no	external_context	type
4314	788	-100	no	external_context	""":"
4315	330	-100	no	external_context	"Ġ"""
4316	917	-100	no	external_context	string
4317	14345	-100	no	external_context	"""},"
4318	330	-100	no	external_context	"Ġ"""
4319	9964	-100	no	external_context	zip
4320	788	-100	no	external_context	""":"
4321	5212	-100	no	external_context	"Ġ{"""
4322	4684	-100	no	external_context	description
4323	788	-100	no	external_context	""":"
4324	330	-100	no	external_context	"Ġ"""
4325	785	-100	no	external_context	The
4326	10308	-100	no	external_context	Ġzip
4327	2038	-100	no	external_context	Ġcode
4328	11	-100	no	external_context	,
4329	1741	-100	no	external_context	Ġsuch
4330	438	-100	no	external_context	Ġas
4331	364	-100	no	external_context	Ġ'
4332	16	-100	no	external_context	1
4333	17	-100	no	external_context	2
4334	18	-100	no	external_context	3
4335	19	-100	no	external_context	4
4336	20	-100	no	external_context	5
4337	4427	-100	no	external_context	'.
4338	497	-100	no	external_context	""","
4339	330	-100	no	external_context	"Ġ"""
4340	2102	-100	no	external_context	title
4341	788	-100	no	external_context	""":"
4342	330	-100	no	external_context	"Ġ"""
4343	31047	-100	no	external_context	Zip
4344	497	-100	no	external_context	""","
4345	330	-100	no	external_context	"Ġ"""
4346	1313	-100	no	external_context	type
4347	788	-100	no	external_context	""":"
4348	330	-100	no	external_context	"Ġ"""
4349	917	-100	no	external_context	string
4350	9207	-100	no	external_context	"""}"
4351	2137	-100	no	external_context	},
4352	330	-100	no	external_context	"Ġ"""
4353	6279	-100	no	external_context	required
4354	788	-100	no	external_context	""":"
4355	4383	-100	no	external_context	"Ġ["""
4356	872	-100	no	external_context	user
4357	842	-100	no	external_context	_id
4358	497	-100	no	external_context	""","
4359	330	-100	no	external_context	"Ġ"""
4360	4995	-100	no	external_context	address
4361	16	-100	no	external_context	1
4362	497	-100	no	external_context	""","
4363	330	-100	no	external_context	"Ġ"""
4364	4995	-100	no	external_context	address
4365	17	-100	no	external_context	2
4366	497	-100	no	external_context	""","
4367	330	-100	no	external_context	"Ġ"""
4368	8926	-100	no	external_context	city
4369	497	-100	no	external_context	""","
4370	330	-100	no	external_context	"Ġ"""
4371	2454	-100	no	external_context	state
4372	497	-100	no	external_context	""","
4373	330	-100	no	external_context	"Ġ"""
4374	11141	-100	no	external_context	country
4375	497	-100	no	external_context	""","
4376	330	-100	no	external_context	"Ġ"""
4377	9964	-100	no	external_context	zip
4378	7914	-100	no	external_context	"""],"
4379	330	-100	no	external_context	"Ġ"""
4380	2102	-100	no	external_context	title
4381	788	-100	no	external_context	""":"
4382	330	-100	no	external_context	"Ġ"""
4383	13786	-100	no	external_context	parameters
4384	497	-100	no	external_context	""","
4385	330	-100	no	external_context	"Ġ"""
4386	1313	-100	no	external_context	type
4387	788	-100	no	external_context	""":"
4388	330	-100	no	external_context	"Ġ"""
4389	1700	-100	no	external_context	object
4390	30975	-100	no	external_context	"""}}"
4391	532	-100	no	external_context	}Ċ
4392	4913	-100	no	external_context	"{"""
4393	1313	-100	no	external_context	type
4394	788	-100	no	external_context	""":"
4395	330	-100	no	external_context	"Ġ"""
4396	1688	-100	no	external_context	function
4397	497	-100	no	external_context	""","
4398	330	-100	no	external_context	"Ġ"""
4399	1688	-100	no	external_context	function
4400	788	-100	no	external_context	""":"
4401	5212	-100	no	external_context	"Ġ{"""
4402	606	-100	no	external_context	name
4403	788	-100	no	external_context	""":"
4404	330	-100	no	external_context	"Ġ"""
4405	689	-100	no	external_context	return
4406	18029	-100	no	external_context	_del
4407	43056	-100	no	external_context	ivered
4408	7869	-100	no	external_context	_order
4409	12134	-100	no	external_context	_items
4410	497	-100	no	external_context	""","
4411	330	-100	no	external_context	"Ġ"""
4412	4684	-100	no	external_context	description
4413	788	-100	no	external_context	""":"
4414	330	-100	no	external_context	"Ġ"""
4415	5598	-100	no	external_context	Return
4416	1045	-100	no	external_context	Ġsome
4417	3589	-100	no	external_context	Ġitems
4418	315	-100	no	external_context	Ġof
4419	264	-100	no	external_context	Ġa
4420	12600	-100	no	external_context	Ġdelivered
4421	1973	-100	no	external_context	Ġorder
4422	7110	-100	no	external_context	.\
4423	77	-100	no	external_context	n
4424	1699	-100	no	external_context	\n
4425	785	-100	no	external_context	The
4426	1973	-100	no	external_context	Ġorder
4427	2639	-100	no	external_context	Ġstatus
4428	686	-100	no	external_context	Ġwill
4429	387	-100	no	external_context	Ġbe
4430	5497	-100	no	external_context	Ġchanged
4431	311	-100	no	external_context	Ġto
4432	364	-100	no	external_context	Ġ'
4433	689	-100	no	external_context	return
4434	11223	-100	no	external_context	Ġrequested
4435	4427	-100	no	external_context	'.
4436	59	-100	no	external_context	\
4437	88230	-100	no	external_context	nThe
4438	8315	-100	no	external_context	Ġagent
4439	3880	-100	no	external_context	Ġneeds
4440	311	-100	no	external_context	Ġto
4441	10339	-100	no	external_context	Ġexplain
4442	279	-100	no	external_context	Ġthe
4443	470	-100	no	external_context	Ġreturn
4444	7716	-100	no	external_context	Ġdetail
4445	323	-100	no	external_context	Ġand
4446	2548	-100	no	external_context	Ġask
4447	369	-100	no	external_context	Ġfor
4448	11464	-100	no	external_context	Ġexplicit
4449	1196	-100	no	external_context	Ġuser
4450	19539	-100	no	external_context	Ġconfirmation
4451	320	-100	no	external_context	Ġ(
4452	9693	-100	no	external_context	yes
4453	33100	-100	no	external_context	/no
4454	8	-100	no	external_context	)
4455	311	-100	no	external_context	Ġto
4456	10354	-100	no	external_context	Ġproceed
4457	7110	-100	no	external_context	.\
4458	88230	-100	no	external_context	nThe
4459	1196	-100	no	external_context	Ġuser
4460	686	-100	no	external_context	Ġwill
4461	5258	-100	no	external_context	Ġreceive
4462	1795	-100	no	external_context	Ġfollow
4463	5239	-100	no	external_context	-up
4464	2551	-100	no	external_context	Ġemail
4465	369	-100	no	external_context	Ġfor
4466	1246	-100	no	external_context	Ġhow
4467	323	-100	no	external_context	Ġand
4468	1380	-100	no	external_context	Ġwhere
4469	311	-100	no	external_context	Ġto
4470	470	-100	no	external_context	Ġreturn
4471	279	-100	no	external_context	Ġthe
4472	1509	-100	no	external_context	Ġitem
4473	10465	-100	no	external_context	"."","
4474	330	-100	no	external_context	"Ġ"""
4475	13786	-100	no	external_context	parameters
4476	788	-100	no	external_context	""":"
4477	5212	-100	no	external_context	"Ġ{"""
4478	13193	-100	no	external_context	properties
4479	788	-100	no	external_context	""":"
4480	5212	-100	no	external_context	"Ġ{"""
4481	1358	-100	no	external_context	order
4482	842	-100	no	external_context	_id
4483	788	-100	no	external_context	""":"
4484	5212	-100	no	external_context	"Ġ{"""
4485	4684	-100	no	external_context	description
4486	788	-100	no	external_context	""":"
4487	330	-100	no	external_context	"Ġ"""
4488	785	-100	no	external_context	The
4489	1973	-100	no	external_context	Ġorder
4490	877	-100	no	external_context	Ġid
4491	11	-100	no	external_context	,
4492	1741	-100	no	external_context	Ġsuch
4493	438	-100	no	external_context	Ġas
4494	5875	-100	no	external_context	Ġ'#
4495	54	-100	no	external_context	W
4496	15	-100	no	external_context	0
4497	15	-100	no	external_context	0
4498	15	-100	no	external_context	0
4499	15	-100	no	external_context	0
4500	15	-100	no	external_context	0
4501	15	-100	no	external_context	0
4502	15	-100	no	external_context	0
4503	4427	-100	no	external_context	'.
4504	2823	-100	no	external_context	ĠBe
4505	16585	-100	no	external_context	Ġcareful
4506	1052	-100	no	external_context	Ġthere
4507	374	-100	no	external_context	Ġis
4508	264	-100	no	external_context	Ġa
4509	57250	-100	no	external_context	Ġ'#'
4510	7735	-100	no	external_context	Ġsymbol
4511	518	-100	no	external_context	Ġat
4512	279	-100	no	external_context	Ġthe
4513	7167	-100	no	external_context	Ġbeginning
4514	315	-100	no	external_context	Ġof
4515	279	-100	no	external_context	Ġthe
4516	1973	-100	no	external_context	Ġorder
4517	877	-100	no	external_context	Ġid
4518	10465	-100	no	external_context	"."","
4519	330	-100	no	external_context	"Ġ"""
4520	2102	-100	no	external_context	title
4521	788	-100	no	external_context	""":"
4522	330	-100	no	external_context	"Ġ"""
4523	4431	-100	no	external_context	Order
4524	5223	-100	no	external_context	ĠId
4525	497	-100	no	external_context	""","
4526	330	-100	no	external_context	"Ġ"""
4527	1313	-100	no	external_context	type
4528	788	-100	no	external_context	""":"
4529	330	-100	no	external_context	"Ġ"""
4530	917	-100	no	external_context	string
4531	14345	-100	no	external_context	"""},"
4532	330	-100	no	external_context	"Ġ"""
4533	1203	-100	no	external_context	item
4534	8077	-100	no	external_context	_ids
4535	788	-100	no	external_context	""":"
4536	5212	-100	no	external_context	"Ġ{"""
4537	4684	-100	no	external_context	description
4538	788	-100	no	external_context	""":"
4539	330	-100	no	external_context	"Ġ"""
4540	785	-100	no	external_context	The
4541	1509	-100	no	external_context	Ġitem
4542	14151	-100	no	external_context	Ġids
4543	311	-100	no	external_context	Ġto
4544	387	-100	no	external_context	Ġbe
4545	5927	-100	no	external_context	Ġreturned
4546	11	-100	no	external_context	,
4547	1817	-100	no	external_context	Ġeach
4548	1741	-100	no	external_context	Ġsuch
4549	438	-100	no	external_context	Ġas
4550	364	-100	no	external_context	Ġ'
4551	16	-100	no	external_context	1
4552	15	-100	no	external_context	0
4553	15	-100	no	external_context	0
4554	23	-100	no	external_context	8
4555	17	-100	no	external_context	2
4556	24	-100	no	external_context	9
4557	17	-100	no	external_context	2
4558	17	-100	no	external_context	2
4559	18	-100	no	external_context	3
4560	15	-100	no	external_context	0
4561	4427	-100	no	external_context	'.
4562	2619	-100	no	external_context	ĠThere
4563	1410	-100	no	external_context	Ġcould
4564	387	-100	no	external_context	Ġbe
4565	22513	-100	no	external_context	Ġduplicate
4566	3589	-100	no	external_context	Ġitems
4567	304	-100	no	external_context	Ġin
4568	279	-100	no	external_context	Ġthe
4569	1140	-100	no	external_context	Ġlist
4570	10465	-100	no	external_context	"."","
4571	330	-100	no	external_context	"Ġ"""
4572	3615	-100	no	external_context	items
4573	788	-100	no	external_context	""":"
4574	5212	-100	no	external_context	"Ġ{"""
4575	1313	-100	no	external_context	type
4576	788	-100	no	external_context	""":"
4577	330	-100	no	external_context	"Ġ"""
4578	917	-100	no	external_context	string
4579	14345	-100	no	external_context	"""},"
4580	330	-100	no	external_context	"Ġ"""
4581	2102	-100	no	external_context	title
4582	788	-100	no	external_context	""":"
4583	330	-100	no	external_context	"Ġ"""
4584	1234	-100	no	external_context	Item
4585	5223	-100	no	external_context	ĠId
4586	82	-100	no	external_context	s
4587	497	-100	no	external_context	""","
4588	330	-100	no	external_context	"Ġ"""
4589	1313	-100	no	external_context	type
4590	788	-100	no	external_context	""":"
4591	330	-100	no	external_context	"Ġ"""
4592	1653	-100	no	external_context	array
4593	14345	-100	no	external_context	"""},"
4594	330	-100	no	external_context	"Ġ"""
4595	13755	-100	no	external_context	payment
4596	9032	-100	no	external_context	_method
4597	842	-100	no	external_context	_id
4598	788	-100	no	external_context	""":"
4599	5212	-100	no	external_context	"Ġ{"""
4600	4684	-100	no	external_context	description
4601	788	-100	no	external_context	""":"
4602	330	-100	no	external_context	"Ġ"""
4603	785	-100	no	external_context	The
4604	8160	-100	no	external_context	Ġpayment
4605	1714	-100	no	external_context	Ġmethod
4606	877	-100	no	external_context	Ġid
4607	311	-100	no	external_context	Ġto
4608	2291	-100	no	external_context	Ġpay
4609	476	-100	no	external_context	Ġor
4610	5258	-100	no	external_context	Ġreceive
4611	20965	-100	no	external_context	Ġrefund
4612	369	-100	no	external_context	Ġfor
4613	279	-100	no	external_context	Ġthe
4614	1509	-100	no	external_context	Ġitem
4615	3349	-100	no	external_context	Ġprice
4616	6672	-100	no	external_context	Ġdifference
4617	11	-100	no	external_context	,
4618	1741	-100	no	external_context	Ġsuch
4619	438	-100	no	external_context	Ġas
4620	364	-100	no	external_context	Ġ'
4621	52330	-100	no	external_context	gift
4622	16888	-100	no	external_context	_card
4623	62	-100	no	external_context	_
4624	15	-100	no	external_context	0
4625	15	-100	no	external_context	0
4626	15	-100	no	external_context	0
4627	15	-100	no	external_context	0
4628	15	-100	no	external_context	0
4629	15	-100	no	external_context	0
4630	15	-100	no	external_context	0
4631	6	-100	no	external_context	'
4632	476	-100	no	external_context	Ġor
4633	364	-100	no	external_context	Ġ'
4634	23311	-100	no	external_context	credit
4635	16888	-100	no	external_context	_card
4636	62	-100	no	external_context	_
4637	15	-100	no	external_context	0
4638	15	-100	no	external_context	0
4639	15	-100	no	external_context	0
4640	15	-100	no	external_context	0
4641	15	-100	no	external_context	0
4642	15	-100	no	external_context	0
4643	15	-100	no	external_context	0
4644	4427	-100	no	external_context	'.
4645	59	-100	no	external_context	\
4646	77	-100	no	external_context	n
4647	9485	-100	no	external_context	These
4648	646	-100	no	external_context	Ġcan
4649	387	-100	no	external_context	Ġbe
4650	6966	-100	no	external_context	Ġlooked
4651	705	-100	no	external_context	Ġup
4652	504	-100	no	external_context	Ġfrom
4653	279	-100	no	external_context	Ġthe
4654	1196	-100	no	external_context	Ġuser
4655	476	-100	no	external_context	Ġor
4656	1973	-100	no	external_context	Ġorder
4657	3565	-100	no	external_context	Ġdetails
4658	10465	-100	no	external_context	"."","
4659	330	-100	no	external_context	"Ġ"""
4660	2102	-100	no	external_context	title
4661	788	-100	no	external_context	""":"
4662	330	-100	no	external_context	"Ġ"""
4663	20188	-100	no	external_context	Payment
4664	6730	-100	no	external_context	ĠMethod
4665	5223	-100	no	external_context	ĠId
4666	497	-100	no	external_context	""","
4667	330	-100	no	external_context	"Ġ"""
4668	1313	-100	no	external_context	type
4669	788	-100	no	external_context	""":"
4670	330	-100	no	external_context	"Ġ"""
4671	917	-100	no	external_context	string
4672	9207	-100	no	external_context	"""}"
4673	2137	-100	no	external_context	},
4674	330	-100	no	external_context	"Ġ"""
4675	6279	-100	no	external_context	required
4676	788	-100	no	external_context	""":"
4677	4383	-100	no	external_context	"Ġ["""
4678	1358	-100	no	external_context	order
4679	842	-100	no	external_context	_id
4680	497	-100	no	external_context	""","
4681	330	-100	no	external_context	"Ġ"""
4682	1203	-100	no	external_context	item
4683	8077	-100	no	external_context	_ids
4684	497	-100	no	external_context	""","
4685	330	-100	no	external_context	"Ġ"""
4686	13755	-100	no	external_context	payment
4687	9032	-100	no	external_context	_method
4688	842	-100	no	external_context	_id
4689	7914	-100	no	external_context	"""],"
4690	330	-100	no	external_context	"Ġ"""
4691	2102	-100	no	external_context	title
4692	788	-100	no	external_context	""":"
4693	330	-100	no	external_context	"Ġ"""
4694	13786	-100	no	external_context	parameters
4695	497	-100	no	external_context	""","
4696	330	-100	no	external_context	"Ġ"""
4697	1313	-100	no	external_context	type
4698	788	-100	no	external_context	""":"
4699	330	-100	no	external_context	"Ġ"""
4700	1700	-100	no	external_context	object
4701	30975	-100	no	external_context	"""}}"
4702	532	-100	no	external_context	}Ċ
4703	4913	-100	no	external_context	"{"""
4704	1313	-100	no	external_context	type
4705	788	-100	no	external_context	""":"
4706	330	-100	no	external_context	"Ġ"""
4707	1688	-100	no	external_context	function
4708	497	-100	no	external_context	""","
4709	330	-100	no	external_context	"Ġ"""
4710	1688	-100	no	external_context	function
4711	788	-100	no	external_context	""":"
4712	5212	-100	no	external_context	"Ġ{"""
4713	606	-100	no	external_context	name
4714	788	-100	no	external_context	""":"
4715	330	-100	no	external_context	"Ġ"""
4716	24188	-100	no	external_context	transfer
4717	2346	-100	no	external_context	_to
4718	86247	-100	no	external_context	_human
4719	76347	-100	no	external_context	_agents
4720	497	-100	no	external_context	""","
4721	330	-100	no	external_context	"Ġ"""
4722	4684	-100	no	external_context	description
4723	788	-100	no	external_context	""":"
4724	330	-100	no	external_context	"Ġ"""
4725	21970	-100	no	external_context	Transfer
4726	279	-100	no	external_context	Ġthe
4727	1196	-100	no	external_context	Ġuser
4728	311	-100	no	external_context	Ġto
4729	264	-100	no	external_context	Ġa
4730	3738	-100	no	external_context	Ġhuman
4731	8315	-100	no	external_context	Ġagent
4732	11	-100	no	external_context	,
4733	448	-100	no	external_context	Ġwith
4734	264	-100	no	external_context	Ġa
4735	12126	-100	no	external_context	Ġsummary
4736	315	-100	no	external_context	Ġof
4737	279	-100	no	external_context	Ġthe
4738	1196	-100	no	external_context	Ġuser
4739	594	-100	no	external_context	's
4740	4265	-100	no	external_context	Ġissue
4741	7110	-100	no	external_context	.\
4742	77	-100	no	external_context	n
4743	1699	-100	no	external_context	\n
4744	7308	-100	no	external_context	Only
4745	8317	-100	no	external_context	Ġtransfer
4746	421	-100	no	external_context	Ġif
4747	1699	-100	no	external_context	\n
4748	481	-100	no	external_context	Ġ-
4749	220	-100	no	external_context	Ġ
4750	279	-100	no	external_context	Ġthe
4751	1196	-100	no	external_context	Ġuser
4752	20975	-100	no	external_context	Ġexplicitly
4753	17064	-100	no	external_context	Ġasks
4754	369	-100	no	external_context	Ġfor
4755	264	-100	no	external_context	Ġa
4756	3738	-100	no	external_context	Ġhuman
4757	8315	-100	no	external_context	Ġagent
4758	1699	-100	no	external_context	\n
4759	481	-100	no	external_context	Ġ-
4760	220	-100	no	external_context	Ġ
4761	2661	-100	no	external_context	Ġgiven
4762	279	-100	no	external_context	Ġthe
4763	4842	-100	no	external_context	Ġpolicy
4764	323	-100	no	external_context	Ġand
4765	279	-100	no	external_context	Ġthe
4766	2500	-100	no	external_context	Ġavailable
4767	7375	-100	no	external_context	Ġtools
4768	11	-100	no	external_context	,
4769	498	-100	no	external_context	Ġyou
4770	4157	-100	no	external_context	Ġcannot
4771	11625	-100	no	external_context	Ġsolve
4772	279	-100	no	external_context	Ġthe
4773	1196	-100	no	external_context	Ġuser
4774	594	-100	no	external_context	's
4775	4265	-100	no	external_context	Ġissue
4776	10465	-100	no	external_context	"."","
4777	330	-100	no	external_context	"Ġ"""
4778	13786	-100	no	external_context	parameters
4779	788	-100	no	external_context	""":"
4780	5212	-100	no	external_context	"Ġ{"""
4781	13193	-100	no	external_context	properties
4782	788	-100	no	external_context	""":"
4783	5212	-100	no	external_context	"Ġ{"""
4784	1708	-100	no	external_context	summary
4785	788	-100	no	external_context	""":"
4786	5212	-100	no	external_context	"Ġ{"""
4787	4684	-100	no	external_context	description
4788	788	-100	no	external_context	""":"
4789	330	-100	no	external_context	"Ġ"""
4790	32	-100	no	external_context	A
4791	12126	-100	no	external_context	Ġsummary
4792	315	-100	no	external_context	Ġof
4793	279	-100	no	external_context	Ġthe
4794	1196	-100	no	external_context	Ġuser
4795	594	-100	no	external_context	's
4796	4265	-100	no	external_context	Ġissue
4797	10465	-100	no	external_context	"."","
4798	330	-100	no	external_context	"Ġ"""
4799	2102	-100	no	external_context	title
4800	788	-100	no	external_context	""":"
4801	330	-100	no	external_context	"Ġ"""
4802	19237	-100	no	external_context	Summary
4803	497	-100	no	external_context	""","
4804	330	-100	no	external_context	"Ġ"""
4805	1313	-100	no	external_context	type
4806	788	-100	no	external_context	""":"
4807	330	-100	no	external_context	"Ġ"""
4808	917	-100	no	external_context	string
4809	9207	-100	no	external_context	"""}"
4810	2137	-100	no	external_context	},
4811	330	-100	no	external_context	"Ġ"""
4812	6279	-100	no	external_context	required
4813	788	-100	no	external_context	""":"
4814	4383	-100	no	external_context	"Ġ["""
4815	1708	-100	no	external_context	summary
4816	7914	-100	no	external_context	"""],"
4817	330	-100	no	external_context	"Ġ"""
4818	2102	-100	no	external_context	title
4819	788	-100	no	external_context	""":"
4820	330	-100	no	external_context	"Ġ"""
4821	13786	-100	no	external_context	parameters
4822	497	-100	no	external_context	""","
4823	330	-100	no	external_context	"Ġ"""
4824	1313	-100	no	external_context	type
4825	788	-100	no	external_context	""":"
4826	330	-100	no	external_context	"Ġ"""
4827	1700	-100	no	external_context	object
4828	30975	-100	no	external_context	"""}}"
4829	532	-100	no	external_context	}Ċ
4830	522	-100	no	external_context	</
4831	15918	-100	no	external_context	tools
4832	1339	-100	no	external_context	>ĊĊ
4833	2461	-100	no	external_context	For
4834	1817	-100	no	external_context	Ġeach
4835	729	-100	no	external_context	Ġfunction
4836	1618	-100	no	external_context	Ġcall
4837	11	-100	no	external_context	,
4838	470	-100	no	external_context	Ġreturn
4839	264	-100	no	external_context	Ġa
4840	2951	-100	no	external_context	Ġjson
4841	1633	-100	no	external_context	Ġobject
4842	448	-100	no	external_context	Ġwith
4843	729	-100	no	external_context	Ġfunction
4844	829	-100	no	external_context	Ġname
4845	323	-100	no	external_context	Ġand
4846	5977	-100	no	external_context	Ġarguments
4847	2878	-100	no	external_context	Ġwithin
4848	220	-100	no	external_context	Ġ
4849	151657	-100	no	external_context	<tool_call>
4850	151658	-100	no	external_context	</tool_call>
4851	11874	-100	no	external_context	ĠXML
4852	9492	-100	no	external_context	Ġtags
4853	510	-100	no	external_context	:Ċ
4854	151657	-100	no	external_context	<tool_call>
4855	198	-100	no	external_context	Ċ
4856	4913	-100	no	external_context	"{"""
4857	606	-100	no	external_context	name
4858	788	-100	no	external_context	""":"
4859	366	-100	no	external_context	Ġ<
4860	1688	-100	no	external_context	function
4861	11494	-100	no	external_context	-name
4862	8066	-100	no	external_context	>,
4863	330	-100	no	external_context	"Ġ"""
4864	16370	-100	no	external_context	arguments
4865	788	-100	no	external_context	""":"
4866	366	-100	no	external_context	Ġ<
4867	2116	-100	no	external_context	args
4868	56080	-100	no	external_context	-json
4869	40432	-100	no	external_context	-object
4870	31296	-100	no	external_context	>}Ċ
4871	151658	-100	no	external_context	</tool_call>
4872	151645	-100	no	external_context	<|im_end|>
4873	198	-100	no	external_context	Ċ
4874	151644	-100	no	external_context	<|im_start|>
4875	872	-100	no	external_context	user
4876	198	-100	no	external_context	Ċ
4877	13048	-100	no	external_context	Hi
4878	0	-100	no	external_context	!
4879	358	-100	no	external_context	ĠI
4880	1101	-100	no	external_context	Ġjust
4881	3949	-100	no	external_context	Ġreceived
4882	847	-100	no	external_context	Ġmy
4883	1973	-100	no	external_context	Ġorder
4884	323	-100	no	external_context	Ġand
4885	358	-100	no	external_context	ĠI
4886	6925	-100	no	external_context	âĢĻd
4887	1075	-100	no	external_context	Ġlike
4888	311	-100	no	external_context	Ġto
4889	9289	-100	no	external_context	Ġexchange
4890	264	-100	no	external_context	Ġa
4891	5625	-100	no	external_context	Ġcouple
4892	315	-100	no	external_context	Ġof
4893	3589	-100	no	external_context	Ġitems
4894	13	-100	no	external_context	.
4895	358	-100	no	external_context	ĠI
4896	1366	-100	no	external_context	Ġwant
4897	311	-100	no	external_context	Ġto
4898	14291	-100	no	external_context	Ġswap
4899	279	-100	no	external_context	Ġthe
4900	22148	-100	no	external_context	Ġmechanical
4901	13625	-100	no	external_context	Ġkeyboard
4902	369	-100	no	external_context	Ġfor
4903	279	-100	no	external_context	Ġthe
4904	1852	-100	no	external_context	Ġsame
4905	1614	-100	no	external_context	Ġmodel
4906	714	-100	no	external_context	Ġbut
4907	448	-100	no	external_context	Ġwith
4908	4205	-100	no	external_context	Ġclick
4909	88	-100	no	external_context	y
4910	31167	-100	no	external_context	Ġswitches
4911	11	-100	no	external_context	,
4912	323	-100	no	external_context	Ġand
4913	1083	-100	no	external_context	Ġalso
4914	9289	-100	no	external_context	Ġexchange
4915	279	-100	no	external_context	Ġthe
4916	7785	-100	no	external_context	Ġsmart
4917	74070	-100	no	external_context	Ġthermostat
4918	369	-100	no	external_context	Ġfor
4919	825	-100	no	external_context	Ġone
4920	429	-100	no	external_context	Ġthat
4921	4278	-100	no	external_context	Ġworks
4922	448	-100	no	external_context	Ġwith
4923	5085	-100	no	external_context	ĠGoogle
4924	5379	-100	no	external_context	ĠHome
4925	4518	-100	no	external_context	Ġinstead
4926	315	-100	no	external_context	Ġof
4927	8162	-100	no	external_context	ĠApple
4928	5379	-100	no	external_context	ĠHome
4929	7695	-100	no	external_context	Kit
4930	13	-100	no	external_context	.
4931	2980	-100	no	external_context	ĠCan
4932	498	-100	no	external_context	Ġyou
4933	1492	-100	no	external_context	Ġhelp
4934	752	-100	no	external_context	Ġme
4935	448	-100	no	external_context	Ġwith
4936	429	-100	no	external_context	Ġthat
4937	30	-100	no	external_context	?
4938	151645	-100	no	external_context	<|im_end|>
4939	198	-100	no	external_context	Ċ
4940	151644	-100	no	assistant_header	<|im_start|>
4941	77091	-100	no	assistant_header	assistant
4942	198	-100	no	assistant_header	Ċ
4943	40	40	yes	assistant_text	I
4944	4172	4172	yes	assistant_text	'd
4945	387	387	yes	assistant_text	Ġbe
4946	6247	6247	yes	assistant_text	Ġhappy
4947	311	311	yes	assistant_text	Ġto
4948	1492	1492	yes	assistant_text	Ġhelp
4949	498	498	yes	assistant_text	Ġyou
4950	448	448	yes	assistant_text	Ġwith
4951	78431	78431	yes	assistant_text	Ġexchanging
4952	3589	3589	yes	assistant_text	Ġitems
4953	504	504	yes	assistant_text	Ġfrom
4954	697	697	yes	assistant_text	Ġyour
4955	12600	12600	yes	assistant_text	Ġdelivered
4956	1973	1973	yes	assistant_text	Ġorder
4957	0	0	yes	assistant_text	!
4958	5512	5512	yes	assistant_text	ĠFirst
4959	11	11	yes	assistant_text	,
4960	358	358	yes	assistant_text	ĠI
4961	1184	1184	yes	assistant_text	Ġneed
4962	311	311	yes	assistant_text	Ġto
4963	33189	33189	yes	assistant_text	Ġauthenticate
4964	697	697	yes	assistant_text	Ġyour
4965	9569	9569	yes	assistant_text	Ġidentity
4966	13	13	yes	assistant_text	.
4967	16503	16503	yes	assistant_text	ĠCould
4968	498	498	yes	assistant_text	Ġyou
4969	4486	4486	yes	assistant_text	Ġplease
4970	3410	3410	yes	assistant_text	Ġprovide
4971	752	752	yes	assistant_text	Ġme
4972	448	448	yes	assistant_text	Ġwith
4973	279	279	yes	assistant_text	Ġthe
4974	2551	2551	yes	assistant_text	Ġemail
4975	2621	2621	yes	assistant_text	Ġaddress
4976	5815	5815	yes	assistant_text	Ġassociated
4977	448	448	yes	assistant_text	Ġwith
4978	697	697	yes	assistant_text	Ġyour
4979	2692	2692	yes	assistant_text	Ġaccount
4980	30	30	yes	assistant_text	?
4981	151645	151645	yes	assistant_end	<|im_end|>
4982	198	-100	no	external_context	Ċ
4983	151644	-100	no	external_context	<|im_start|>
4984	872	-100	no	external_context	user
4985	198	-100	no	external_context	Ċ
4986	40	-100	no	external_context	I
4987	3520	-100	no	external_context	Ġactually
4988	1513	-100	no	external_context	Ġdon
4989	1405	-100	no	external_context	âĢĻt
4990	6099	-100	no	external_context	Ġremember
4991	279	-100	no	external_context	Ġthe
4992	2551	-100	no	external_context	Ġemail
4993	358	-100	no	external_context	ĠI
4994	1483	-100	no	external_context	Ġused
4995	369	-100	no	external_context	Ġfor
4996	279	-100	no	external_context	Ġthe
4997	1973	-100	no	external_context	Ġorder
4998	13	-100	no	external_context	.
4999	2160	-100	no	external_context	ĠIs
5000	1052	-100	no	external_context	Ġthere
5001	2441	-100	no	external_context	Ġanother
5002	1616	-100	no	external_context	Ġway
5003	358	-100	no	external_context	ĠI
5004	646	-100	no	external_context	Ġcan
5005	10146	-100	no	external_context	Ġverify
5006	847	-100	no	external_context	Ġmy
5007	9569	-100	no	external_context	Ġidentity
5008	30	-100	no	external_context	?
5009	358	-100	no	external_context	ĠI
5010	653	-100	no	external_context	Ġdo
5011	614	-100	no	external_context	Ġhave
5012	847	-100	no	external_context	Ġmy
5013	1973	-100	no	external_context	Ġorder
5014	1372	-100	no	external_context	Ġnumber
5015	323	-100	no	external_context	Ġand
5016	847	-100	no	external_context	Ġmy
5017	829	-100	no	external_context	Ġname
5018	323	-100	no	external_context	Ġand
5019	10308	-100	no	external_context	Ġzip
5020	2038	-100	no	external_context	Ġcode
5021	421	-100	no	external_context	Ġif
5022	429	-100	no	external_context	Ġthat
5023	8609	-100	no	external_context	Ġhelps
5024	13	-100	no	external_context	.
5025	151645	-100	no	external_context	<|im_end|>
5026	198	-100	no	external_context	Ċ
5027	151644	-100	no	assistant_header	<|im_start|>
5028	77091	-100	no	assistant_header	assistant
5029	1406	-100	no	assistant_header	ĊĊĊ
5030	2753	2753	yes	assistant_text	No
5031	3491	3491	yes	assistant_text	Ġproblem
5032	518	518	yes	assistant_text	Ġat
5033	678	678	yes	assistant_text	Ġall
5034	0	0	yes	assistant_text	!
5035	358	358	yes	assistant_text	ĠI
5036	646	646	yes	assistant_text	Ġcan
5037	1401	1401	yes	assistant_text	Ġlook
5038	498	498	yes	assistant_text	Ġyou
5039	705	705	yes	assistant_text	Ġup
5040	1667	1667	yes	assistant_text	Ġusing
5041	697	697	yes	assistant_text	Ġyour
5042	829	829	yes	assistant_text	Ġname
5043	323	323	yes	assistant_text	Ġand
5044	10308	10308	yes	assistant_text	Ġzip
5045	2038	2038	yes	assistant_text	Ġcode
5046	13	13	yes	assistant_text	.
5047	16503	16503	yes	assistant_text	ĠCould
5048	498	498	yes	assistant_text	Ġyou
5049	4486	4486	yes	assistant_text	Ġplease
5050	3410	3410	yes	assistant_text	Ġprovide
5051	752	752	yes	assistant_text	Ġme
5052	448	448	yes	assistant_text	Ġwith
5053	1447	1447	yes	assistant_text	:ĊĊ
5054	16	16	yes	assistant_text	1
5055	13	13	yes	assistant_text	.
5056	4615	4615	yes	assistant_text	ĠYour
5057	1156	1156	yes	assistant_text	Ġfirst
5058	829	829	yes	assistant_text	Ġname
5059	198	198	yes	assistant_text	Ċ
5060	17	17	yes	assistant_text	2
5061	13	13	yes	assistant_text	.
5062	4615	4615	yes	assistant_text	ĠYour
5063	1537	1537	yes	assistant_text	Ġlast
5064	829	829	yes	assistant_text	Ġname
5065	198	198	yes	assistant_text	Ċ
5066	18	18	yes	assistant_text	3
5067	13	13	yes	assistant_text	.
5068	4615	4615	yes	assistant_text	ĠYour
5069	10308	10308	yes	assistant_text	Ġzip
5070	2038	2038	yes	assistant_text	Ġcode
5071	271	271	yes	assistant_text	ĊĊ
5072	3036	3036	yes	assistant_text	And
5073	421	421	yes	assistant_text	Ġif
5074	498	498	yes	assistant_text	Ġyou
5075	614	614	yes	assistant_text	Ġhave
5076	697	697	yes	assistant_text	Ġyour
5077	1973	1973	yes	assistant_text	Ġorder
5078	1372	1372	yes	assistant_text	Ġnumber
5079	25163	25163	yes	assistant_text	Ġhandy
5080	11	11	yes	assistant_text	,
5081	429	429	yes	assistant_text	Ġthat
5082	1035	1035	yes	assistant_text	Ġwould
5083	387	387	yes	assistant_text	Ġbe
5084	2244	2244	yes	assistant_text	Ġgreat
5085	2238	2238	yes	assistant_text	Ġtoo
5086	0	0	yes	assistant_text	!
5087	151645	151645	yes	assistant_end	<|im_end|>
5088	198	-100	no	external_context	Ċ
5089	151644	-100	no	external_context	<|im_start|>
5090	872	-100	no	external_context	user
5091	198	-100	no	external_context	Ċ
5092	39814	-100	no	external_context	Sure
5093	0	-100	no	external_context	!
5094	3017	-100	no	external_context	ĠMy
5095	829	-100	no	external_context	Ġname
5096	374	-100	no	external_context	Ġis
5097	93348	-100	no	external_context	ĠYus
5098	1704	-100	no	external_context	uf
5099	76069	-100	no	external_context	ĠRossi
5100	11	-100	no	external_context	,
5101	847	-100	no	external_context	Ġmy
5102	10308	-100	no	external_context	Ġzip
5103	2038	-100	no	external_context	Ġcode
5104	374	-100	no	external_context	Ġis
5105	220	-100	no	external_context	Ġ
5106	16	-100	no	external_context	1
5107	24	-100	no	external_context	9
5108	16	-100	no	external_context	1
5109	17	-100	no	external_context	2
5110	17	-100	no	external_context	2
5111	11	-100	no	external_context	,
5112	323	-100	no	external_context	Ġand
5113	847	-100	no	external_context	Ġmy
5114	1973	-100	no	external_context	Ġorder
5115	1372	-100	no	external_context	Ġnumber
5116	374	-100	no	external_context	Ġis
5117	467	-100	no	external_context	ĠW
5118	17	-100	no	external_context	2
5119	18	-100	no	external_context	3
5120	22	-100	no	external_context	7
5121	23	-100	no	external_context	8
5122	16	-100	no	external_context	1
5123	20	-100	no	external_context	5
5124	21	-100	no	external_context	6
5125	13	-100	no	external_context	.
5126	6771	-100	no	external_context	ĠLet
5127	752	-100	no	external_context	Ġme
5128	1414	-100	no	external_context	Ġknow
5129	421	-100	no	external_context	Ġif
5130	498	-100	no	external_context	Ġyou
5131	1184	-100	no	external_context	Ġneed
5132	4113	-100	no	external_context	Ġanything
5133	770	-100	no	external_context	Ġelse
5134	311	-100	no	external_context	Ġto
5135	633	-100	no	external_context	Ġget
5136	3855	-100	no	external_context	Ġstarted
5137	13	-100	no	external_context	.
5138	151645	-100	no	external_context	<|im_end|>
5139	198	-100	no	external_context	Ċ
5140	151644	-100	no	assistant_header	<|im_start|>
5141	77091	-100	no	assistant_header	assistant
5142	198	-100	no	assistant_header	Ċ
5143	151657	151657	yes	assistant_tool_call	<tool_call>
5144	198	198	yes	assistant_tool_call	Ċ
5145	4913	4913	yes	assistant_tool_call	"{"""
5146	606	606	yes	assistant_tool_call	name
5147	788	788	yes	assistant_tool_call	""":"
5148	330	330	yes	assistant_tool_call	"Ġ"""
5149	3903	3903	yes	assistant_tool_call	find
5150	3317	3317	yes	assistant_tool_call	_user
5151	842	842	yes	assistant_tool_call	_id
5152	3710	3710	yes	assistant_tool_call	_by
5153	1269	1269	yes	assistant_tool_call	_name
5154	42131	42131	yes	assistant_tool_call	_zip
5155	497	497	yes	assistant_tool_call	""","
5156	330	330	yes	assistant_tool_call	"Ġ"""
5157	16370	16370	yes	assistant_tool_call	arguments
5158	788	788	yes	assistant_tool_call	""":"
5159	5212	5212	yes	assistant_tool_call	"Ġ{"""
5160	3896	3896	yes	assistant_tool_call	first
5161	1269	1269	yes	assistant_tool_call	_name
5162	788	788	yes	assistant_tool_call	""":"
5163	330	330	yes	assistant_tool_call	"Ġ"""
5164	56	56	yes	assistant_tool_call	Y
5165	355	355	yes	assistant_tool_call	us
5166	1704	1704	yes	assistant_tool_call	uf
5167	497	497	yes	assistant_tool_call	""","
5168	330	330	yes	assistant_tool_call	"Ġ"""
5169	4259	4259	yes	assistant_tool_call	last
5170	1269	1269	yes	assistant_tool_call	_name
5171	788	788	yes	assistant_tool_call	""":"
5172	330	330	yes	assistant_tool_call	"Ġ"""
5173	92138	92138	yes	assistant_tool_call	Ross
5174	72	72	yes	assistant_tool_call	i
5175	497	497	yes	assistant_tool_call	""","
5176	330	330	yes	assistant_tool_call	"Ġ"""
5177	9964	9964	yes	assistant_tool_call	zip
5178	788	788	yes	assistant_tool_call	""":"
5179	330	330	yes	assistant_tool_call	"Ġ"""
5180	16	16	yes	assistant_tool_call	1
5181	24	24	yes	assistant_tool_call	9
5182	16	16	yes	assistant_tool_call	1
5183	17	17	yes	assistant_tool_call	2
5184	17	17	yes	assistant_tool_call	2
5185	95642	95642	yes	assistant_tool_call	"""}}Ċ"
5186	151658	151658	yes	assistant_tool_call	</tool_call>
5187	151645	151645	yes	assistant_end	<|im_end|>
5188	198	-100	no	external_context	Ċ
5189	151644	-100	no	external_context	<|im_start|>
5190	872	-100	no	external_context	user
5191	198	-100	no	external_context	Ċ
5192	151665	-100	no	external_context	<tool_response>
5193	198	-100	no	external_context	Ċ
5194	88	-100	no	external_context	y
5195	355	-100	no	external_context	us
5196	1704	-100	no	external_context	uf
5197	62	-100	no	external_context	_
5198	2128	-100	no	external_context	ross
5199	72	-100	no	external_context	i
5200	62	-100	no	external_context	_
5201	24	-100	no	external_context	9
5202	21	-100	no	external_context	6
5203	17	-100	no	external_context	2
5204	15	-100	no	external_context	0
5205	198	-100	no	external_context	Ċ
5206	151666	-100	no	external_context	</tool_response>
5207	151645	-100	no	external_context	<|im_end|>
5208	198	-100	no	external_context	Ċ
5209	151644	-100	no	assistant_header	<|im_start|>
5210	77091	-100	no	assistant_header	assistant
5211	198	-100	no	assistant_header	Ċ
5212	151657	151657	yes	assistant_tool_call	<tool_call>
5213	198	198	yes	assistant_tool_call	Ċ
5214	4913	4913	yes	assistant_tool_call	"{"""
5215	606	606	yes	assistant_tool_call	name
5216	788	788	yes	assistant_tool_call	""":"
5217	330	330	yes	assistant_tool_call	"Ġ"""
5218	455	455	yes	assistant_tool_call	get
5219	3317	3317	yes	assistant_tool_call	_user
5220	13260	13260	yes	assistant_tool_call	_details
5221	497	497	yes	assistant_tool_call	""","
5222	330	330	yes	assistant_tool_call	"Ġ"""
5223	16370	16370	yes	assistant_tool_call	arguments
5224	788	788	yes	assistant_tool_call	""":"
5225	5212	5212	yes	assistant_tool_call	"Ġ{"""
5226	872	872	yes	assistant_tool_call	user
5227	842	842	yes	assistant_tool_call	_id
5228	788	788	yes	assistant_tool_call	""":"
5229	330	330	yes	assistant_tool_call	"Ġ"""
5230	88	88	yes	assistant_tool_call	y
5231	355	355	yes	assistant_tool_call	us
5232	1704	1704	yes	assistant_tool_call	uf
5233	62	62	yes	assistant_tool_call	_
5234	2128	2128	yes	assistant_tool_call	ross
5235	72	72	yes	assistant_tool_call	i
5236	62	62	yes	assistant_tool_call	_
5237	24	24	yes	assistant_tool_call	9
5238	21	21	yes	assistant_tool_call	6
5239	17	17	yes	assistant_tool_call	2
5240	15	15	yes	assistant_tool_call	0
5241	95642	95642	yes	assistant_tool_call	"""}}Ċ"
5242	151658	151658	yes	assistant_tool_call	</tool_call>
5243	151645	151645	yes	assistant_end	<|im_end|>
5244	198	-100	no	external_context	Ċ
5245	151644	-100	no	external_context	<|im_start|>
5246	872	-100	no	external_context	user
5247	198	-100	no	external_context	Ċ
5248	151665	-100	no	external_context	<tool_response>
5249	198	-100	no	external_context	Ċ
5250	4913	-100	no	external_context	"{"""
5251	872	-100	no	external_context	user
5252	842	-100	no	external_context	_id
5253	788	-100	no	external_context	""":"
5254	330	-100	no	external_context	"Ġ"""
5255	88	-100	no	external_context	y
5256	355	-100	no	external_context	us
5257	1704	-100	no	external_context	uf
5258	62	-100	no	external_context	_
5259	2128	-100	no	external_context	ross
5260	72	-100	no	external_context	i
5261	62	-100	no	external_context	_
5262	24	-100	no	external_context	9
5263	21	-100	no	external_context	6
5264	17	-100	no	external_context	2
5265	15	-100	no	external_context	0
5266	497	-100	no	external_context	""","
5267	330	-100	no	external_context	"Ġ"""
5268	606	-100	no	external_context	name
5269	788	-100	no	external_context	""":"
5270	5212	-100	no	external_context	"Ġ{"""
5271	3896	-100	no	external_context	first
5272	1269	-100	no	external_context	_name
5273	788	-100	no	external_context	""":"
5274	330	-100	no	external_context	"Ġ"""
5275	56	-100	no	external_context	Y
5276	355	-100	no	external_context	us
5277	1704	-100	no	external_context	uf
5278	497	-100	no	external_context	""","
5279	330	-100	no	external_context	"Ġ"""
5280	4259	-100	no	external_context	last
5281	1269	-100	no	external_context	_name
5282	788	-100	no	external_context	""":"
5283	330	-100	no	external_context	"Ġ"""
5284	92138	-100	no	external_context	Ross
5285	72	-100	no	external_context	i
5286	14345	-100	no	external_context	"""},"
5287	330	-100	no	external_context	"Ġ"""
5288	4995	-100	no	external_context	address
5289	788	-100	no	external_context	""":"
5290	5212	-100	no	external_context	"Ġ{"""
5291	4995	-100	no	external_context	address
5292	16	-100	no	external_context	1
5293	788	-100	no	external_context	""":"
5294	330	-100	no	external_context	"Ġ"""
5295	22	-100	no	external_context	7
5296	21	-100	no	external_context	6
5297	18	-100	no	external_context	3
5298	36676	-100	no	external_context	ĠBroadway
5299	497	-100	no	external_context	""","
5300	330	-100	no	external_context	"Ġ"""
5301	4995	-100	no	external_context	address
5302	17	-100	no	external_context	2
5303	788	-100	no	external_context	""":"
5304	330	-100	no	external_context	"Ġ"""
5305	28000	-100	no	external_context	Suite
5306	220	-100	no	external_context	Ġ
5307	16	-100	no	external_context	1
5308	18	-100	no	external_context	3
5309	20	-100	no	external_context	5
5310	497	-100	no	external_context	""","
5311	330	-100	no	external_context	"Ġ"""
5312	8926	-100	no	external_context	city
5313	788	-100	no	external_context	""":"
5314	330	-100	no	external_context	"Ġ"""
5315	89424	-100	no	external_context	Philadelphia
5316	497	-100	no	external_context	""","
5317	330	-100	no	external_context	"Ġ"""
5318	11141	-100	no	external_context	country
5319	788	-100	no	external_context	""":"
5320	330	-100	no	external_context	"Ġ"""
5321	24347	-100	no	external_context	USA
5322	497	-100	no	external_context	""","
5323	330	-100	no	external_context	"Ġ"""
5324	2454	-100	no	external_context	state
5325	788	-100	no	external_context	""":"
5326	330	-100	no	external_context	"Ġ"""
5327	8041	-100	no	external_context	PA
5328	497	-100	no	external_context	""","
5329	330	-100	no	external_context	"Ġ"""
5330	9964	-100	no	external_context	zip
5331	788	-100	no	external_context	""":"
5332	330	-100	no	external_context	"Ġ"""
5333	16	-100	no	external_context	1
5334	24	-100	no	external_context	9
5335	16	-100	no	external_context	1
5336	17	-100	no	external_context	2
5337	17	-100	no	external_context	2
5338	14345	-100	no	external_context	"""},"
5339	330	-100	no	external_context	"Ġ"""
5340	2332	-100	no	external_context	email
5341	788	-100	no	external_context	""":"
5342	330	-100	no	external_context	"Ġ"""
5343	88	-100	no	external_context	y
5344	355	-100	no	external_context	us
5345	1704	-100	no	external_context	uf
5346	13	-100	no	external_context	.
5347	2128	-100	no	external_context	ross
5348	72	-100	no	external_context	i
5349	22	-100	no	external_context	7
5350	18	-100	no	external_context	3
5351	15	-100	no	external_context	0
5352	16	-100	no	external_context	1
5353	35487	-100	no	external_context	@example
5354	905	-100	no	external_context	.com
5355	497	-100	no	external_context	""","
5356	330	-100	no	external_context	"Ġ"""
5357	13755	-100	no	external_context	payment
5358	36084	-100	no	external_context	_methods
5359	788	-100	no	external_context	""":"
5360	5212	-100	no	external_context	"Ġ{"""
5361	23311	-100	no	external_context	credit
5362	16888	-100	no	external_context	_card
5363	62	-100	no	external_context	_
5364	24	-100	no	external_context	9
5365	20	-100	no	external_context	5
5366	16	-100	no	external_context	1
5367	18	-100	no	external_context	3
5368	24	-100	no	external_context	9
5369	17	-100	no	external_context	2
5370	21	-100	no	external_context	6
5371	788	-100	no	external_context	""":"
5372	5212	-100	no	external_context	"Ġ{"""
5373	2427	-100	no	external_context	source
5374	788	-100	no	external_context	""":"
5375	330	-100	no	external_context	"Ġ"""
5376	23311	-100	no	external_context	credit
5377	16888	-100	no	external_context	_card
5378	497	-100	no	external_context	""","
5379	330	-100	no	external_context	"Ġ"""
5380	307	-100	no	external_context	id
5381	788	-100	no	external_context	""":"
5382	330	-100	no	external_context	"Ġ"""
5383	23311	-100	no	external_context	credit
5384	16888	-100	no	external_context	_card
5385	62	-100	no	external_context	_
5386	24	-100	no	external_context	9
5387	20	-100	no	external_context	5
5388	16	-100	no	external_context	1
5389	18	-100	no	external_context	3
5390	24	-100	no	external_context	9
5391	17	-100	no	external_context	2
5392	21	-100	no	external_context	6
5393	497	-100	no	external_context	""","
5394	330	-100	no	external_context	"Ġ"""
5395	13473	-100	no	external_context	brand
5396	788	-100	no	external_context	""":"
5397	330	-100	no	external_context	"Ġ"""
5398	13629	-100	no	external_context	master
5399	4951	-100	no	external_context	card
5400	497	-100	no	external_context	""","
5401	330	-100	no	external_context	"Ġ"""
5402	4259	-100	no	external_context	last
5403	56142	-100	no	external_context	_four
5404	788	-100	no	external_context	""":"
5405	330	-100	no	external_context	"Ġ"""
5406	17	-100	no	external_context	2
5407	19	-100	no	external_context	4
5408	22	-100	no	external_context	7
5409	23	-100	no	external_context	8
5410	9207	-100	no	external_context	"""}"
5411	2137	-100	no	external_context	},
5412	330	-100	no	external_context	"Ġ"""
5413	7917	-100	no	external_context	orders
5414	788	-100	no	external_context	""":"
5415	4383	-100	no	external_context	"Ġ["""
5416	2	-100	no	external_context	#
5417	54	-100	no	external_context	W
5418	21	-100	no	external_context	6
5419	17	-100	no	external_context	2
5420	19	-100	no	external_context	4
5421	22	-100	no	external_context	7
5422	20	-100	no	external_context	5
5423	22	-100	no	external_context	7
5424	23	-100	no	external_context	8
5425	497	-100	no	external_context	""","
5426	5869	-100	no	external_context	"Ġ""#"
5427	54	-100	no	external_context	W
5428	24	-100	no	external_context	9
5429	22	-100	no	external_context	7
5430	16	-100	no	external_context	1
5431	16	-100	no	external_context	1
5432	23	-100	no	external_context	8
5433	19	-100	no	external_context	4
5434	17	-100	no	external_context	2
5435	497	-100	no	external_context	""","
5436	5869	-100	no	external_context	"Ġ""#"
5437	54	-100	no	external_context	W
5438	19	-100	no	external_context	4
5439	22	-100	no	external_context	7
5440	22	-100	no	external_context	7
5441	21	-100	no	external_context	6
5442	16	-100	no	external_context	1
5443	21	-100	no	external_context	6
5444	19	-100	no	external_context	4
5445	497	-100	no	external_context	""","
5446	5869	-100	no	external_context	"Ġ""#"
5447	54	-100	no	external_context	W
5448	21	-100	no	external_context	6
5449	21	-100	no	external_context	6
5450	22	-100	no	external_context	7
5451	24	-100	no	external_context	9
5452	17	-100	no	external_context	2
5453	20	-100	no	external_context	5
5454	22	-100	no	external_context	7
5455	497	-100	no	external_context	""","
5456	5869	-100	no	external_context	"Ġ""#"
5457	54	-100	no	external_context	W
5458	17	-100	no	external_context	2
5459	18	-100	no	external_context	3
5460	22	-100	no	external_context	7
5461	23	-100	no	external_context	8
5462	16	-100	no	external_context	1
5463	20	-100	no	external_context	5
5464	21	-100	no	external_context	6
5465	92010	-100	no	external_context	"""]}Ċ"
5466	151666	-100	no	external_context	</tool_response>
5467	151645	-100	no	external_context	<|im_end|>
5468	198	-100	no	external_context	Ċ
5469	151644	-100	no	assistant_header	<|im_start|>
5470	77091	-100	no	assistant_header	assistant
5471	198	-100	no	assistant_header	Ċ
5472	151657	151657	yes	assistant_tool_call	<tool_call>
5473	198	198	yes	assistant_tool_call	Ċ
5474	4913	4913	yes	assistant_tool_call	"{"""
5475	606	606	yes	assistant_tool_call	name
5476	788	788	yes	assistant_tool_call	""":"
5477	330	330	yes	assistant_tool_call	"Ġ"""
5478	455	455	yes	assistant_tool_call	get
5479	7869	7869	yes	assistant_tool_call	_order
5480	13260	13260	yes	assistant_tool_call	_details
5481	497	497	yes	assistant_tool_call	""","
5482	330	330	yes	assistant_tool_call	"Ġ"""
5483	16370	16370	yes	assistant_tool_call	arguments
5484	788	788	yes	assistant_tool_call	""":"
5485	5212	5212	yes	assistant_tool_call	"Ġ{"""
5486	1358	1358	yes	assistant_tool_call	order
5487	842	842	yes	assistant_tool_call	_id
5488	788	788	yes	assistant_tool_call	""":"
5489	5869	5869	yes	assistant_tool_call	"Ġ""#"
5490	54	54	yes	assistant_tool_call	W
5491	17	17	yes	assistant_tool_call	2
5492	18	18	yes	assistant_tool_call	3
5493	22	22	yes	assistant_tool_call	7
5494	23	23	yes	assistant_tool_call	8
5495	16	16	yes	assistant_tool_call	1
5496	20	20	yes	assistant_tool_call	5
5497	21	21	yes	assistant_tool_call	6
5498	95642	95642	yes	assistant_tool_call	"""}}Ċ"
5499	151658	151658	yes	assistant_tool_call	</tool_call>
5500	151645	151645	yes	assistant_end	<|im_end|>
5501	198	-100	no	external_context	Ċ
5502	151644	-100	no	external_context	<|im_start|>
5503	872	-100	no	external_context	user
5504	198	-100	no	external_context	Ċ
5505	151665	-100	no	external_context	<tool_response>
5506	198	-100	no	external_context	Ċ
5507	4913	-100	no	external_context	"{"""
5508	1358	-100	no	external_context	order
5509	842	-100	no	external_context	_id
5510	788	-100	no	external_context	""":"
5511	5869	-100	no	external_context	"Ġ""#"
5512	54	-100	no	external_context	W
5513	17	-100	no	external_context	2
5514	18	-100	no	external_context	3
5515	22	-100	no	external_context	7
5516	23	-100	no	external_context	8
5517	16	-100	no	external_context	1
5518	20	-100	no	external_context	5
5519	21	-100	no	external_context	6
5520	497	-100	no	external_context	""","
5521	330	-100	no	external_context	"Ġ"""
5522	872	-100	no	external_context	user
5523	842	-100	no	external_context	_id
5524	788	-100	no	external_context	""":"
5525	330	-100	no	external_context	"Ġ"""
5526	88	-100	no	external_context	y
5527	355	-100	no	external_context	us
5528	1704	-100	no	external_context	uf
5529	62	-100	no	external_context	_
5530	2128	-100	no	external_context	ross
5531	72	-100	no	external_context	i
5532	62	-100	no	external_context	_
5533	24	-100	no	external_context	9
5534	21	-100	no	external_context	6
5535	17	-100	no	external_context	2
5536	15	-100	no	external_context	0
5537	497	-100	no	external_context	""","
5538	330	-100	no	external_context	"Ġ"""
5539	4995	-100	no	external_context	address
5540	788	-100	no	external_context	""":"
5541	5212	-100	no	external_context	"Ġ{"""
5542	4995	-100	no	external_context	address
5543	16	-100	no	external_context	1
5544	788	-100	no	external_context	""":"
5545	330	-100	no	external_context	"Ġ"""
5546	22	-100	no	external_context	7
5547	21	-100	no	external_context	6
5548	18	-100	no	external_context	3
5549	36676	-100	no	external_context	ĠBroadway
5550	497	-100	no	external_context	""","
5551	330	-100	no	external_context	"Ġ"""
5552	4995	-100	no	external_context	address
5553	17	-100	no	external_context	2
5554	788	-100	no	external_context	""":"
5555	330	-100	no	external_context	"Ġ"""
5556	28000	-100	no	external_context	Suite
5557	220	-100	no	external_context	Ġ
5558	16	-100	no	external_context	1
5559	18	-100	no	external_context	3
5560	20	-100	no	external_context	5
5561	497	-100	no	external_context	""","
5562	330	-100	no	external_context	"Ġ"""
5563	8926	-100	no	external_context	city
5564	788	-100	no	external_context	""":"
5565	330	-100	no	external_context	"Ġ"""
5566	89424	-100	no	external_context	Philadelphia
5567	497	-100	no	external_context	""","
5568	330	-100	no	external_context	"Ġ"""
5569	11141	-100	no	external_context	country
5570	788	-100	no	external_context	""":"
5571	330	-100	no	external_context	"Ġ"""
5572	24347	-100	no	external_context	USA
5573	497	-100	no	external_context	""","
5574	330	-100	no	external_context	"Ġ"""
5575	2454	-100	no	external_context	state
5576	788	-100	no	external_context	""":"
5577	330	-100	no	external_context	"Ġ"""
5578	8041	-100	no	external_context	PA
5579	497	-100	no	external_context	""","
5580	330	-100	no	external_context	"Ġ"""
5581	9964	-100	no	external_context	zip
5582	788	-100	no	external_context	""":"
5583	330	-100	no	external_context	"Ġ"""
5584	16	-100	no	external_context	1
5585	24	-100	no	external_context	9
5586	16	-100	no	external_context	1
5587	17	-100	no	external_context	2
5588	17	-100	no	external_context	2
5589	14345	-100	no	external_context	"""},"
5590	330	-100	no	external_context	"Ġ"""
5591	3615	-100	no	external_context	items
5592	788	-100	no	external_context	""":"
5593	61753	-100	no	external_context	"Ġ[{"""
5594	606	-100	no	external_context	name
5595	788	-100	no	external_context	""":"
5596	330	-100	no	external_context	"Ġ"""
5597	12346	-100	no	external_context	Head
5598	16729	-100	no	external_context	phones
5599	497	-100	no	external_context	""","
5600	330	-100	no	external_context	"Ġ"""
5601	3031	-100	no	external_context	product
5602	842	-100	no	external_context	_id
5603	788	-100	no	external_context	""":"
5604	330	-100	no	external_context	"Ġ"""
5605	21	-100	no	external_context	6
5606	24	-100	no	external_context	9
5607	24	-100	no	external_context	9
5608	17	-100	no	external_context	2
5609	22	-100	no	external_context	7
5610	24	-100	no	external_context	9
5611	17	-100	no	external_context	2
5612	24	-100	no	external_context	9
5613	18	-100	no	external_context	3
5614	20	-100	no	external_context	5
5615	497	-100	no	external_context	""","
5616	330	-100	no	external_context	"Ġ"""
5617	1203	-100	no	external_context	item
5618	842	-100	no	external_context	_id
5619	788	-100	no	external_context	""":"
5620	330	-100	no	external_context	"Ġ"""
5621	19	-100	no	external_context	4
5622	17	-100	no	external_context	2
5623	15	-100	no	external_context	0
5624	17	-100	no	external_context	2
5625	19	-100	no	external_context	4
5626	24	-100	no	external_context	9
5627	22	-100	no	external_context	7
5628	22	-100	no	external_context	7
5629	17	-100	no	external_context	2
5630	18	-100	no	external_context	3
5631	497	-100	no	external_context	""","
5632	330	-100	no	external_context	"Ġ"""
5633	6555	-100	no	external_context	price
5634	788	-100	no	external_context	""":"
5635	220	-100	no	external_context	Ġ
5636	18	-100	no	external_context	3
5637	19	-100	no	external_context	4
5638	17	-100	no	external_context	2
5639	13	-100	no	external_context	.
5640	23	-100	no	external_context	8
5641	16	-100	no	external_context	1
5642	11	-100	no	external_context	,
5643	330	-100	no	external_context	"Ġ"""
5644	2875	-100	no	external_context	options
5645	788	-100	no	external_context	""":"
5646	5212	-100	no	external_context	"Ġ{"""
5647	1313	-100	no	external_context	type
5648	788	-100	no	external_context	""":"
5649	330	-100	no	external_context	"Ġ"""
5650	1975	-100	no	external_context	over
5651	12	-100	no	external_context	-
5652	682	-100	no	external_context	ear
5653	497	-100	no	external_context	""","
5654	330	-100	no	external_context	"Ġ"""
5655	6459	-100	no	external_context	connect
5656	1927	-100	no	external_context	ivity
5657	788	-100	no	external_context	""":"
5658	330	-100	no	external_context	"Ġ"""
5659	35531	-100	no	external_context	wire
5660	1717	-100	no	external_context	less
5661	497	-100	no	external_context	""","
5662	330	-100	no	external_context	"Ġ"""
5663	3423	-100	no	external_context	color
5664	788	-100	no	external_context	""":"
5665	330	-100	no	external_context	"Ġ"""
5666	12203	-100	no	external_context	blue
5667	9207	-100	no	external_context	"""}"
5668	2137	-100	no	external_context	},
5669	5212	-100	no	external_context	"Ġ{"""
5670	606	-100	no	external_context	name
5671	788	-100	no	external_context	""":"
5672	330	-100	no	external_context	"Ġ"""
5673	81789	-100	no	external_context	Vac
5674	20434	-100	no	external_context	uum
5675	75219	-100	no	external_context	ĠCleaner
5676	497	-100	no	external_context	""","
5677	330	-100	no	external_context	"Ġ"""
5678	3031	-100	no	external_context	product
5679	842	-100	no	external_context	_id
5680	788	-100	no	external_context	""":"
5681	330	-100	no	external_context	"Ġ"""
5682	16	-100	no	external_context	1
5683	22	-100	no	external_context	7
5684	21	-100	no	external_context	6
5685	17	-100	no	external_context	2
5686	18	-100	no	external_context	3
5687	18	-100	no	external_context	3
5688	22	-100	no	external_context	7
5689	23	-100	no	external_context	8
5690	21	-100	no	external_context	6
5691	23	-100	no	external_context	8
5692	497	-100	no	external_context	""","
5693	330	-100	no	external_context	"Ġ"""
5694	1203	-100	no	external_context	item
5695	842	-100	no	external_context	_id
5696	788	-100	no	external_context	""":"
5697	330	-100	no	external_context	"Ġ"""
5698	19	-100	no	external_context	4
5699	21	-100	no	external_context	6
5700	15	-100	no	external_context	0
5701	17	-100	no	external_context	2
5702	18	-100	no	external_context	3
5703	15	-100	no	external_context	0
5704	20	-100	no	external_context	5
5705	15	-100	no	external_context	0
5706	18	-100	no	external_context	3
5707	24	-100	no	external_context	9
5708	497	-100	no	external_context	""","
5709	330	-100	no	external_context	"Ġ"""
5710	6555	-100	no	external_context	price
5711	788	-100	no	external_context	""":"
5712	220	-100	no	external_context	Ġ
5713	20	-100	no	external_context	5
5714	21	-100	no	external_context	6
5715	16	-100	no	external_context	1
5716	13	-100	no	external_context	.
5717	15	-100	no	external_context	0
5718	20	-100	no	external_context	5
5719	11	-100	no	external_context	,
5720	330	-100	no	external_context	"Ġ"""
5721	2875	-100	no	external_context	options
5722	788	-100	no	external_context	""":"
5723	5212	-100	no	external_context	"Ġ{"""
5724	1313	-100	no	external_context	type
5725	788	-100	no	external_context	""":"
5726	330	-100	no	external_context	"Ġ"""
5727	18247	-100	no	external_context	robot
5728	292	-100	no	external_context	ic
5729	497	-100	no	external_context	""","
5730	330	-100	no	external_context	"Ġ"""
5731	21250	-100	no	external_context	bag
5732	3556	-100	no	external_context	ged
5733	3470	-100	no	external_context	/b
5734	351	-100	no	external_context	ag
5735	1717	-100	no	external_context	less
5736	788	-100	no	external_context	""":"
5737	330	-100	no	external_context	"Ġ"""
5738	21250	-100	no	external_context	bag
5739	3556	-100	no	external_context	ged
5740	497	-100	no	external_context	""","
5741	330	-100	no	external_context	"Ġ"""
5742	20304	-100	no	external_context	features
5743	788	-100	no	external_context	""":"
5744	330	-100	no	external_context	"Ġ"""
5745	30989	-100	no	external_context	cord
5746	1717	-100	no	external_context	less
5747	9207	-100	no	external_context	"""}"
5748	2137	-100	no	external_context	},
5749	5212	-100	no	external_context	"Ġ{"""
5750	606	-100	no	external_context	name
5751	788	-100	no	external_context	""":"
5752	330	-100	no	external_context	"Ġ"""
5753	57067	-100	no	external_context	Mech
5754	44883	-100	no	external_context	anical
5755	25616	-100	no	external_context	ĠKeyboard
5756	497	-100	no	external_context	""","
5757	330	-100	no	external_context	"Ġ"""
5758	3031	-100	no	external_context	product
5759	842	-100	no	external_context	_id
5760	788	-100	no	external_context	""":"
5761	330	-100	no	external_context	"Ġ"""
5762	16	-100	no	external_context	1
5763	21	-100	no	external_context	6
5764	20	-100	no	external_context	5
5765	21	-100	no	external_context	6
5766	18	-100	no	external_context	3
5767	21	-100	no	external_context	6
5768	22	-100	no	external_context	7
5769	15	-100	no	external_context	0
5770	17	-100	no	external_context	2
5771	23	-100	no	external_context	8
5772	497	-100	no	external_context	""","
5773	330	-100	no	external_context	"Ġ"""
5774	1203	-100	no	external_context	item
5775	842	-100	no	external_context	_id
5776	788	-100	no	external_context	""":"
5777	330	-100	no	external_context	"Ġ"""
5778	16	-100	no	external_context	1
5779	16	-100	no	external_context	1
5780	20	-100	no	external_context	5
5781	16	-100	no	external_context	1
5782	17	-100	no	external_context	2
5783	24	-100	no	external_context	9
5784	18	-100	no	external_context	3
5785	21	-100	no	external_context	6
5786	23	-100	no	external_context	8
5787	15	-100	no	external_context	0
5788	497	-100	no	external_context	""","
5789	330	-100	no	external_context	"Ġ"""
5790	6555	-100	no	external_context	price
5791	788	-100	no	external_context	""":"
5792	220	-100	no	external_context	Ġ
5793	17	-100	no	external_context	2
5794	22	-100	no	external_context	7
5795	17	-100	no	external_context	2
5796	13	-100	no	external_context	.
5797	18	-100	no	external_context	3
5798	18	-100	no	external_context	3
5799	11	-100	no	external_context	,
5800	330	-100	no	external_context	"Ġ"""
5801	2875	-100	no	external_context	options
5802	788	-100	no	external_context	""":"
5803	5212	-100	no	external_context	"Ġ{"""
5804	17338	-100	no	external_context	switch
5805	943	-100	no	external_context	Ġtype
5806	788	-100	no	external_context	""":"
5807	330	-100	no	external_context	"Ġ"""
5808	22763	-100	no	external_context	linear
5809	497	-100	no	external_context	""","
5810	330	-100	no	external_context	"Ġ"""
5811	1419	-100	no	external_context	back
5812	4145	-100	no	external_context	light
5813	788	-100	no	external_context	""":"
5814	330	-100	no	external_context	"Ġ"""
5815	18184	-100	no	external_context	RGB
5816	497	-100	no	external_context	""","
5817	330	-100	no	external_context	"Ġ"""
5818	2141	-100	no	external_context	size
5819	788	-100	no	external_context	""":"
5820	330	-100	no	external_context	"Ġ"""
5821	8878	-100	no	external_context	full
5822	1379	-100	no	external_context	Ġsize
5823	9207	-100	no	external_context	"""}"
5824	2137	-100	no	external_context	},
5825	5212	-100	no	external_context	"Ġ{"""
5826	606	-100	no	external_context	name
5827	788	-100	no	external_context	""":"
5828	330	-100	no	external_context	"Ġ"""
5829	33817	-100	no	external_context	Smart
5830	22450	-100	no	external_context	ĠTher
5831	54725	-100	no	external_context	mostat
5832	497	-100	no	external_context	""","
5833	330	-100	no	external_context	"Ġ"""
5834	3031	-100	no	external_context	product
5835	842	-100	no	external_context	_id
5836	788	-100	no	external_context	""":"
5837	330	-100	no	external_context	"Ġ"""
5838	19	-100	no	external_context	4
5839	23	-100	no	external_context	8
5840	24	-100	no	external_context	9
5841	21	-100	no	external_context	6
5842	20	-100	no	external_context	5
5843	23	-100	no	external_context	8
5844	20	-100	no	external_context	5
5845	17	-100	no	external_context	2
5846	22	-100	no	external_context	7
5847	22	-100	no	external_context	7
5848	497	-100	no	external_context	""","
5849	330	-100	no	external_context	"Ġ"""
5850	1203	-100	no	external_context	item
5851	842	-100	no	external_context	_id
5852	788	-100	no	external_context	""":"
5853	330	-100	no	external_context	"Ġ"""
5854	19	-100	no	external_context	4
5855	24	-100	no	external_context	9
5856	23	-100	no	external_context	8
5857	18	-100	no	external_context	3
5858	24	-100	no	external_context	9
5859	15	-100	no	external_context	0
5860	16	-100	no	external_context	1
5861	19	-100	no	external_context	4
5862	23	-100	no	external_context	8
5863	15	-100	no	external_context	0
5864	497	-100	no	external_context	""","
5865	330	-100	no	external_context	"Ġ"""
5866	6555	-100	no	external_context	price
5867	788	-100	no	external_context	""":"
5868	220	-100	no	external_context	Ġ
5869	17	-100	no	external_context	2
5870	21	-100	no	external_context	6
5871	17	-100	no	external_context	2
5872	13	-100	no	external_context	.
5873	19	-100	no	external_context	4
5874	22	-100	no	external_context	7
5875	11	-100	no	external_context	,
5876	330	-100	no	external_context	"Ġ"""
5877	2875	-100	no	external_context	options
5878	788	-100	no	external_context	""":"
5879	5212	-100	no	external_context	"Ġ{"""
5880	18331	-100	no	external_context	compat
5881	3147	-100	no	external_context	ibility
5882	788	-100	no	external_context	""":"
5883	330	-100	no	external_context	"Ġ"""
5884	26567	-100	no	external_context	Apple
5885	5379	-100	no	external_context	ĠHome
5886	7695	-100	no	external_context	Kit
5887	497	-100	no	external_context	""","
5888	330	-100	no	external_context	"Ġ"""
5889	3423	-100	no	external_context	color
5890	788	-100	no	external_context	""":"
5891	330	-100	no	external_context	"Ġ"""
5892	11453	-100	no	external_context	black
5893	9207	-100	no	external_context	"""}"
5894	2137	-100	no	external_context	},
5895	5212	-100	no	external_context	"Ġ{"""
5896	606	-100	no	external_context	name
5897	788	-100	no	external_context	""":"
5898	330	-100	no	external_context	"Ġ"""
5899	33817	-100	no	external_context	Smart
5900	10357	-100	no	external_context	ĠWatch
5901	497	-100	no	external_context	""","
5902	330	-100	no	external_context	"Ġ"""
5903	3031	-100	no	external_context	product
5904	842	-100	no	external_context	_id
5905	788	-100	no	external_context	""":"
5906	330	-100	no	external_context	"Ġ"""
5907	21	-100	no	external_context	6
5908	24	-100	no	external_context	9
5909	19	-100	no	external_context	4
5910	20	-100	no	external_context	5
5911	17	-100	no	external_context	2
5912	18	-100	no	external_context	3
5913	17	-100	no	external_context	2
5914	15	-100	no	external_context	0
5915	20	-100	no	external_context	5
5916	17	-100	no	external_context	2
5917	497	-100	no	external_context	""","
5918	330	-100	no	external_context	"Ġ"""
5919	1203	-100	no	external_context	item
5920	842	-100	no	external_context	_id
5921	788	-100	no	external_context	""":"
5922	330	-100	no	external_context	"Ġ"""
5923	24	-100	no	external_context	9
5924	19	-100	no	external_context	4
5925	15	-100	no	external_context	0
5926	23	-100	no	external_context	8
5927	16	-100	no	external_context	1
5928	21	-100	no	external_context	6
5929	15	-100	no	external_context	0
5930	24	-100	no	external_context	9
5931	20	-100	no	external_context	5
5932	15	-100	no	external_context	0
5933	497	-100	no	external_context	""","
5934	330	-100	no	external_context	"Ġ"""
5935	6555	-100	no	external_context	price
5936	788	-100	no	external_context	""":"
5937	220	-100	no	external_context	Ġ
5938	18	-100	no	external_context	3
5939	23	-100	no	external_context	8
5940	16	-100	no	external_context	1
5941	13	-100	no	external_context	.
5942	17	-100	no	external_context	2
5943	21	-100	no	external_context	6
5944	11	-100	no	external_context	,
5945	330	-100	no	external_context	"Ġ"""
5946	2875	-100	no	external_context	options
5947	788	-100	no	external_context	""":"
5948	5212	-100	no	external_context	"Ġ{"""
5949	3423	-100	no	external_context	color
5950	788	-100	no	external_context	""":"
5951	330	-100	no	external_context	"Ġ"""
5952	34537	-100	no	external_context	gold
5953	497	-100	no	external_context	""","
5954	330	-100	no	external_context	"Ġ"""
5955	7053	-100	no	external_context	band
5956	3684	-100	no	external_context	Ġmaterial
5957	788	-100	no	external_context	""":"
5958	330	-100	no	external_context	"Ġ"""
5959	273	-100	no	external_context	le
5960	1856	-100	no	external_context	ather
5961	497	-100	no	external_context	""","
5962	330	-100	no	external_context	"Ġ"""
5963	5493	-100	no	external_context	display
5964	788	-100	no	external_context	""":"
5965	330	-100	no	external_context	"Ġ"""
5966	64003	-100	no	external_context	LCD
5967	30975	-100	no	external_context	"""}}"
5968	1125	-100	no	external_context	],
5969	330	-100	no	external_context	"Ġ"""
5970	2829	-100	no	external_context	status
5971	788	-100	no	external_context	""":"
5972	330	-100	no	external_context	"Ġ"""
5973	9588	-100	no	external_context	del
5974	43056	-100	no	external_context	ivered
5975	497	-100	no	external_context	""","
5976	330	-100	no	external_context	"Ġ"""
5977	1262	-100	no	external_context	ful
5978	7559	-100	no	external_context	fill
5979	1368	-100	no	external_context	ments
5980	788	-100	no	external_context	""":"
5981	61753	-100	no	external_context	"Ġ[{"""
5982	44553	-100	no	external_context	tracking
5983	842	-100	no	external_context	_id
5984	788	-100	no	external_context	""":"
5985	4383	-100	no	external_context	"Ġ["""
5986	23	-100	no	external_context	8
5987	19	-100	no	external_context	4
5988	18	-100	no	external_context	3
5989	15	-100	no	external_context	0
5990	20	-100	no	external_context	5
5991	18	-100	no	external_context	3
5992	21	-100	no	external_context	6
5993	18	-100	no	external_context	3
5994	17	-100	no	external_context	2
5995	18	-100	no	external_context	3
5996	24	-100	no	external_context	9
5997	17	-100	no	external_context	2
5998	7914	-100	no	external_context	"""],"
5999	330	-100	no	external_context	"Ġ"""
6000	1203	-100	no	external_context	item
6001	8077	-100	no	external_context	_ids
6002	788	-100	no	external_context	""":"
6003	4383	-100	no	external_context	"Ġ["""
6004	19	-100	no	external_context	4
6005	17	-100	no	external_context	2
6006	15	-100	no	external_context	0
6007	17	-100	no	external_context	2
6008	19	-100	no	external_context	4
6009	24	-100	no	external_context	9
6010	22	-100	no	external_context	7
6011	22	-100	no	external_context	7
6012	17	-100	no	external_context	2
6013	18	-100	no	external_context	3
6014	497	-100	no	external_context	""","
6015	330	-100	no	external_context	"Ġ"""
6016	19	-100	no	external_context	4
6017	21	-100	no	external_context	6
6018	15	-100	no	external_context	0
6019	17	-100	no	external_context	2
6020	18	-100	no	external_context	3
6021	15	-100	no	external_context	0
6022	20	-100	no	external_context	5
6023	15	-100	no	external_context	0
6024	18	-100	no	external_context	3
6025	24	-100	no	external_context	9
6026	497	-100	no	external_context	""","
6027	330	-100	no	external_context	"Ġ"""
6028	16	-100	no	external_context	1
6029	16	-100	no	external_context	1
6030	20	-100	no	external_context	5
6031	16	-100	no	external_context	1
6032	17	-100	no	external_context	2
6033	24	-100	no	external_context	9
6034	18	-100	no	external_context	3
6035	21	-100	no	external_context	6
6036	23	-100	no	external_context	8
6037	15	-100	no	external_context	0
6038	497	-100	no	external_context	""","
6039	330	-100	no	external_context	"Ġ"""
6040	19	-100	no	external_context	4
6041	24	-100	no	external_context	9
6042	23	-100	no	external_context	8
6043	18	-100	no	external_context	3
6044	24	-100	no	external_context	9
6045	15	-100	no	external_context	0
6046	16	-100	no	external_context	1
6047	19	-100	no	external_context	4
6048	23	-100	no	external_context	8
6049	15	-100	no	external_context	0
6050	497	-100	no	external_context	""","
6051	330	-100	no	external_context	"Ġ"""
6052	24	-100	no	external_context	9
6053	19	-100	no	external_context	4
6054	15	-100	no	external_context	0
6055	23	-100	no	external_context	8
6056	16	-100	no	external_context	1
6057	21	-100	no	external_context	6
6058	15	-100	no	external_context	0
6059	24	-100	no	external_context	9
6060	20	-100	no	external_context	5
6061	15	-100	no	external_context	0
6062	1341	-100	no	external_context	"""]"
6063	72441	-100	no	external_context	}],
6064	330	-100	no	external_context	"Ġ"""
6065	13755	-100	no	external_context	payment
6066	19802	-100	no	external_context	_history
6067	788	-100	no	external_context	""":"
6068	61753	-100	no	external_context	"Ġ[{"""
6069	13528	-100	no	external_context	transaction
6070	1819	-100	no	external_context	_type
6071	788	-100	no	external_context	""":"
6072	330	-100	no	external_context	"Ġ"""
6073	13755	-100	no	external_context	payment
6074	497	-100	no	external_context	""","
6075	330	-100	no	external_context	"Ġ"""
6076	6045	-100	no	external_context	amount
6077	788	-100	no	external_context	""":"
6078	220	-100	no	external_context	Ġ
6079	16	-100	no	external_context	1
6080	23	-100	no	external_context	8
6081	16	-100	no	external_context	1
6082	24	-100	no	external_context	9
6083	13	-100	no	external_context	.
6084	24	-100	no	external_context	9
6085	17	-100	no	external_context	2
6086	11	-100	no	external_context	,
6087	330	-100	no	external_context	"Ġ"""
6088	13755	-100	no	external_context	payment
6089	9032	-100	no	external_context	_method
6090	842	-100	no	external_context	_id
6091	788	-100	no	external_context	""":"
6092	330	-100	no	external_context	"Ġ"""
6093	23311	-100	no	external_context	credit
6094	16888	-100	no	external_context	_card
6095	62	-100	no	external_context	_
6096	24	-100	no	external_context	9
6097	20	-100	no	external_context	5
6098	16	-100	no	external_context	1
6099	18	-100	no	external_context	3
6100	24	-100	no	external_context	9
6101	17	-100	no	external_context	2
6102	21	-100	no	external_context	6
6103	9207	-100	no	external_context	"""}"
6104	1125	-100	no	external_context	],
6105	330	-100	no	external_context	"Ġ"""
6106	18515	-100	no	external_context	cancel
6107	38229	-100	no	external_context	_reason
6108	788	-100	no	external_context	""":"
6109	845	-100	no	external_context	Ġnull
6110	11	-100	no	external_context	,
6111	330	-100	no	external_context	"Ġ"""
6112	39568	-100	no	external_context	exchange
6113	12134	-100	no	external_context	_items
6114	788	-100	no	external_context	""":"
6115	845	-100	no	external_context	Ġnull
6116	11	-100	no	external_context	,
6117	330	-100	no	external_context	"Ġ"""
6118	39568	-100	no	external_context	exchange
6119	5921	-100	no	external_context	_new
6120	12134	-100	no	external_context	_items
6121	788	-100	no	external_context	""":"
6122	845	-100	no	external_context	Ġnull
6123	11	-100	no	external_context	,
6124	330	-100	no	external_context	"Ġ"""
6125	39568	-100	no	external_context	exchange
6126	26696	-100	no	external_context	_payment
6127	9032	-100	no	external_context	_method
6128	842	-100	no	external_context	_id
6129	788	-100	no	external_context	""":"
6130	845	-100	no	external_context	Ġnull
6131	11	-100	no	external_context	,
6132	330	-100	no	external_context	"Ġ"""
6133	39568	-100	no	external_context	exchange
6134	9040	-100	no	external_context	_price
6135	47525	-100	no	external_context	_difference
6136	788	-100	no	external_context	""":"
6137	845	-100	no	external_context	Ġnull
6138	11	-100	no	external_context	,
6139	330	-100	no	external_context	"Ġ"""
6140	689	-100	no	external_context	return
6141	12134	-100	no	external_context	_items
6142	788	-100	no	external_context	""":"
6143	845	-100	no	external_context	Ġnull
6144	11	-100	no	external_context	,
6145	330	-100	no	external_context	"Ġ"""
6146	689	-100	no	external_context	return
6147	26696	-100	no	external_context	_payment
6148	9032	-100	no	external_context	_method
6149	842	-100	no	external_context	_id
6150	788	-100	no	external_context	""":"
6151	845	-100	no	external_context	Ġnull
6152	532	-100	no	external_context	}Ċ
6153	151666	-100	no	external_context	</tool_response>
6154	151645	-100	no	external_context	<|im_end|>
6155	198	-100	no	external_context	Ċ
6156	151644	-100	no	assistant_header	<|im_start|>
6157	77091	-100	no	assistant_header	assistant
6158	198	-100	no	assistant_header	Ċ
6159	151657	151657	yes	assistant_tool_call	<tool_call>
6160	198	198	yes	assistant_tool_call	Ċ
6161	4913	4913	yes	assistant_tool_call	"{"""
6162	606	606	yes	assistant_tool_call	name
6163	788	788	yes	assistant_tool_call	""":"
6164	330	330	yes	assistant_tool_call	"Ġ"""
6165	455	455	yes	assistant_tool_call	get
6166	9840	9840	yes	assistant_tool_call	_product
6167	13260	13260	yes	assistant_tool_call	_details
6168	497	497	yes	assistant_tool_call	""","
6169	330	330	yes	assistant_tool_call	"Ġ"""
6170	16370	16370	yes	assistant_tool_call	arguments
6171	788	788	yes	assistant_tool_call	""":"
6172	5212	5212	yes	assistant_tool_call	"Ġ{"""
6173	3031	3031	yes	assistant_tool_call	product
6174	842	842	yes	assistant_tool_call	_id
6175	788	788	yes	assistant_tool_call	""":"
6176	330	330	yes	assistant_tool_call	"Ġ"""
6177	16	16	yes	assistant_tool_call	1
6178	21	21	yes	assistant_tool_call	6
6179	20	20	yes	assistant_tool_call	5
6180	21	21	yes	assistant_tool_call	6
6181	18	18	yes	assistant_tool_call	3
6182	21	21	yes	assistant_tool_call	6
6183	22	22	yes	assistant_tool_call	7
6184	15	15	yes	assistant_tool_call	0
6185	17	17	yes	assistant_tool_call	2
6186	23	23	yes	assistant_tool_call	8
6187	95642	95642	yes	assistant_tool_call	"""}}Ċ"
6188	151658	151658	yes	assistant_tool_call	</tool_call>
6189	151645	151645	yes	assistant_end	<|im_end|>
6190	198	-100	no	external_context	Ċ
6191	151644	-100	no	external_context	<|im_start|>
6192	872	-100	no	external_context	user
6193	198	-100	no	external_context	Ċ
6194	151665	-100	no	external_context	<tool_response>
6195	198	-100	no	external_context	Ċ
6196	4913	-100	no	external_context	"{"""
6197	606	-100	no	external_context	name
6198	788	-100	no	external_context	""":"
6199	330	-100	no	external_context	"Ġ"""
6200	57067	-100	no	external_context	Mech
6201	44883	-100	no	external_context	anical
6202	25616	-100	no	external_context	ĠKeyboard
6203	497	-100	no	external_context	""","
6204	330	-100	no	external_context	"Ġ"""
6205	3031	-100	no	external_context	product
6206	842	-100	no	external_context	_id
6207	788	-100	no	external_context	""":"
6208	330	-100	no	external_context	"Ġ"""
6209	16	-100	no	external_context	1
6210	21	-100	no	external_context	6
6211	20	-100	no	external_context	5
6212	21	-100	no	external_context	6
6213	18	-100	no	external_context	3
6214	21	-100	no	external_context	6
6215	22	-100	no	external_context	7
6216	15	-100	no	external_context	0
6217	17	-100	no	external_context	2
6218	23	-100	no	external_context	8
6219	497	-100	no	external_context	""","
6220	330	-100	no	external_context	"Ġ"""
6221	54611	-100	no	external_context	variants
6222	788	-100	no	external_context	""":"
6223	5212	-100	no	external_context	"Ġ{"""
6224	24	-100	no	external_context	9
6225	21	-100	no	external_context	6
6226	24	-100	no	external_context	9
6227	15	-100	no	external_context	0
6228	17	-100	no	external_context	2
6229	19	-100	no	external_context	4
6230	19	-100	no	external_context	4
6231	19	-100	no	external_context	4
6232	20	-100	no	external_context	5
6233	16	-100	no	external_context	1
6234	788	-100	no	external_context	""":"
6235	5212	-100	no	external_context	"Ġ{"""
6236	1203	-100	no	external_context	item
6237	842	-100	no	external_context	_id
6238	788	-100	no	external_context	""":"
6239	330	-100	no	external_context	"Ġ"""
6240	24	-100	no	external_context	9
6241	21	-100	no	external_context	6
6242	24	-100	no	external_context	9
6243	15	-100	no	external_context	0
6244	17	-100	no	external_context	2
6245	19	-100	no	external_context	4
6246	19	-100	no	external_context	4
6247	19	-100	no	external_context	4
6248	20	-100	no	external_context	5
6249	16	-100	no	external_context	1
6250	497	-100	no	external_context	""","
6251	330	-100	no	external_context	"Ġ"""
6252	2875	-100	no	external_context	options
6253	788	-100	no	external_context	""":"
6254	5212	-100	no	external_context	"Ġ{"""
6255	17338	-100	no	external_context	switch
6256	943	-100	no	external_context	Ġtype
6257	788	-100	no	external_context	""":"
6258	330	-100	no	external_context	"Ġ"""
6259	3678	-100	no	external_context	click
6260	88	-100	no	external_context	y
6261	497	-100	no	external_context	""","
6262	330	-100	no	external_context	"Ġ"""
6263	1419	-100	no	external_context	back
6264	4145	-100	no	external_context	light
6265	788	-100	no	external_context	""":"
6266	330	-100	no	external_context	"Ġ"""
6267	18184	-100	no	external_context	RGB
6268	497	-100	no	external_context	""","
6269	330	-100	no	external_context	"Ġ"""
6270	2141	-100	no	external_context	size
6271	788	-100	no	external_context	""":"
6272	330	-100	no	external_context	"Ġ"""
6273	21	-100	no	external_context	6
6274	15	-100	no	external_context	0
6275	4	-100	no	external_context	%
6276	14345	-100	no	external_context	"""},"
6277	330	-100	no	external_context	"Ġ"""
6278	10334	-100	no	external_context	available
6279	788	-100	no	external_context	""":"
6280	895	-100	no	external_context	Ġfalse
6281	11	-100	no	external_context	,
6282	330	-100	no	external_context	"Ġ"""
6283	6555	-100	no	external_context	price
6284	788	-100	no	external_context	""":"
6285	220	-100	no	external_context	Ġ
6286	17	-100	no	external_context	2
6287	18	-100	no	external_context	3
6288	21	-100	no	external_context	6
6289	13	-100	no	external_context	.
6290	20	-100	no	external_context	5
6291	16	-100	no	external_context	1
6292	2137	-100	no	external_context	},
6293	330	-100	no	external_context	"Ġ"""
6294	22	-100	no	external_context	7
6295	22	-100	no	external_context	7
6296	15	-100	no	external_context	0
6297	21	-100	no	external_context	6
6298	19	-100	no	external_context	4
6299	16	-100	no	external_context	1
6300	15	-100	no	external_context	0
6301	17	-100	no	external_context	2
6302	24	-100	no	external_context	9
6303	18	-100	no	external_context	3
6304	788	-100	no	external_context	""":"
6305	5212	-100	no	external_context	"Ġ{"""
6306	1203	-100	no	external_context	item
6307	842	-100	no	external_context	_id
6308	788	-100	no	external_context	""":"
6309	330	-100	no	external_context	"Ġ"""
6310	22	-100	no	external_context	7
6311	22	-100	no	external_context	7
6312	15	-100	no	external_context	0
6313	21	-100	no	external_context	6
6314	19	-100	no	external_context	4
6315	16	-100	no	external_context	1
6316	15	-100	no	external_context	0
6317	17	-100	no	external_context	2
6318	24	-100	no	external_context	9
6319	18	-100	no	external_context	3
6320	497	-100	no	external_context	""","
6321	330	-100	no	external_context	"Ġ"""
6322	2875	-100	no	external_context	options
6323	788	-100	no	external_context	""":"
6324	5212	-100	no	external_context	"Ġ{"""
6325	17338	-100	no	external_context	switch
6326	943	-100	no	external_context	Ġtype
6327	788	-100	no	external_context	""":"
6328	330	-100	no	external_context	"Ġ"""
6329	3678	-100	no	external_context	click
6330	88	-100	no	external_context	y
6331	497	-100	no	external_context	""","
6332	330	-100	no	external_context	"Ġ"""
6333	1419	-100	no	external_context	back
6334	4145	-100	no	external_context	light
6335	788	-100	no	external_context	""":"
6336	330	-100	no	external_context	"Ġ"""
6337	6697	-100	no	external_context	none
6338	497	-100	no	external_context	""","
6339	330	-100	no	external_context	"Ġ"""
6340	2141	-100	no	external_context	size
6341	788	-100	no	external_context	""":"
6342	330	-100	no	external_context	"Ġ"""
6343	8878	-100	no	external_context	full
6344	1379	-100	no	external_context	Ġsize
6345	14345	-100	no	external_context	"""},"
6346	330	-100	no	external_context	"Ġ"""
6347	10334	-100	no	external_context	available
6348	788	-100	no	external_context	""":"
6349	830	-100	no	external_context	Ġtrue
6350	11	-100	no	external_context	,
6351	330	-100	no	external_context	"Ġ"""
6352	6555	-100	no	external_context	price
6353	788	-100	no	external_context	""":"
6354	220	-100	no	external_context	Ġ
6355	17	-100	no	external_context	2
6356	21	-100	no	external_context	6
6357	24	-100	no	external_context	9
6358	13	-100	no	external_context	.
6359	16	-100	no	external_context	1
6360	21	-100	no	external_context	6
6361	2137	-100	no	external_context	},
6362	330	-100	no	external_context	"Ġ"""
6363	18	-100	no	external_context	3
6364	21	-100	no	external_context	6
6365	16	-100	no	external_context	1
6366	21	-100	no	external_context	6
6367	23	-100	no	external_context	8
6368	18	-100	no	external_context	3
6369	23	-100	no	external_context	8
6370	20	-100	no	external_context	5
6371	15	-100	no	external_context	0
6372	22	-100	no	external_context	7
6373	788	-100	no	external_context	""":"
6374	5212	-100	no	external_context	"Ġ{"""
6375	1203	-100	no	external_context	item
6376	842	-100	no	external_context	_id
6377	788	-100	no	external_context	""":"
6378	330	-100	no	external_context	"Ġ"""
6379	18	-100	no	external_context	3
6380	21	-100	no	external_context	6
6381	16	-100	no	external_context	1
6382	21	-100	no	external_context	6
6383	23	-100	no	external_context	8
6384	18	-100	no	external_context	3
6385	23	-100	no	external_context	8
6386	20	-100	no	external_context	5
6387	15	-100	no	external_context	0
6388	22	-100	no	external_context	7
6389	497	-100	no	external_context	""","
6390	330	-100	no	external_context	"Ġ"""
6391	2875	-100	no	external_context	options
6392	788	-100	no	external_context	""":"
6393	5212	-100	no	external_context	"Ġ{"""
6394	17338	-100	no	external_context	switch
6395	943	-100	no	external_context	Ġtype
6396	788	-100	no	external_context	""":"
6397	330	-100	no	external_context	"Ġ"""
6398	83	-100	no	external_context	t
6399	531	-100	no	external_context	act
6400	457	-100	no	external_context	ile
6401	497	-100	no	external_context	""","
6402	330	-100	no	external_context	"Ġ"""
6403	1419	-100	no	external_context	back
6404	4145	-100	no	external_context	light
6405	788	-100	no	external_context	""":"
6406	330	-100	no	external_context	"Ġ"""
6407	5782	-100	no	external_context	white
6408	497	-100	no	external_context	""","
6409	330	-100	no	external_context	"Ġ"""
6410	2141	-100	no	external_context	size
6411	788	-100	no	external_context	""":"
6412	330	-100	no	external_context	"Ġ"""
6413	8878	-100	no	external_context	full
6414	1379	-100	no	external_context	Ġsize
6415	14345	-100	no	external_context	"""},"
6416	330	-100	no	external_context	"Ġ"""
6417	10334	-100	no	external_context	available
6418	788	-100	no	external_context	""":"
6419	830	-100	no	external_context	Ġtrue
6420	11	-100	no	external_context	,
6421	330	-100	no	external_context	"Ġ"""
6422	6555	-100	no	external_context	price
6423	788	-100	no	external_context	""":"
6424	220	-100	no	external_context	Ġ
6425	17	-100	no	external_context	2
6426	17	-100	no	external_context	2
6427	21	-100	no	external_context	6
6428	13	-100	no	external_context	.
6429	16	-100	no	external_context	1
6430	16	-100	no	external_context	1
6431	2137	-100	no	external_context	},
6432	330	-100	no	external_context	"Ġ"""
6433	23	-100	no	external_context	8
6434	19	-100	no	external_context	4
6435	23	-100	no	external_context	8
6436	19	-100	no	external_context	4
6437	24	-100	no	external_context	9
6438	17	-100	no	external_context	2
6439	16	-100	no	external_context	1
6440	22	-100	no	external_context	7
6441	24	-100	no	external_context	9
6442	18	-100	no	external_context	3
6443	788	-100	no	external_context	""":"
6444	5212	-100	no	external_context	"Ġ{"""
6445	1203	-100	no	external_context	item
6446	842	-100	no	external_context	_id
6447	788	-100	no	external_context	""":"
6448	330	-100	no	external_context	"Ġ"""
6449	23	-100	no	external_context	8
6450	19	-100	no	external_context	4
6451	23	-100	no	external_context	8
6452	19	-100	no	external_context	4
6453	24	-100	no	external_context	9
6454	17	-100	no	external_context	2
6455	16	-100	no	external_context	1
6456	22	-100	no	external_context	7
6457	24	-100	no	external_context	9
6458	18	-100	no	external_context	3
6459	497	-100	no	external_context	""","
6460	330	-100	no	external_context	"Ġ"""
6461	2875	-100	no	external_context	options
6462	788	-100	no	external_context	""":"
6463	5212	-100	no	external_context	"Ġ{"""
6464	17338	-100	no	external_context	switch
6465	943	-100	no	external_context	Ġtype
6466	788	-100	no	external_context	""":"
6467	330	-100	no	external_context	"Ġ"""
6468	22763	-100	no	external_context	linear
6469	497	-100	no	external_context	""","
6470	330	-100	no	external_context	"Ġ"""
6471	1419	-100	no	external_context	back
6472	4145	-100	no	external_context	light
6473	788	-100	no	external_context	""":"
6474	330	-100	no	external_context	"Ġ"""
6475	18184	-100	no	external_context	RGB
6476	497	-100	no	external_context	""","
6477	330	-100	no	external_context	"Ġ"""
6478	2141	-100	no	external_context	size
6479	788	-100	no	external_context	""":"
6480	330	-100	no	external_context	"Ġ"""
6481	23	-100	no	external_context	8
6482	15	-100	no	external_context	0
6483	4	-100	no	external_context	%
6484	14345	-100	no	external_context	"""},"
6485	330	-100	no	external_context	"Ġ"""
6486	10334	-100	no	external_context	available
6487	788	-100	no	external_context	""":"
6488	830	-100	no	external_context	Ġtrue
6489	11	-100	no	external_context	,
6490	330	-100	no	external_context	"Ġ"""
6491	6555	-100	no	external_context	price
6492	788	-100	no	external_context	""":"
6493	220	-100	no	external_context	Ġ
6494	17	-100	no	external_context	2
6495	18	-100	no	external_context	3
6496	15	-100	no	external_context	0
6497	13	-100	no	external_context	.
6498	16	-100	no	external_context	1
6499	20	-100	no	external_context	5
6500	2137	-100	no	external_context	},
6501	330	-100	no	external_context	"Ġ"""
6502	16	-100	no	external_context	1
6503	18	-100	no	external_context	3
6504	19	-100	no	external_context	4
6505	15	-100	no	external_context	0
6506	24	-100	no	external_context	9
6507	24	-100	no	external_context	9
6508	20	-100	no	external_context	5
6509	16	-100	no	external_context	1
6510	16	-100	no	external_context	1
6511	19	-100	no	external_context	4
6512	788	-100	no	external_context	""":"
6513	5212	-100	no	external_context	"Ġ{"""
6514	1203	-100	no	external_context	item
6515	842	-100	no	external_context	_id
6516	788	-100	no	external_context	""":"
6517	330	-100	no	external_context	"Ġ"""
6518	16	-100	no	external_context	1
6519	18	-100	no	external_context	3
6520	19	-100	no	external_context	4
6521	15	-100	no	external_context	0
6522	24	-100	no	external_context	9
6523	24	-100	no	external_context	9
6524	20	-100	no	external_context	5
6525	16	-100	no	external_context	1
6526	16	-100	no	external_context	1
6527	19	-100	no	external_context	4
6528	497	-100	no	external_context	""","
6529	330	-100	no	external_context	"Ġ"""
6530	2875	-100	no	external_context	options
6531	788	-100	no	external_context	""":"
6532	5212	-100	no	external_context	"Ġ{"""
6533	17338	-100	no	external_context	switch
6534	943	-100	no	external_context	Ġtype
6535	788	-100	no	external_context	""":"
6536	330	-100	no	external_context	"Ġ"""
6537	83	-100	no	external_context	t
6538	531	-100	no	external_context	act
6539	457	-100	no	external_context	ile
6540	497	-100	no	external_context	""","
6541	330	-100	no	external_context	"Ġ"""
6542	1419	-100	no	external_context	back
6543	4145	-100	no	external_context	light
6544	788	-100	no	external_context	""":"
6545	330	-100	no	external_context	"Ġ"""
6546	6697	-100	no	external_context	none
6547	497	-100	no	external_context	""","
6548	330	-100	no	external_context	"Ġ"""
6549	2141	-100	no	external_context	size
6550	788	-100	no	external_context	""":"
6551	330	-100	no	external_context	"Ġ"""
6552	8878	-100	no	external_context	full
6553	1379	-100	no	external_context	Ġsize
6554	14345	-100	no	external_context	"""},"
6555	330	-100	no	external_context	"Ġ"""
6556	10334	-100	no	external_context	available
6557	788	-100	no	external_context	""":"
6558	895	-100	no	external_context	Ġfalse
6559	11	-100	no	external_context	,
6560	330	-100	no	external_context	"Ġ"""
6561	6555	-100	no	external_context	price
6562	788	-100	no	external_context	""":"
6563	220	-100	no	external_context	Ġ
6564	17	-100	no	external_context	2
6565	18	-100	no	external_context	3
6566	20	-100	no	external_context	5
6567	13	-100	no	external_context	.
6568	16	-100	no	external_context	1
6569	18	-100	no	external_context	3
6570	2137	-100	no	external_context	},
6571	330	-100	no	external_context	"Ġ"""
6572	21	-100	no	external_context	6
6573	18	-100	no	external_context	3
6574	19	-100	no	external_context	4
6575	17	-100	no	external_context	2
6576	15	-100	no	external_context	0
6577	18	-100	no	external_context	3
6578	24	-100	no	external_context	9
6579	17	-100	no	external_context	2
6580	18	-100	no	external_context	3
6581	21	-100	no	external_context	6
6582	788	-100	no	external_context	""":"
6583	5212	-100	no	external_context	"Ġ{"""
6584	1203	-100	no	external_context	item
6585	842	-100	no	external_context	_id
6586	788	-100	no	external_context	""":"
6587	330	-100	no	external_context	"Ġ"""
6588	21	-100	no	external_context	6
6589	18	-100	no	external_context	3
6590	19	-100	no	external_context	4
6591	17	-100	no	external_context	2
6592	15	-100	no	external_context	0
6593	18	-100	no	external_context	3
6594	24	-100	no	external_context	9
6595	17	-100	no	external_context	2
6596	18	-100	no	external_context	3
6597	21	-100	no	external_context	6
6598	497	-100	no	external_context	""","
6599	330	-100	no	external_context	"Ġ"""
6600	2875	-100	no	external_context	options
6601	788	-100	no	external_context	""":"
6602	5212	-100	no	external_context	"Ġ{"""
6603	17338	-100	no	external_context	switch
6604	943	-100	no	external_context	Ġtype
6605	788	-100	no	external_context	""":"
6606	330	-100	no	external_context	"Ġ"""
6607	3678	-100	no	external_context	click
6608	88	-100	no	external_context	y
6609	497	-100	no	external_context	""","
6610	330	-100	no	external_context	"Ġ"""
6611	1419	-100	no	external_context	back
6612	4145	-100	no	external_context	light
6613	788	-100	no	external_context	""":"
6614	330	-100	no	external_context	"Ġ"""
6615	5782	-100	no	external_context	white
6616	497	-100	no	external_context	""","
6617	330	-100	no	external_context	"Ġ"""
6618	2141	-100	no	external_context	size
6619	788	-100	no	external_context	""":"
6620	330	-100	no	external_context	"Ġ"""
6621	8878	-100	no	external_context	full
6622	1379	-100	no	external_context	Ġsize
6623	14345	-100	no	external_context	"""},"
6624	330	-100	no	external_context	"Ġ"""
6625	10334	-100	no	external_context	available
6626	788	-100	no	external_context	""":"
6627	830	-100	no	external_context	Ġtrue
6628	11	-100	no	external_context	,
6629	330	-100	no	external_context	"Ġ"""
6630	6555	-100	no	external_context	price
6631	788	-100	no	external_context	""":"
6632	220	-100	no	external_context	Ġ
6633	17	-100	no	external_context	2
6634	19	-100	no	external_context	4
6635	19	-100	no	external_context	4
6636	13	-100	no	external_context	.
6637	24	-100	no	external_context	9
6638	16	-100	no	external_context	1
6639	2137	-100	no	external_context	},
6640	330	-100	no	external_context	"Ġ"""
6641	16	-100	no	external_context	1
6642	19	-100	no	external_context	4
6643	17	-100	no	external_context	2
6644	16	-100	no	external_context	1
6645	17	-100	no	external_context	2
6646	23	-100	no	external_context	8
6647	24	-100	no	external_context	9
6648	23	-100	no	external_context	8
6649	23	-100	no	external_context	8
6650	16	-100	no	external_context	1
6651	788	-100	no	external_context	""":"
6652	5212	-100	no	external_context	"Ġ{"""
6653	1203	-100	no	external_context	item
6654	842	-100	no	external_context	_id
6655	788	-100	no	external_context	""":"
6656	330	-100	no	external_context	"Ġ"""
6657	16	-100	no	external_context	1
6658	19	-100	no	external_context	4
6659	17	-100	no	external_context	2
6660	16	-100	no	external_context	1
6661	17	-100	no	external_context	2
6662	23	-100	no	external_context	8
6663	24	-100	no	external_context	9
6664	23	-100	no	external_context	8
6665	23	-100	no	external_context	8
6666	16	-100	no	external_context	1
6667	497	-100	no	external_context	""","
6668	330	-100	no	external_context	"Ġ"""
6669	2875	-100	no	external_context	options
6670	788	-100	no	external_context	""":"
6671	5212	-100	no	external_context	"Ġ{"""
6672	17338	-100	no	external_context	switch
6673	943	-100	no	external_context	Ġtype
6674	788	-100	no	external_context	""":"
6675	330	-100	no	external_context	"Ġ"""
6676	22763	-100	no	external_context	linear
6677	497	-100	no	external_context	""","
6678	330	-100	no	external_context	"Ġ"""
6679	1419	-100	no	external_context	back
6680	4145	-100	no	external_context	light
6681	788	-100	no	external_context	""":"
6682	330	-100	no	external_context	"Ġ"""
6683	6697	-100	no	external_context	none
6684	497	-100	no	external_context	""","
6685	330	-100	no	external_context	"Ġ"""
6686	2141	-100	no	external_context	size
6687	788	-100	no	external_context	""":"
6688	330	-100	no	external_context	"Ġ"""
6689	23	-100	no	external_context	8
6690	15	-100	no	external_context	0
6691	4	-100	no	external_context	%
6692	14345	-100	no	external_context	"""},"
6693	330	-100	no	external_context	"Ġ"""
6694	10334	-100	no	external_context	available
6695	788	-100	no	external_context	""":"
6696	830	-100	no	external_context	Ġtrue
6697	11	-100	no	external_context	,
6698	330	-100	no	external_context	"Ġ"""
6699	6555	-100	no	external_context	price
6700	788	-100	no	external_context	""":"
6701	220	-100	no	external_context	Ġ
6702	17	-100	no	external_context	2
6703	21	-100	no	external_context	6
6704	23	-100	no	external_context	8
6705	13	-100	no	external_context	.
6706	22	-100	no	external_context	7
6707	22	-100	no	external_context	7
6708	2137	-100	no	external_context	},
6709	330	-100	no	external_context	"Ġ"""
6710	22	-100	no	external_context	7
6711	23	-100	no	external_context	8
6712	21	-100	no	external_context	6
6713	22	-100	no	external_context	7
6714	18	-100	no	external_context	3
6715	24	-100	no	external_context	9
6716	23	-100	no	external_context	8
6717	17	-100	no	external_context	2
6718	15	-100	no	external_context	0
6719	18	-100	no	external_context	3
6720	788	-100	no	external_context	""":"
6721	5212	-100	no	external_context	"Ġ{"""
6722	1203	-100	no	external_context	item
6723	842	-100	no	external_context	_id
6724	788	-100	no	external_context	""":"
6725	330	-100	no	external_context	"Ġ"""
6726	22	-100	no	external_context	7
6727	23	-100	no	external_context	8
6728	21	-100	no	external_context	6
6729	22	-100	no	external_context	7
6730	18	-100	no	external_context	3
6731	24	-100	no	external_context	9
6732	23	-100	no	external_context	8
6733	17	-100	no	external_context	2
6734	15	-100	no	external_context	0
6735	18	-100	no	external_context	3
6736	497	-100	no	external_context	""","
6737	330	-100	no	external_context	"Ġ"""
6738	2875	-100	no	external_context	options
6739	788	-100	no	external_context	""":"
6740	5212	-100	no	external_context	"Ġ{"""
6741	17338	-100	no	external_context	switch
6742	943	-100	no	external_context	Ġtype
6743	788	-100	no	external_context	""":"
6744	330	-100	no	external_context	"Ġ"""
6745	22763	-100	no	external_context	linear
6746	497	-100	no	external_context	""","
6747	330	-100	no	external_context	"Ġ"""
6748	1419	-100	no	external_context	back
6749	4145	-100	no	external_context	light
6750	788	-100	no	external_context	""":"
6751	330	-100	no	external_context	"Ġ"""
6752	18184	-100	no	external_context	RGB
6753	497	-100	no	external_context	""","
6754	330	-100	no	external_context	"Ġ"""
6755	2141	-100	no	external_context	size
6756	788	-100	no	external_context	""":"
6757	330	-100	no	external_context	"Ġ"""
6758	21	-100	no	external_context	6
6759	15	-100	no	external_context	0
6760	4	-100	no	external_context	%
6761	14345	-100	no	external_context	"""},"
6762	330	-100	no	external_context	"Ġ"""
6763	10334	-100	no	external_context	available
6764	788	-100	no	external_context	""":"
6765	830	-100	no	external_context	Ġtrue
6766	11	-100	no	external_context	,
6767	330	-100	no	external_context	"Ġ"""
6768	6555	-100	no	external_context	price
6769	788	-100	no	external_context	""":"
6770	220	-100	no	external_context	Ġ
6771	17	-100	no	external_context	2
6772	18	-100	no	external_context	3
6773	17	-100	no	external_context	2
6774	13	-100	no	external_context	.
6775	22	-100	no	external_context	7
6776	2137	-100	no	external_context	},
6777	330	-100	no	external_context	"Ġ"""
6778	19	-100	no	external_context	4
6779	21	-100	no	external_context	6
6780	19	-100	no	external_context	4
6781	23	-100	no	external_context	8
6782	23	-100	no	external_context	8
6783	16	-100	no	external_context	1
6784	19	-100	no	external_context	4
6785	22	-100	no	external_context	7
6786	15	-100	no	external_context	0
6787	15	-100	no	external_context	0
6788	788	-100	no	external_context	""":"
6789	5212	-100	no	external_context	"Ġ{"""
6790	1203	-100	no	external_context	item
6791	842	-100	no	external_context	_id
6792	788	-100	no	external_context	""":"
6793	330	-100	no	external_context	"Ġ"""
6794	19	-100	no	external_context	4
6795	21	-100	no	external_context	6
6796	19	-100	no	external_context	4
6797	23	-100	no	external_context	8
6798	23	-100	no	external_context	8
6799	16	-100	no	external_context	1
6800	19	-100	no	external_context	4
6801	22	-100	no	external_context	7
6802	15	-100	no	external_context	0
6803	15	-100	no	external_context	0
6804	497	-100	no	external_context	""","
6805	330	-100	no	external_context	"Ġ"""
6806	2875	-100	no	external_context	options
6807	788	-100	no	external_context	""":"
6808	5212	-100	no	external_context	"Ġ{"""
6809	17338	-100	no	external_context	switch
6810	943	-100	no	external_context	Ġtype
6811	788	-100	no	external_context	""":"
6812	330	-100	no	external_context	"Ġ"""
6813	22763	-100	no	external_context	linear
6814	497	-100	no	external_context	""","
6815	330	-100	no	external_context	"Ġ"""
6816	1419	-100	no	external_context	back
6817	4145	-100	no	external_context	light
6818	788	-100	no	external_context	""":"
6819	330	-100	no	external_context	"Ġ"""
6820	5782	-100	no	external_context	white
6821	497	-100	no	external_context	""","
6822	330	-100	no	external_context	"Ġ"""
6823	2141	-100	no	external_context	size
6824	788	-100	no	external_context	""":"
6825	330	-100	no	external_context	"Ġ"""
6826	21	-100	no	external_context	6
6827	15	-100	no	external_context	0
6828	4	-100	no	external_context	%
6829	14345	-100	no	external_context	"""},"
6830	330	-100	no	external_context	"Ġ"""
6831	10334	-100	no	external_context	available
6832	788	-100	no	external_context	""":"
6833	895	-100	no	external_context	Ġfalse
6834	11	-100	no	external_context	,
6835	330	-100	no	external_context	"Ġ"""
6836	6555	-100	no	external_context	price
6837	788	-100	no	external_context	""":"
6838	220	-100	no	external_context	Ġ
6839	17	-100	no	external_context	2
6840	17	-100	no	external_context	2
6841	23	-100	no	external_context	8
6842	13	-100	no	external_context	.
6843	23	-100	no	external_context	8
6844	19	-100	no	external_context	4
6845	2137	-100	no	external_context	},
6846	330	-100	no	external_context	"Ġ"""
6847	20	-100	no	external_context	5
6848	17	-100	no	external_context	2
6849	17	-100	no	external_context	2
6850	17	-100	no	external_context	2
6851	20	-100	no	external_context	5
6852	22	-100	no	external_context	7
6853	21	-100	no	external_context	6
6854	24	-100	no	external_context	9
6855	17	-100	no	external_context	2
6856	21	-100	no	external_context	6
6857	788	-100	no	external_context	""":"
6858	5212	-100	no	external_context	"Ġ{"""
6859	1203	-100	no	external_context	item
6860	842	-100	no	external_context	_id
6861	788	-100	no	external_context	""":"
6862	330	-100	no	external_context	"Ġ"""
6863	20	-100	no	external_context	5
6864	17	-100	no	external_context	2
6865	17	-100	no	external_context	2
6866	17	-100	no	external_context	2
6867	20	-100	no	external_context	5
6868	22	-100	no	external_context	7
6869	21	-100	no	external_context	6
6870	24	-100	no	external_context	9
6871	17	-100	no	external_context	2
6872	21	-100	no	external_context	6
6873	497	-100	no	external_context	""","
6874	330	-100	no	external_context	"Ġ"""
6875	2875	-100	no	external_context	options
6876	788	-100	no	external_context	""":"
6877	5212	-100	no	external_context	"Ġ{"""
6878	17338	-100	no	external_context	switch
6879	943	-100	no	external_context	Ġtype
6880	788	-100	no	external_context	""":"
6881	330	-100	no	external_context	"Ġ"""
6882	22763	-100	no	external_context	linear
6883	497	-100	no	external_context	""","
6884	330	-100	no	external_context	"Ġ"""
6885	1419	-100	no	external_context	back
6886	4145	-100	no	external_context	light
6887	788	-100	no	external_context	""":"
6888	330	-100	no	external_context	"Ġ"""
6889	5782	-100	no	external_context	white
6890	497	-100	no	external_context	""","
6891	330	-100	no	external_context	"Ġ"""
6892	2141	-100	no	external_context	size
6893	788	-100	no	external_context	""":"
6894	330	-100	no	external_context	"Ġ"""
6895	8878	-100	no	external_context	full
6896	1379	-100	no	external_context	Ġsize
6897	14345	-100	no	external_context	"""},"
6898	330	-100	no	external_context	"Ġ"""
6899	10334	-100	no	external_context	available
6900	788	-100	no	external_context	""":"
6901	895	-100	no	external_context	Ġfalse
6902	11	-100	no	external_context	,
6903	330	-100	no	external_context	"Ġ"""
6904	6555	-100	no	external_context	price
6905	788	-100	no	external_context	""":"
6906	220	-100	no	external_context	Ġ
6907	17	-100	no	external_context	2
6908	19	-100	no	external_context	4
6909	24	-100	no	external_context	9
6910	13	-100	no	external_context	.
6911	24	-100	no	external_context	9
6912	20	-100	no	external_context	5
6913	2137	-100	no	external_context	},
6914	330	-100	no	external_context	"Ġ"""
6915	19	-100	no	external_context	4
6916	19	-100	no	external_context	4
6917	15	-100	no	external_context	0
6918	17	-100	no	external_context	2
6919	16	-100	no	external_context	1
6920	21	-100	no	external_context	6
6921	17	-100	no	external_context	2
6922	16	-100	no	external_context	1
6923	17	-100	no	external_context	2
6924	17	-100	no	external_context	2
6925	788	-100	no	external_context	""":"
6926	5212	-100	no	external_context	"Ġ{"""
6927	1203	-100	no	external_context	item
6928	842	-100	no	external_context	_id
6929	788	-100	no	external_context	""":"
6930	330	-100	no	external_context	"Ġ"""
6931	19	-100	no	external_context	4
6932	19	-100	no	external_context	4
6933	15	-100	no	external_context	0
6934	17	-100	no	external_context	2
6935	16	-100	no	external_context	1
6936	21	-100	no	external_context	6
6937	17	-100	no	external_context	2
6938	16	-100	no	external_context	1
6939	17	-100	no	external_context	2
6940	17	-100	no	external_context	2
6941	497	-100	no	external_context	""","
6942	330	-100	no	external_context	"Ġ"""
6943	2875	-100	no	external_context	options
6944	788	-100	no	external_context	""":"
6945	5212	-100	no	external_context	"Ġ{"""
6946	17338	-100	no	external_context	switch
6947	943	-100	no	external_context	Ġtype
6948	788	-100	no	external_context	""":"
6949	330	-100	no	external_context	"Ġ"""
6950	83	-100	no	external_context	t
6951	531	-100	no	external_context	act
6952	457	-100	no	external_context	ile
6953	497	-100	no	external_context	""","
6954	330	-100	no	external_context	"Ġ"""
6955	1419	-100	no	external_context	back
6956	4145	-100	no	external_context	light
6957	788	-100	no	external_context	""":"
6958	330	-100	no	external_context	"Ġ"""
6959	18184	-100	no	external_context	RGB
6960	497	-100	no	external_context	""","
6961	330	-100	no	external_context	"Ġ"""
6962	2141	-100	no	external_context	size
6963	788	-100	no	external_context	""":"
6964	330	-100	no	external_context	"Ġ"""
6965	21	-100	no	external_context	6
6966	15	-100	no	external_context	0
6967	4	-100	no	external_context	%
6968	14345	-100	no	external_context	"""},"
6969	330	-100	no	external_context	"Ġ"""
6970	10334	-100	no	external_context	available
6971	788	-100	no	external_context	""":"
6972	830	-100	no	external_context	Ġtrue
6973	11	-100	no	external_context	,
6974	330	-100	no	external_context	"Ġ"""
6975	6555	-100	no	external_context	price
6976	788	-100	no	external_context	""":"
6977	220	-100	no	external_context	Ġ
6978	17	-100	no	external_context	2
6979	18	-100	no	external_context	3
6980	18	-100	no	external_context	3
6981	13	-100	no	external_context	.
6982	24	-100	no	external_context	9
6983	2137	-100	no	external_context	},
6984	330	-100	no	external_context	"Ġ"""
6985	16	-100	no	external_context	1
6986	16	-100	no	external_context	1
6987	20	-100	no	external_context	5
6988	16	-100	no	external_context	1
6989	17	-100	no	external_context	2
6990	24	-100	no	external_context	9
6991	18	-100	no	external_context	3
6992	21	-100	no	external_context	6
6993	23	-100	no	external_context	8
6994	15	-100	no	external_context	0
6995	788	-100	no	external_context	""":"
6996	5212	-100	no	external_context	"Ġ{"""
6997	1203	-100	no	external_context	item
6998	842	-100	no	external_context	_id
6999	788	-100	no	external_context	""":"
7000	330	-100	no	external_context	"Ġ"""
7001	16	-100	no	external_context	1
7002	16	-100	no	external_context	1
7003	20	-100	no	external_context	5
7004	16	-100	no	external_context	1
7005	17	-100	no	external_context	2
7006	24	-100	no	external_context	9
7007	18	-100	no	external_context	3
7008	21	-100	no	external_context	6
7009	23	-100	no	external_context	8
7010	15	-100	no	external_context	0
7011	497	-100	no	external_context	""","
7012	330	-100	no	external_context	"Ġ"""
7013	2875	-100	no	external_context	options
7014	788	-100	no	external_context	""":"
7015	5212	-100	no	external_context	"Ġ{"""
7016	17338	-100	no	external_context	switch
7017	943	-100	no	external_context	Ġtype
7018	788	-100	no	external_context	""":"
7019	330	-100	no	external_context	"Ġ"""
7020	22763	-100	no	external_context	linear
7021	497	-100	no	external_context	""","
7022	330	-100	no	external_context	"Ġ"""
7023	1419	-100	no	external_context	back
7024	4145	-100	no	external_context	light
7025	788	-100	no	external_context	""":"
7026	330	-100	no	external_context	"Ġ"""
7027	18184	-100	no	external_context	RGB
7028	497	-100	no	external_context	""","
7029	330	-100	no	external_context	"Ġ"""
7030	2141	-100	no	external_context	size
7031	788	-100	no	external_context	""":"
7032	330	-100	no	external_context	"Ġ"""
7033	8878	-100	no	external_context	full
7034	1379	-100	no	external_context	Ġsize
7035	14345	-100	no	external_context	"""},"
7036	330	-100	no	external_context	"Ġ"""
7037	10334	-100	no	external_context	available
7038	788	-100	no	external_context	""":"
7039	830	-100	no	external_context	Ġtrue
7040	11	-100	no	external_context	,
7041	330	-100	no	external_context	"Ġ"""
7042	6555	-100	no	external_context	price
7043	788	-100	no	external_context	""":"
7044	220	-100	no	external_context	Ġ
7045	17	-100	no	external_context	2
7046	22	-100	no	external_context	7
7047	17	-100	no	external_context	2
7048	13	-100	no	external_context	.
7049	18	-100	no	external_context	3
7050	18	-100	no	external_context	3
7051	2137	-100	no	external_context	},
7052	330	-100	no	external_context	"Ġ"""
7053	17	-100	no	external_context	2
7054	17	-100	no	external_context	2
7055	24	-100	no	external_context	9
7056	24	-100	no	external_context	9
7057	19	-100	no	external_context	4
7058	17	-100	no	external_context	2
7059	19	-100	no	external_context	4
7060	17	-100	no	external_context	2
7061	19	-100	no	external_context	4
7062	16	-100	no	external_context	1
7063	788	-100	no	external_context	""":"
7064	5212	-100	no	external_context	"Ġ{"""
7065	1203	-100	no	external_context	item
7066	842	-100	no	external_context	_id
7067	788	-100	no	external_context	""":"
7068	330	-100	no	external_context	"Ġ"""
7069	17	-100	no	external_context	2
7070	17	-100	no	external_context	2
7071	24	-100	no	external_context	9
7072	24	-100	no	external_context	9
7073	19	-100	no	external_context	4
7074	17	-100	no	external_context	2
7075	19	-100	no	external_context	4
7076	17	-100	no	external_context	2
7077	19	-100	no	external_context	4
7078	16	-100	no	external_context	1
7079	497	-100	no	external_context	""","
7080	330	-100	no	external_context	"Ġ"""
7081	2875	-100	no	external_context	options
7082	788	-100	no	external_context	""":"
7083	5212	-100	no	external_context	"Ġ{"""
7084	17338	-100	no	external_context	switch
7085	943	-100	no	external_context	Ġtype
7086	788	-100	no	external_context	""":"
7087	330	-100	no	external_context	"Ġ"""
7088	3678	-100	no	external_context	click
7089	88	-100	no	external_context	y
7090	497	-100	no	external_context	""","
7091	330	-100	no	external_context	"Ġ"""
7092	1419	-100	no	external_context	back
7093	4145	-100	no	external_context	light
7094	788	-100	no	external_context	""":"
7095	330	-100	no	external_context	"Ġ"""
7096	18184	-100	no	external_context	RGB
7097	497	-100	no	external_context	""","
7098	330	-100	no	external_context	"Ġ"""
7099	2141	-100	no	external_context	size
7100	788	-100	no	external_context	""":"
7101	330	-100	no	external_context	"Ġ"""
7102	23	-100	no	external_context	8
7103	15	-100	no	external_context	0
7104	4	-100	no	external_context	%
7105	14345	-100	no	external_context	"""},"
7106	330	-100	no	external_context	"Ġ"""
7107	10334	-100	no	external_context	available
7108	788	-100	no	external_context	""":"
7109	830	-100	no	external_context	Ġtrue
7110	11	-100	no	external_context	,
7111	330	-100	no	external_context	"Ġ"""
7112	6555	-100	no	external_context	price
7113	788	-100	no	external_context	""":"
7114	220	-100	no	external_context	Ġ
7115	17	-100	no	external_context	2
7116	18	-100	no	external_context	3
7117	22	-100	no	external_context	7
7118	13	-100	no	external_context	.
7119	19	-100	no	external_context	4
7120	23	-100	no	external_context	8
7121	2137	-100	no	external_context	},
7122	330	-100	no	external_context	"Ġ"""
7123	19	-100	no	external_context	4
7124	23	-100	no	external_context	8
7125	19	-100	no	external_context	4
7126	18	-100	no	external_context	3
7127	19	-100	no	external_context	4
7128	23	-100	no	external_context	8
7129	22	-100	no	external_context	7
7130	24	-100	no	external_context	9
7131	15	-100	no	external_context	0
7132	22	-100	no	external_context	7
7133	788	-100	no	external_context	""":"
7134	5212	-100	no	external_context	"Ġ{"""
7135	1203	-100	no	external_context	item
7136	842	-100	no	external_context	_id
7137	788	-100	no	external_context	""":"
7138	330	-100	no	external_context	"Ġ"""
7139	19	-100	no	external_context	4
7140	23	-100	no	external_context	8
7141	19	-100	no	external_context	4
7142	18	-100	no	external_context	3
7143	19	-100	no	external_context	4
7144	23	-100	no	external_context	8
7145	22	-100	no	external_context	7
7146	24	-100	no	external_context	9
7147	15	-100	no	external_context	0
7148	22	-100	no	external_context	7
7149	497	-100	no	external_context	""","
7150	330	-100	no	external_context	"Ġ"""
7151	2875	-100	no	external_context	options
7152	788	-100	no	external_context	""":"
7153	5212	-100	no	external_context	"Ġ{"""
7154	17338	-100	no	external_context	switch
7155	943	-100	no	external_context	Ġtype
7156	788	-100	no	external_context	""":"
7157	330	-100	no	external_context	"Ġ"""
7158	3678	-100	no	external_context	click
7159	88	-100	no	external_context	y
7160	497	-100	no	external_context	""","
7161	330	-100	no	external_context	"Ġ"""
7162	1419	-100	no	external_context	back
7163	4145	-100	no	external_context	light
7164	788	-100	no	external_context	""":"
7165	330	-100	no	external_context	"Ġ"""
7166	5782	-100	no	external_context	white
7167	497	-100	no	external_context	""","
7168	330	-100	no	external_context	"Ġ"""
7169	2141	-100	no	external_context	size
7170	788	-100	no	external_context	""":"
7171	330	-100	no	external_context	"Ġ"""
7172	23	-100	no	external_context	8
7173	15	-100	no	external_context	0
7174	4	-100	no	external_context	%
7175	14345	-100	no	external_context	"""},"
7176	330	-100	no	external_context	"Ġ"""
7177	10334	-100	no	external_context	available
7178	788	-100	no	external_context	""":"
7179	895	-100	no	external_context	Ġfalse
7180	11	-100	no	external_context	,
7181	330	-100	no	external_context	"Ġ"""
7182	6555	-100	no	external_context	price
7183	788	-100	no	external_context	""":"
7184	220	-100	no	external_context	Ġ
7185	17	-100	no	external_context	2
7186	20	-100	no	external_context	5
7187	19	-100	no	external_context	4
7188	13	-100	no	external_context	.
7189	23	-100	no	external_context	8
7190	19	-100	no	external_context	4
7191	2137	-100	no	external_context	},
7192	330	-100	no	external_context	"Ġ"""
7193	24	-100	no	external_context	9
7194	15	-100	no	external_context	0
7195	17	-100	no	external_context	2
7196	20	-100	no	external_context	5
7197	22	-100	no	external_context	7
7198	20	-100	no	external_context	5
7199	18	-100	no	external_context	3
7200	18	-100	no	external_context	3
7201	23	-100	no	external_context	8
7202	16	-100	no	external_context	1
7203	788	-100	no	external_context	""":"
7204	5212	-100	no	external_context	"Ġ{"""
7205	1203	-100	no	external_context	item
7206	842	-100	no	external_context	_id
7207	788	-100	no	external_context	""":"
7208	330	-100	no	external_context	"Ġ"""
7209	24	-100	no	external_context	9
7210	15	-100	no	external_context	0
7211	17	-100	no	external_context	2
7212	20	-100	no	external_context	5
7213	22	-100	no	external_context	7
7214	20	-100	no	external_context	5
7215	18	-100	no	external_context	3
7216	18	-100	no	external_context	3
7217	23	-100	no	external_context	8
7218	16	-100	no	external_context	1
7219	497	-100	no	external_context	""","
7220	330	-100	no	external_context	"Ġ"""
7221	2875	-100	no	external_context	options
7222	788	-100	no	external_context	""":"
7223	5212	-100	no	external_context	"Ġ{"""
7224	17338	-100	no	external_context	switch
7225	943	-100	no	external_context	Ġtype
7226	788	-100	no	external_context	""":"
7227	330	-100	no	external_context	"Ġ"""
7228	3678	-100	no	external_context	click
7229	88	-100	no	external_context	y
7230	497	-100	no	external_context	""","
7231	330	-100	no	external_context	"Ġ"""
7232	1419	-100	no	external_context	back
7233	4145	-100	no	external_context	light
7234	788	-100	no	external_context	""":"
7235	330	-100	no	external_context	"Ġ"""
7236	18184	-100	no	external_context	RGB
7237	497	-100	no	external_context	""","
7238	330	-100	no	external_context	"Ġ"""
7239	2141	-100	no	external_context	size
7240	788	-100	no	external_context	""":"
7241	330	-100	no	external_context	"Ġ"""
7242	8878	-100	no	external_context	full
7243	1379	-100	no	external_context	Ġsize
7244	14345	-100	no	external_context	"""},"
7245	330	-100	no	external_context	"Ġ"""
7246	10334	-100	no	external_context	available
7247	788	-100	no	external_context	""":"
7248	895	-100	no	external_context	Ġfalse
7249	11	-100	no	external_context	,
7250	330	-100	no	external_context	"Ġ"""
7251	6555	-100	no	external_context	price
7252	788	-100	no	external_context	""":"
7253	220	-100	no	external_context	Ġ
7254	17	-100	no	external_context	2
7255	18	-100	no	external_context	3
7256	16	-100	no	external_context	1
7257	13	-100	no	external_context	.
7258	20	-100	no	external_context	5
7259	23	-100	no	external_context	8
7260	2137	-100	no	external_context	},
7261	330	-100	no	external_context	"Ġ"""
7262	21	-100	no	external_context	6
7263	19	-100	no	external_context	4
7264	18	-100	no	external_context	3
7265	24	-100	no	external_context	9
7266	16	-100	no	external_context	1
7267	24	-100	no	external_context	9
7268	21	-100	no	external_context	6
7269	19	-100	no	external_context	4
7270	20	-100	no	external_context	5
7271	15	-100	no	external_context	0
7272	788	-100	no	external_context	""":"
7273	5212	-100	no	external_context	"Ġ{"""
7274	1203	-100	no	external_context	item
7275	842	-100	no	external_context	_id
7276	788	-100	no	external_context	""":"
7277	330	-100	no	external_context	"Ġ"""
7278	21	-100	no	external_context	6
7279	19	-100	no	external_context	4
7280	18	-100	no	external_context	3
7281	24	-100	no	external_context	9
7282	16	-100	no	external_context	1
7283	24	-100	no	external_context	9
7284	21	-100	no	external_context	6
7285	19	-100	no	external_context	4
7286	20	-100	no	external_context	5
7287	15	-100	no	external_context	0
7288	497	-100	no	external_context	""","
7289	330	-100	no	external_context	"Ġ"""
7290	2875	-100	no	external_context	options
7291	788	-100	no	external_context	""":"
7292	5212	-100	no	external_context	"Ġ{"""
7293	17338	-100	no	external_context	switch
7294	943	-100	no	external_context	Ġtype
7295	788	-100	no	external_context	""":"
7296	330	-100	no	external_context	"Ġ"""
7297	83	-100	no	external_context	t
7298	531	-100	no	external_context	act
7299	457	-100	no	external_context	ile
7300	497	-100	no	external_context	""","
7301	330	-100	no	external_context	"Ġ"""
7302	1419	-100	no	external_context	back
7303	4145	-100	no	external_context	light
7304	788	-100	no	external_context	""":"
7305	330	-100	no	external_context	"Ġ"""
7306	6697	-100	no	external_context	none
7307	497	-100	no	external_context	""","
7308	330	-100	no	external_context	"Ġ"""
7309	2141	-100	no	external_context	size
7310	788	-100	no	external_context	""":"
7311	330	-100	no	external_context	"Ġ"""
7312	21	-100	no	external_context	6
7313	15	-100	no	external_context	0
7314	4	-100	no	external_context	%
7315	14345	-100	no	external_context	"""},"
7316	330	-100	no	external_context	"Ġ"""
7317	10334	-100	no	external_context	available
7318	788	-100	no	external_context	""":"
7319	895	-100	no	external_context	Ġfalse
7320	11	-100	no	external_context	,
7321	330	-100	no	external_context	"Ġ"""
7322	6555	-100	no	external_context	price
7323	788	-100	no	external_context	""":"
7324	220	-100	no	external_context	Ġ
7325	17	-100	no	external_context	2
7326	20	-100	no	external_context	5
7327	19	-100	no	external_context	4
7328	13	-100	no	external_context	.
7329	20	-100	no	external_context	5
7330	21	-100	no	external_context	6
7331	2137	-100	no	external_context	},
7332	330	-100	no	external_context	"Ġ"""
7333	24	-100	no	external_context	9
7334	24	-100	no	external_context	9
7335	24	-100	no	external_context	9
7336	16	-100	no	external_context	1
7337	19	-100	no	external_context	4
7338	23	-100	no	external_context	8
7339	19	-100	no	external_context	4
7340	16	-100	no	external_context	1
7341	18	-100	no	external_context	3
7342	22	-100	no	external_context	7
7343	788	-100	no	external_context	""":"
7344	5212	-100	no	external_context	"Ġ{"""
7345	1203	-100	no	external_context	item
7346	842	-100	no	external_context	_id
7347	788	-100	no	external_context	""":"
7348	330	-100	no	external_context	"Ġ"""
7349	24	-100	no	external_context	9
7350	24	-100	no	external_context	9
7351	24	-100	no	external_context	9
7352	16	-100	no	external_context	1
7353	19	-100	no	external_context	4
7354	23	-100	no	external_context	8
7355	19	-100	no	external_context	4
7356	16	-100	no	external_context	1
7357	18	-100	no	external_context	3
7358	22	-100	no	external_context	7
7359	497	-100	no	external_context	""","
7360	330	-100	no	external_context	"Ġ"""
7361	2875	-100	no	external_context	options
7362	788	-100	no	external_context	""":"
7363	5212	-100	no	external_context	"Ġ{"""
7364	17338	-100	no	external_context	switch
7365	943	-100	no	external_context	Ġtype
7366	788	-100	no	external_context	""":"
7367	330	-100	no	external_context	"Ġ"""
7368	83	-100	no	external_context	t
7369	531	-100	no	external_context	act
7370	457	-100	no	external_context	ile
7371	497	-100	no	external_context	""","
7372	330	-100	no	external_context	"Ġ"""
7373	1419	-100	no	external_context	back
7374	4145	-100	no	external_context	light
7375	788	-100	no	external_context	""":"
7376	330	-100	no	external_context	"Ġ"""
7377	5782	-100	no	external_context	white
7378	497	-100	no	external_context	""","
7379	330	-100	no	external_context	"Ġ"""
7380	2141	-100	no	external_context	size
7381	788	-100	no	external_context	""":"
7382	330	-100	no	external_context	"Ġ"""
7383	23	-100	no	external_context	8
7384	15	-100	no	external_context	0
7385	4	-100	no	external_context	%
7386	14345	-100	no	external_context	"""},"
7387	330	-100	no	external_context	"Ġ"""
7388	10334	-100	no	external_context	available
7389	788	-100	no	external_context	""":"
7390	830	-100	no	external_context	Ġtrue
7391	11	-100	no	external_context	,
7392	330	-100	no	external_context	"Ġ"""
7393	6555	-100	no	external_context	price
7394	788	-100	no	external_context	""":"
7395	220	-100	no	external_context	Ġ
7396	17	-100	no	external_context	2
7397	19	-100	no	external_context	4
7398	15	-100	no	external_context	0
7399	13	-100	no	external_context	.
7400	24	-100	no	external_context	9
7401	22	-100	no	external_context	7
7402	2137	-100	no	external_context	},
7403	330	-100	no	external_context	"Ġ"""
7404	24	-100	no	external_context	9
7405	21	-100	no	external_context	6
7406	21	-100	no	external_context	6
7407	20	-100	no	external_context	5
7408	15	-100	no	external_context	0
7409	15	-100	no	external_context	0
7410	15	-100	no	external_context	0
7411	18	-100	no	external_context	3
7412	23	-100	no	external_context	8
7413	23	-100	no	external_context	8
7414	788	-100	no	external_context	""":"
7415	5212	-100	no	external_context	"Ġ{"""
7416	1203	-100	no	external_context	item
7417	842	-100	no	external_context	_id
7418	788	-100	no	external_context	""":"
7419	330	-100	no	external_context	"Ġ"""
7420	24	-100	no	external_context	9
7421	21	-100	no	external_context	6
7422	21	-100	no	external_context	6
7423	20	-100	no	external_context	5
7424	15	-100	no	external_context	0
7425	15	-100	no	external_context	0
7426	15	-100	no	external_context	0
7427	18	-100	no	external_context	3
7428	23	-100	no	external_context	8
7429	23	-100	no	external_context	8
7430	497	-100	no	external_context	""","
7431	330	-100	no	external_context	"Ġ"""
7432	2875	-100	no	external_context	options
7433	788	-100	no	external_context	""":"
7434	5212	-100	no	external_context	"Ġ{"""
7435	17338	-100	no	external_context	switch
7436	943	-100	no	external_context	Ġtype
7437	788	-100	no	external_context	""":"
7438	330	-100	no	external_context	"Ġ"""
7439	3678	-100	no	external_context	click
7440	88	-100	no	external_context	y
7441	497	-100	no	external_context	""","
7442	330	-100	no	external_context	"Ġ"""
7443	1419	-100	no	external_context	back
7444	4145	-100	no	external_context	light
7445	788	-100	no	external_context	""":"
7446	330	-100	no	external_context	"Ġ"""
7447	6697	-100	no	external_context	none
7448	497	-100	no	external_context	""","
7449	330	-100	no	external_context	"Ġ"""
7450	2141	-100	no	external_context	size
7451	788	-100	no	external_context	""":"
7452	330	-100	no	external_context	"Ġ"""
7453	23	-100	no	external_context	8
7454	15	-100	no	external_context	0
7455	4	-100	no	external_context	%
7456	14345	-100	no	external_context	"""},"
7457	330	-100	no	external_context	"Ġ"""
7458	10334	-100	no	external_context	available
7459	788	-100	no	external_context	""":"
7460	830	-100	no	external_context	Ġtrue
7461	11	-100	no	external_context	,
7462	330	-100	no	external_context	"Ġ"""
7463	6555	-100	no	external_context	price
7464	788	-100	no	external_context	""":"
7465	220	-100	no	external_context	Ġ
7466	17	-100	no	external_context	2
7467	21	-100	no	external_context	6
7468	24	-100	no	external_context	9
7469	13	-100	no	external_context	.
7470	19	-100	no	external_context	4
7471	21	-100	no	external_context	6
7472	2137	-100	no	external_context	},
7473	330	-100	no	external_context	"Ġ"""
7474	24	-100	no	external_context	9
7475	20	-100	no	external_context	5
7476	22	-100	no	external_context	7
7477	15	-100	no	external_context	0
7478	15	-100	no	external_context	0
7479	19	-100	no	external_context	4
7480	19	-100	no	external_context	4
7481	16	-100	no	external_context	1
7482	19	-100	no	external_context	4
7483	23	-100	no	external_context	8
7484	788	-100	no	external_context	""":"
7485	5212	-100	no	external_context	"Ġ{"""
7486	1203	-100	no	external_context	item
7487	842	-100	no	external_context	_id
7488	788	-100	no	external_context	""":"
7489	330	-100	no	external_context	"Ġ"""
7490	24	-100	no	external_context	9
7491	20	-100	no	external_context	5
7492	22	-100	no	external_context	7
7493	15	-100	no	external_context	0
7494	15	-100	no	external_context	0
7495	19	-100	no	external_context	4
7496	19	-100	no	external_context	4
7497	16	-100	no	external_context	1
7498	19	-100	no	external_context	4
7499	23	-100	no	external_context	8
7500	497	-100	no	external_context	""","
7501	330	-100	no	external_context	"Ġ"""
7502	2875	-100	no	external_context	options
7503	788	-100	no	external_context	""":"
7504	5212	-100	no	external_context	"Ġ{"""
7505	17338	-100	no	external_context	switch
7506	943	-100	no	external_context	Ġtype
7507	788	-100	no	external_context	""":"
7508	330	-100	no	external_context	"Ġ"""
7509	22763	-100	no	external_context	linear
7510	497	-100	no	external_context	""","
7511	330	-100	no	external_context	"Ġ"""
7512	1419	-100	no	external_context	back
7513	4145	-100	no	external_context	light
7514	788	-100	no	external_context	""":"
7515	330	-100	no	external_context	"Ġ"""
7516	6697	-100	no	external_context	none
7517	497	-100	no	external_context	""","
7518	330	-100	no	external_context	"Ġ"""
7519	2141	-100	no	external_context	size
7520	788	-100	no	external_context	""":"
7521	330	-100	no	external_context	"Ġ"""
7522	8878	-100	no	external_context	full
7523	1379	-100	no	external_context	Ġsize
7524	14345	-100	no	external_context	"""},"
7525	330	-100	no	external_context	"Ġ"""
7526	10334	-100	no	external_context	available
7527	788	-100	no	external_context	""":"
7528	830	-100	no	external_context	Ġtrue
7529	11	-100	no	external_context	,
7530	330	-100	no	external_context	"Ġ"""
7531	6555	-100	no	external_context	price
7532	788	-100	no	external_context	""":"
7533	220	-100	no	external_context	Ġ
7534	17	-100	no	external_context	2
7535	18	-100	no	external_context	3
7536	16	-100	no	external_context	1
7537	13	-100	no	external_context	.
7538	18	-100	no	external_context	3
7539	22	-100	no	external_context	7
7540	2137	-100	no	external_context	},
7541	330	-100	no	external_context	"Ġ"""
7542	22	-100	no	external_context	7
7543	21	-100	no	external_context	6
7544	20	-100	no	external_context	5
7545	23	-100	no	external_context	8
7546	22	-100	no	external_context	7
7547	17	-100	no	external_context	2
7548	19	-100	no	external_context	4
7549	21	-100	no	external_context	6
7550	15	-100	no	external_context	0
7551	22	-100	no	external_context	7
7552	788	-100	no	external_context	""":"
7553	5212	-100	no	external_context	"Ġ{"""
7554	1203	-100	no	external_context	item
7555	842	-100	no	external_context	_id
7556	788	-100	no	external_context	""":"
7557	330	-100	no	external_context	"Ġ"""
7558	22	-100	no	external_context	7
7559	21	-100	no	external_context	6
7560	20	-100	no	external_context	5
7561	23	-100	no	external_context	8
7562	22	-100	no	external_context	7
7563	17	-100	no	external_context	2
7564	19	-100	no	external_context	4
7565	21	-100	no	external_context	6
7566	15	-100	no	external_context	0
7567	22	-100	no	external_context	7
7568	497	-100	no	external_context	""","
7569	330	-100	no	external_context	"Ġ"""
7570	2875	-100	no	external_context	options
7571	788	-100	no	external_context	""":"
7572	5212	-100	no	external_context	"Ġ{"""
7573	17338	-100	no	external_context	switch
7574	943	-100	no	external_context	Ġtype
7575	788	-100	no	external_context	""":"
7576	330	-100	no	external_context	"Ġ"""
7577	83	-100	no	external_context	t
7578	531	-100	no	external_context	act
7579	457	-100	no	external_context	ile
7580	497	-100	no	external_context	""","
7581	330	-100	no	external_context	"Ġ"""
7582	1419	-100	no	external_context	back
7583	4145	-100	no	external_context	light
7584	788	-100	no	external_context	""":"
7585	330	-100	no	external_context	"Ġ"""
7586	6697	-100	no	external_context	none
7587	497	-100	no	external_context	""","
7588	330	-100	no	external_context	"Ġ"""
7589	2141	-100	no	external_context	size
7590	788	-100	no	external_context	""":"
7591	330	-100	no	external_context	"Ġ"""
7592	23	-100	no	external_context	8
7593	15	-100	no	external_context	0
7594	4	-100	no	external_context	%
7595	14345	-100	no	external_context	"""},"
7596	330	-100	no	external_context	"Ġ"""
7597	10334	-100	no	external_context	available
7598	788	-100	no	external_context	""":"
7599	830	-100	no	external_context	Ġtrue
7600	11	-100	no	external_context	,
7601	330	-100	no	external_context	"Ġ"""
7602	6555	-100	no	external_context	price
7603	788	-100	no	external_context	""":"
7604	220	-100	no	external_context	Ġ
7605	17	-100	no	external_context	2
7606	20	-100	no	external_context	5
7607	21	-100	no	external_context	6
7608	13	-100	no	external_context	.
7609	22	-100	no	external_context	7
7610	18	-100	no	external_context	3
7611	3417	-100	no	external_context	}}
7612	532	-100	no	external_context	}Ċ
7613	151666	-100	no	external_context	</tool_response>
7614	151645	-100	no	external_context	<|im_end|>
7615	198	-100	no	external_context	Ċ
7616	151644	-100	no	assistant_header	<|im_start|>
7617	77091	-100	no	assistant_header	assistant
7618	198	-100	no	assistant_header	Ċ
7619	151657	151657	yes	assistant_tool_call	<tool_call>
7620	198	198	yes	assistant_tool_call	Ċ
7621	4913	4913	yes	assistant_tool_call	"{"""
7622	606	606	yes	assistant_tool_call	name
7623	788	788	yes	assistant_tool_call	""":"
7624	330	330	yes	assistant_tool_call	"Ġ"""
7625	455	455	yes	assistant_tool_call	get
7626	9840	9840	yes	assistant_tool_call	_product
7627	13260	13260	yes	assistant_tool_call	_details
7628	497	497	yes	assistant_tool_call	""","
7629	330	330	yes	assistant_tool_call	"Ġ"""
7630	16370	16370	yes	assistant_tool_call	arguments
7631	788	788	yes	assistant_tool_call	""":"
7632	5212	5212	yes	assistant_tool_call	"Ġ{"""
7633	3031	3031	yes	assistant_tool_call	product
7634	842	842	yes	assistant_tool_call	_id
7635	788	788	yes	assistant_tool_call	""":"
7636	330	330	yes	assistant_tool_call	"Ġ"""
7637	19	19	yes	assistant_tool_call	4
7638	23	23	yes	assistant_tool_call	8
7639	24	24	yes	assistant_tool_call	9
7640	21	21	yes	assistant_tool_call	6
7641	20	20	yes	assistant_tool_call	5
7642	23	23	yes	assistant_tool_call	8
7643	20	20	yes	assistant_tool_call	5
7644	17	17	yes	assistant_tool_call	2
7645	22	22	yes	assistant_tool_call	7
7646	22	22	yes	assistant_tool_call	7
7647	95642	95642	yes	assistant_tool_call	"""}}Ċ"
7648	151658	151658	yes	assistant_tool_call	</tool_call>
7649	151645	151645	yes	assistant_end	<|im_end|>
7650	198	-100	no	external_context	Ċ
7651	151644	-100	no	external_context	<|im_start|>
7652	872	-100	no	external_context	user
7653	198	-100	no	external_context	Ċ
7654	151665	-100	no	external_context	<tool_response>
7655	198	-100	no	external_context	Ċ
7656	4913	-100	no	external_context	"{"""
7657	606	-100	no	external_context	name
7658	788	-100	no	external_context	""":"
7659	330	-100	no	external_context	"Ġ"""
7660	33817	-100	no	external_context	Smart
7661	22450	-100	no	external_context	ĠTher
7662	54725	-100	no	external_context	mostat
7663	497	-100	no	external_context	""","
7664	330	-100	no	external_context	"Ġ"""
7665	3031	-100	no	external_context	product
7666	842	-100	no	external_context	_id
7667	788	-100	no	external_context	""":"
7668	330	-100	no	external_context	"Ġ"""
7669	19	-100	no	external_context	4
7670	23	-100	no	external_context	8
7671	24	-100	no	external_context	9
7672	21	-100	no	external_context	6
7673	20	-100	no	external_context	5
7674	23	-100	no	external_context	8
7675	20	-100	no	external_context	5
7676	17	-100	no	external_context	2
7677	22	-100	no	external_context	7
7678	22	-100	no	external_context	7
7679	497	-100	no	external_context	""","
7680	330	-100	no	external_context	"Ġ"""
7681	54611	-100	no	external_context	variants
7682	788	-100	no	external_context	""":"
7683	5212	-100	no	external_context	"Ġ{"""
7684	23	-100	no	external_context	8
7685	22	-100	no	external_context	7
7686	17	-100	no	external_context	2
7687	17	-100	no	external_context	2
7688	21	-100	no	external_context	6
7689	20	-100	no	external_context	5
7690	18	-100	no	external_context	3
7691	24	-100	no	external_context	9
7692	17	-100	no	external_context	2
7693	20	-100	no	external_context	5
7694	788	-100	no	external_context	""":"
7695	5212	-100	no	external_context	"Ġ{"""
7696	1203	-100	no	external_context	item
7697	842	-100	no	external_context	_id
7698	788	-100	no	external_context	""":"
7699	330	-100	no	external_context	"Ġ"""
7700	23	-100	no	external_context	8
7701	22	-100	no	external_context	7
7702	17	-100	no	external_context	2
7703	17	-100	no	external_context	2
7704	21	-100	no	external_context	6
7705	20	-100	no	external_context	5
7706	18	-100	no	external_context	3
7707	24	-100	no	external_context	9
7708	17	-100	no	external_context	2
7709	20	-100	no	external_context	5
7710	497	-100	no	external_context	""","
7711	330	-100	no	external_context	"Ġ"""
7712	2875	-100	no	external_context	options
7713	788	-100	no	external_context	""":"
7714	5212	-100	no	external_context	"Ġ{"""
7715	18331	-100	no	external_context	compat
7716	3147	-100	no	external_context	ibility
7717	788	-100	no	external_context	""":"
7718	330	-100	no	external_context	"Ġ"""
7719	14444	-100	no	external_context	Google
7720	21388	-100	no	external_context	ĠAssistant
7721	497	-100	no	external_context	""","
7722	330	-100	no	external_context	"Ġ"""
7723	3423	-100	no	external_context	color
7724	788	-100	no	external_context	""":"
7725	330	-100	no	external_context	"Ġ"""
7726	5782	-100	no	external_context	white
7727	14345	-100	no	external_context	"""},"
7728	330	-100	no	external_context	"Ġ"""
7729	10334	-100	no	external_context	available
7730	788	-100	no	external_context	""":"
7731	895	-100	no	external_context	Ġfalse
7732	11	-100	no	external_context	,
7733	330	-100	no	external_context	"Ġ"""
7734	6555	-100	no	external_context	price
7735	788	-100	no	external_context	""":"
7736	220	-100	no	external_context	Ġ
7737	17	-100	no	external_context	2
7738	17	-100	no	external_context	2
7739	22	-100	no	external_context	7
7740	13	-100	no	external_context	.
7741	23	-100	no	external_context	8
7742	2137	-100	no	external_context	},
7743	330	-100	no	external_context	"Ġ"""
7744	23	-100	no	external_context	8
7745	20	-100	no	external_context	5
7746	24	-100	no	external_context	9
7747	18	-100	no	external_context	3
7748	23	-100	no	external_context	8
7749	24	-100	no	external_context	9
7750	19	-100	no	external_context	4
7751	24	-100	no	external_context	9
7752	15	-100	no	external_context	0
7753	21	-100	no	external_context	6
7754	788	-100	no	external_context	""":"
7755	5212	-100	no	external_context	"Ġ{"""
7756	1203	-100	no	external_context	item
7757	842	-100	no	external_context	_id
7758	788	-100	no	external_context	""":"
7759	330	-100	no	external_context	"Ġ"""
7760	23	-100	no	external_context	8
7761	20	-100	no	external_context	5
7762	24	-100	no	external_context	9
7763	18	-100	no	external_context	3
7764	23	-100	no	external_context	8
7765	24	-100	no	external_context	9
7766	19	-100	no	external_context	4
7767	24	-100	no	external_context	9
7768	15	-100	no	external_context	0
7769	21	-100	no	external_context	6
7770	497	-100	no	external_context	""","
7771	330	-100	no	external_context	"Ġ"""
7772	2875	-100	no	external_context	options
7773	788	-100	no	external_context	""":"
7774	5212	-100	no	external_context	"Ġ{"""
7775	18331	-100	no	external_context	compat
7776	3147	-100	no	external_context	ibility
7777	788	-100	no	external_context	""":"
7778	330	-100	no	external_context	"Ġ"""
7779	25863	-100	no	external_context	Amazon
7780	49612	-100	no	external_context	ĠAlexa
7781	497	-100	no	external_context	""","
7782	330	-100	no	external_context	"Ġ"""
7783	3423	-100	no	external_context	color
7784	788	-100	no	external_context	""":"
7785	330	-100	no	external_context	"Ġ"""
7786	5782	-100	no	external_context	white
7787	14345	-100	no	external_context	"""},"
7788	330	-100	no	external_context	"Ġ"""
7789	10334	-100	no	external_context	available
7790	788	-100	no	external_context	""":"
7791	895	-100	no	external_context	Ġfalse
7792	11	-100	no	external_context	,
7793	330	-100	no	external_context	"Ġ"""
7794	6555	-100	no	external_context	price
7795	788	-100	no	external_context	""":"
7796	220	-100	no	external_context	Ġ
7797	17	-100	no	external_context	2
7798	21	-100	no	external_context	6
7799	18	-100	no	external_context	3
7800	13	-100	no	external_context	.
7801	16	-100	no	external_context	1
7802	16	-100	no	external_context	1
7803	2137	-100	no	external_context	},
7804	330	-100	no	external_context	"Ġ"""
7805	17	-100	no	external_context	2
7806	22	-100	no	external_context	7
7807	24	-100	no	external_context	9
7808	16	-100	no	external_context	1
7809	19	-100	no	external_context	4
7810	21	-100	no	external_context	6
7811	22	-100	no	external_context	7
7812	23	-100	no	external_context	8
7813	20	-100	no	external_context	5
7814	18	-100	no	external_context	3
7815	788	-100	no	external_context	""":"
7816	5212	-100	no	external_context	"Ġ{"""
7817	1203	-100	no	external_context	item
7818	842	-100	no	external_context	_id
7819	788	-100	no	external_context	""":"
7820	330	-100	no	external_context	"Ġ"""
7821	17	-100	no	external_context	2
7822	22	-100	no	external_context	7
7823	24	-100	no	external_context	9
7824	16	-100	no	external_context	1
7825	19	-100	no	external_context	4
7826	21	-100	no	external_context	6
7827	22	-100	no	external_context	7
7828	23	-100	no	external_context	8
7829	20	-100	no	external_context	5
7830	18	-100	no	external_context	3
7831	497	-100	no	external_context	""","
7832	330	-100	no	external_context	"Ġ"""
7833	2875	-100	no	external_context	options
7834	788	-100	no	external_context	""":"
7835	5212	-100	no	external_context	"Ġ{"""
7836	18331	-100	no	external_context	compat
7837	3147	-100	no	external_context	ibility
7838	788	-100	no	external_context	""":"
7839	330	-100	no	external_context	"Ġ"""
7840	14444	-100	no	external_context	Google
7841	21388	-100	no	external_context	ĠAssistant
7842	497	-100	no	external_context	""","
7843	330	-100	no	external_context	"Ġ"""
7844	3423	-100	no	external_context	color
7845	788	-100	no	external_context	""":"
7846	330	-100	no	external_context	"Ġ"""
7847	267	-100	no	external_context	st
7848	16459	-100	no	external_context	ainless
7849	9509	-100	no	external_context	Ġsteel
7850	14345	-100	no	external_context	"""},"
7851	330	-100	no	external_context	"Ġ"""
7852	10334	-100	no	external_context	available
7853	788	-100	no	external_context	""":"
7854	895	-100	no	external_context	Ġfalse
7855	11	-100	no	external_context	,
7856	330	-100	no	external_context	"Ġ"""
7857	6555	-100	no	external_context	price
7858	788	-100	no	external_context	""":"
7859	220	-100	no	external_context	Ġ
7860	17	-100	no	external_context	2
7861	19	-100	no	external_context	4
7862	17	-100	no	external_context	2
7863	13	-100	no	external_context	.
7864	20	-100	no	external_context	5
7865	18	-100	no	external_context	3
7866	2137	-100	no	external_context	},
7867	330	-100	no	external_context	"Ġ"""
7868	22	-100	no	external_context	7
7869	22	-100	no	external_context	7
7870	19	-100	no	external_context	4
7871	22	-100	no	external_context	7
7872	19	-100	no	external_context	4
7873	15	-100	no	external_context	0
7874	23	-100	no	external_context	8
7875	20	-100	no	external_context	5
7876	23	-100	no	external_context	8
7877	20	-100	no	external_context	5
7878	788	-100	no	external_context	""":"
7879	5212	-100	no	external_context	"Ġ{"""
7880	1203	-100	no	external_context	item
7881	842	-100	no	external_context	_id
7882	788	-100	no	external_context	""":"
7883	330	-100	no	external_context	"Ġ"""
7884	22	-100	no	external_context	7
7885	22	-100	no	external_context	7
7886	19	-100	no	external_context	4
7887	22	-100	no	external_context	7
7888	19	-100	no	external_context	4
7889	15	-100	no	external_context	0
7890	23	-100	no	external_context	8
7891	20	-100	no	external_context	5
7892	23	-100	no	external_context	8
7893	20	-100	no	external_context	5
7894	497	-100	no	external_context	""","
7895	330	-100	no	external_context	"Ġ"""
7896	2875	-100	no	external_context	options
7897	788	-100	no	external_context	""":"
7898	5212	-100	no	external_context	"Ġ{"""
7899	18331	-100	no	external_context	compat
7900	3147	-100	no	external_context	ibility
7901	788	-100	no	external_context	""":"
7902	330	-100	no	external_context	"Ġ"""
7903	14444	-100	no	external_context	Google
7904	21388	-100	no	external_context	ĠAssistant
7905	497	-100	no	external_context	""","
7906	330	-100	no	external_context	"Ġ"""
7907	3423	-100	no	external_context	color
7908	788	-100	no	external_context	""":"
7909	330	-100	no	external_context	"Ġ"""
7910	11453	-100	no	external_context	black
7911	14345	-100	no	external_context	"""},"
7912	330	-100	no	external_context	"Ġ"""
7913	10334	-100	no	external_context	available
7914	788	-100	no	external_context	""":"
7915	830	-100	no	external_context	Ġtrue
7916	11	-100	no	external_context	,
7917	330	-100	no	external_context	"Ġ"""
7918	6555	-100	no	external_context	price
7919	788	-100	no	external_context	""":"
7920	220	-100	no	external_context	Ġ
7921	17	-100	no	external_context	2
7922	19	-100	no	external_context	4
7923	24	-100	no	external_context	9
7924	13	-100	no	external_context	.
7925	15	-100	no	external_context	0
7926	16	-100	no	external_context	1
7927	2137	-100	no	external_context	},
7928	330	-100	no	external_context	"Ġ"""
7929	19	-100	no	external_context	4
7930	24	-100	no	external_context	9
7931	20	-100	no	external_context	5
7932	18	-100	no	external_context	3
7933	15	-100	no	external_context	0
7934	22	-100	no	external_context	7
7935	19	-100	no	external_context	4
7936	22	-100	no	external_context	7
7937	18	-100	no	external_context	3
7938	23	-100	no	external_context	8
7939	788	-100	no	external_context	""":"
7940	5212	-100	no	external_context	"Ġ{"""
7941	1203	-100	no	external_context	item
7942	842	-100	no	external_context	_id
7943	788	-100	no	external_context	""":"
7944	330	-100	no	external_context	"Ġ"""
7945	19	-100	no	external_context	4
7946	24	-100	no	external_context	9
7947	20	-100	no	external_context	5
7948	18	-100	no	external_context	3
7949	15	-100	no	external_context	0
7950	22	-100	no	external_context	7
7951	19	-100	no	external_context	4
7952	22	-100	no	external_context	7
7953	18	-100	no	external_context	3
7954	23	-100	no	external_context	8
7955	497	-100	no	external_context	""","
7956	330	-100	no	external_context	"Ġ"""
7957	2875	-100	no	external_context	options
7958	788	-100	no	external_context	""":"
7959	5212	-100	no	external_context	"Ġ{"""
7960	18331	-100	no	external_context	compat
7961	3147	-100	no	external_context	ibility
7962	788	-100	no	external_context	""":"
7963	330	-100	no	external_context	"Ġ"""
7964	25863	-100	no	external_context	Amazon
7965	49612	-100	no	external_context	ĠAlexa
7966	497	-100	no	external_context	""","
7967	330	-100	no	external_context	"Ġ"""
7968	3423	-100	no	external_context	color
7969	788	-100	no	external_context	""":"
7970	330	-100	no	external_context	"Ġ"""
7971	11453	-100	no	external_context	black
7972	14345	-100	no	external_context	"""},"
7973	330	-100	no	external_context	"Ġ"""
7974	10334	-100	no	external_context	available
7975	788	-100	no	external_context	""":"
7976	830	-100	no	external_context	Ġtrue
7977	11	-100	no	external_context	,
7978	330	-100	no	external_context	"Ġ"""
7979	6555	-100	no	external_context	price
7980	788	-100	no	external_context	""":"
7981	220	-100	no	external_context	Ġ
7982	17	-100	no	external_context	2
7983	17	-100	no	external_context	2
7984	21	-100	no	external_context	6
7985	13	-100	no	external_context	.
7986	15	-100	no	external_context	0
7987	17	-100	no	external_context	2
7988	2137	-100	no	external_context	},
7989	330	-100	no	external_context	"Ġ"""
7990	19	-100	no	external_context	4
7991	24	-100	no	external_context	9
7992	23	-100	no	external_context	8
7993	18	-100	no	external_context	3
7994	24	-100	no	external_context	9
7995	15	-100	no	external_context	0
7996	16	-100	no	external_context	1
7997	19	-100	no	external_context	4
7998	23	-100	no	external_context	8
7999	15	-100	no	external_context	0
8000	788	-100	no	external_context	""":"
8001	5212	-100	no	external_context	"Ġ{"""
8002	1203	-100	no	external_context	item
8003	842	-100	no	external_context	_id
8004	788	-100	no	external_context	""":"
8005	330	-100	no	external_context	"Ġ"""
8006	19	-100	no	external_context	4
8007	24	-100	no	external_context	9
8008	23	-100	no	external_context	8
8009	18	-100	no	external_context	3
8010	24	-100	no	external_context	9
8011	15	-100	no	external_context	0
8012	16	-100	no	external_context	1
8013	19	-100	no	external_context	4
8014	23	-100	no	external_context	8
8015	15	-100	no	external_context	0
8016	497	-100	no	external_context	""","
8017	330	-100	no	external_context	"Ġ"""
8018	2875	-100	no	external_context	options
8019	788	-100	no	external_context	""":"
8020	5212	-100	no	external_context	"Ġ{"""
8021	18331	-100	no	external_context	compat
8022	3147	-100	no	external_context	ibility
8023	788	-100	no	external_context	""":"
8024	330	-100	no	external_context	"Ġ"""
8025	26567	-100	no	external_context	Apple
8026	5379	-100	no	external_context	ĠHome
8027	7695	-100	no	external_context	Kit
8028	497	-100	no	external_context	""","
8029	330	-100	no	external_context	"Ġ"""
8030	3423	-100	no	external_context	color
8031	788	-100	no	external_context	""":"
8032	330	-100	no	external_context	"Ġ"""
8033	11453	-100	no	external_context	black
8034	14345	-100	no	external_context	"""},"
8035	330	-100	no	external_context	"Ġ"""
8036	10334	-100	no	external_context	available
8037	788	-100	no	external_context	""":"
8038	830	-100	no	external_context	Ġtrue
8039	11	-100	no	external_context	,
8040	330	-100	no	external_context	"Ġ"""
8041	6555	-100	no	external_context	price
8042	788	-100	no	external_context	""":"
8043	220	-100	no	external_context	Ġ
8044	17	-100	no	external_context	2
8045	21	-100	no	external_context	6
8046	17	-100	no	external_context	2
8047	13	-100	no	external_context	.
8048	19	-100	no	external_context	4
8049	22	-100	no	external_context	7
8050	2137	-100	no	external_context	},
8051	330	-100	no	external_context	"Ġ"""
8052	24	-100	no	external_context	9
8053	19	-100	no	external_context	4
8054	23	-100	no	external_context	8
8055	15	-100	no	external_context	0
8056	17	-100	no	external_context	2
8057	21	-100	no	external_context	6
8058	21	-100	no	external_context	6
8059	17	-100	no	external_context	2
8060	17	-100	no	external_context	2
8061	22	-100	no	external_context	7
8062	788	-100	no	external_context	""":"
8063	5212	-100	no	external_context	"Ġ{"""
8064	1203	-100	no	external_context	item
8065	842	-100	no	external_context	_id
8066	788	-100	no	external_context	""":"
8067	330	-100	no	external_context	"Ġ"""
8068	24	-100	no	external_context	9
8069	19	-100	no	external_context	4
8070	23	-100	no	external_context	8
8071	15	-100	no	external_context	0
8072	17	-100	no	external_context	2
8073	21	-100	no	external_context	6
8074	21	-100	no	external_context	6
8075	17	-100	no	external_context	2
8076	17	-100	no	external_context	2
8077	22	-100	no	external_context	7
8078	497	-100	no	external_context	""","
8079	330	-100	no	external_context	"Ġ"""
8080	2875	-100	no	external_context	options
8081	788	-100	no	external_context	""":"
8082	5212	-100	no	external_context	"Ġ{"""
8083	18331	-100	no	external_context	compat
8084	3147	-100	no	external_context	ibility
8085	788	-100	no	external_context	""":"
8086	330	-100	no	external_context	"Ġ"""
8087	26567	-100	no	external_context	Apple
8088	5379	-100	no	external_context	ĠHome
8089	7695	-100	no	external_context	Kit
8090	497	-100	no	external_context	""","
8091	330	-100	no	external_context	"Ġ"""
8092	3423	-100	no	external_context	color
8093	788	-100	no	external_context	""":"
8094	330	-100	no	external_context	"Ġ"""
8095	267	-100	no	external_context	st
8096	16459	-100	no	external_context	ainless
8097	9509	-100	no	external_context	Ġsteel
8098	14345	-100	no	external_context	"""},"
8099	330	-100	no	external_context	"Ġ"""
8100	10334	-100	no	external_context	available
8101	788	-100	no	external_context	""":"
8102	830	-100	no	external_context	Ġtrue
8103	11	-100	no	external_context	,
8104	330	-100	no	external_context	"Ġ"""
8105	6555	-100	no	external_context	price
8106	788	-100	no	external_context	""":"
8107	220	-100	no	external_context	Ġ
8108	17	-100	no	external_context	2
8109	20	-100	no	external_context	5
8110	20	-100	no	external_context	5
8111	13	-100	no	external_context	.
8112	24	-100	no	external_context	9
8113	23	-100	no	external_context	8
8114	2137	-100	no	external_context	},
8115	330	-100	no	external_context	"Ġ"""
8116	21	-100	no	external_context	6
8117	17	-100	no	external_context	2
8118	19	-100	no	external_context	4
8119	18	-100	no	external_context	3
8120	16	-100	no	external_context	1
8121	19	-100	no	external_context	4
8122	23	-100	no	external_context	8
8123	19	-100	no	external_context	4
8124	20	-100	no	external_context	5
8125	17	-100	no	external_context	2
8126	788	-100	no	external_context	""":"
8127	5212	-100	no	external_context	"Ġ{"""
8128	1203	-100	no	external_context	item
8129	842	-100	no	external_context	_id
8130	788	-100	no	external_context	""":"
8131	330	-100	no	external_context	"Ġ"""
8132	21	-100	no	external_context	6
8133	17	-100	no	external_context	2
8134	19	-100	no	external_context	4
8135	18	-100	no	external_context	3
8136	16	-100	no	external_context	1
8137	19	-100	no	external_context	4
8138	23	-100	no	external_context	8
8139	19	-100	no	external_context	4
8140	20	-100	no	external_context	5
8141	17	-100	no	external_context	2
8142	497	-100	no	external_context	""","
8143	330	-100	no	external_context	"Ġ"""
8144	2875	-100	no	external_context	options
8145	788	-100	no	external_context	""":"
8146	5212	-100	no	external_context	"Ġ{"""
8147	18331	-100	no	external_context	compat
8148	3147	-100	no	external_context	ibility
8149	788	-100	no	external_context	""":"
8150	330	-100	no	external_context	"Ġ"""
8151	25863	-100	no	external_context	Amazon
8152	49612	-100	no	external_context	ĠAlexa
8153	497	-100	no	external_context	""","
8154	330	-100	no	external_context	"Ġ"""
8155	3423	-100	no	external_context	color
8156	788	-100	no	external_context	""":"
8157	330	-100	no	external_context	"Ġ"""
8158	267	-100	no	external_context	st
8159	16459	-100	no	external_context	ainless
8160	9509	-100	no	external_context	Ġsteel
8161	14345	-100	no	external_context	"""},"
8162	330	-100	no	external_context	"Ġ"""
8163	10334	-100	no	external_context	available
8164	788	-100	no	external_context	""":"
8165	830	-100	no	external_context	Ġtrue
8166	11	-100	no	external_context	,
8167	330	-100	no	external_context	"Ġ"""
8168	6555	-100	no	external_context	price
8169	788	-100	no	external_context	""":"
8170	220	-100	no	external_context	Ġ
8171	17	-100	no	external_context	2
8172	19	-100	no	external_context	4
8173	22	-100	no	external_context	7
8174	13	-100	no	external_context	.
8175	15	-100	no	external_context	0
8176	2137	-100	no	external_context	},
8177	330	-100	no	external_context	"Ġ"""
8178	18	-100	no	external_context	3
8179	18	-100	no	external_context	3
8180	22	-100	no	external_context	7
8181	22	-100	no	external_context	7
8182	24	-100	no	external_context	9
8183	15	-100	no	external_context	0
8184	15	-100	no	external_context	0
8185	15	-100	no	external_context	0
8186	22	-100	no	external_context	7
8187	23	-100	no	external_context	8
8188	788	-100	no	external_context	""":"
8189	5212	-100	no	external_context	"Ġ{"""
8190	1203	-100	no	external_context	item
8191	842	-100	no	external_context	_id
8192	788	-100	no	external_context	""":"
8193	330	-100	no	external_context	"Ġ"""
8194	18	-100	no	external_context	3
8195	18	-100	no	external_context	3
8196	22	-100	no	external_context	7
8197	22	-100	no	external_context	7
8198	24	-100	no	external_context	9
8199	15	-100	no	external_context	0
8200	15	-100	no	external_context	0
8201	15	-100	no	external_context	0
8202	22	-100	no	external_context	7
8203	23	-100	no	external_context	8
8204	497	-100	no	external_context	""","
8205	330	-100	no	external_context	"Ġ"""
8206	2875	-100	no	external_context	options
8207	788	-100	no	external_context	""":"
8208	5212	-100	no	external_context	"Ġ{"""
8209	18331	-100	no	external_context	compat
8210	3147	-100	no	external_context	ibility
8211	788	-100	no	external_context	""":"
8212	330	-100	no	external_context	"Ġ"""
8213	26567	-100	no	external_context	Apple
8214	5379	-100	no	external_context	ĠHome
8215	7695	-100	no	external_context	Kit
8216	497	-100	no	external_context	""","
8217	330	-100	no	external_context	"Ġ"""
8218	3423	-100	no	external_context	color
8219	788	-100	no	external_context	""":"
8220	330	-100	no	external_context	"Ġ"""
8221	5782	-100	no	external_context	white
8222	14345	-100	no	external_context	"""},"
8223	330	-100	no	external_context	"Ġ"""
8224	10334	-100	no	external_context	available
8225	788	-100	no	external_context	""":"
8226	830	-100	no	external_context	Ġtrue
8227	11	-100	no	external_context	,
8228	330	-100	no	external_context	"Ġ"""
8229	6555	-100	no	external_context	price
8230	788	-100	no	external_context	""":"
8231	220	-100	no	external_context	Ġ
8232	17	-100	no	external_context	2
8233	21	-100	no	external_context	6
8234	15	-100	no	external_context	0
8235	13	-100	no	external_context	.
8236	21	-100	no	external_context	6
8237	23	-100	no	external_context	8
8238	3417	-100	no	external_context	}}
8239	532	-100	no	external_context	}Ċ
8240	151666	-100	no	external_context	</tool_response>
8241	151645	-100	no	external_context	<|im_end|>
8242	198	-100	no	external_context	Ċ
8243	151644	-100	no	assistant_header	<|im_start|>
8244	77091	-100	no	assistant_header	assistant
8245	198	-100	no	assistant_header	Ċ
8246	40	40	yes	assistant_text	I
8247	1431	1431	yes	assistant_text	Ġnow
8248	614	614	yes	assistant_text	Ġhave
8249	678	678	yes	assistant_text	Ġall
8250	279	279	yes	assistant_text	Ġthe
8251	1995	1995	yes	assistant_text	Ġinformation
8252	358	358	yes	assistant_text	ĠI
8253	1184	1184	yes	assistant_text	Ġneed
8254	13	13	yes	assistant_text	.
8255	6771	6771	yes	assistant_text	ĠLet
8256	752	752	yes	assistant_text	Ġme
8257	62079	62079	yes	assistant_text	Ġsummarize
8258	279	279	yes	assistant_text	Ġthe
8259	9289	9289	yes	assistant_text	Ġexchange
8260	2606	2606	yes	assistant_text	Ġoptions
8261	369	369	yes	assistant_text	Ġfor
8262	498	498	yes	assistant_text	Ġyou
8263	382	382	yes	assistant_text	.ĊĊ
8264	2461	2461	yes	assistant_text	For
8265	279	279	yes	assistant_text	Ġthe
8266	3070	3070	yes	assistant_text	Ġ**
8267	57067	57067	yes	assistant_text	Mech
8268	44883	44883	yes	assistant_text	anical
8269	25616	25616	yes	assistant_text	ĠKeyboard
8270	334	334	yes	assistant_text	**
8271	320	320	yes	assistant_text	Ġ(
8272	58202	58202	yes	assistant_text	currently
8273	25	25	yes	assistant_text	:
8274	13482	13482	yes	assistant_text	Ġlinear
8275	31167	31167	yes	assistant_text	Ġswitches
8276	11	11	yes	assistant_text	,
8277	20978	20978	yes	assistant_text	ĠRGB
8278	94322	94322	yes	assistant_text	Ġbacklight
8279	11	11	yes	assistant_text	,
8280	2480	2480	yes	assistant_text	Ġfull
8281	1379	1379	yes	assistant_text	Ġsize
8282	481	481	yes	assistant_text	Ġ-
8283	400	400	yes	assistant_text	Ġ$
8284	17	17	yes	assistant_text	2
8285	22	22	yes	assistant_text	7
8286	17	17	yes	assistant_text	2
8287	13	13	yes	assistant_text	.
8288	18	18	yes	assistant_text	3
8289	18	18	yes	assistant_text	3
8290	701	701	yes	assistant_text	),
8291	498	498	yes	assistant_text	Ġyou
8292	1366	1366	yes	assistant_text	Ġwant
8293	3070	3070	yes	assistant_text	Ġ**
8294	3678	3678	yes	assistant_text	click
8295	88	88	yes	assistant_text	y
8296	334	334	yes	assistant_text	**
8297	31167	31167	yes	assistant_text	Ġswitches
8298	13	13	yes	assistant_text	.
8299	576	576	yes	assistant_text	ĠThe
8300	2500	2500	yes	assistant_text	Ġavailable
8301	4205	4205	yes	assistant_text	Ġclick
8302	88	88	yes	assistant_text	y
8303	2606	2606	yes	assistant_text	Ġoptions
8304	525	525	yes	assistant_text	Ġare
8305	1447	1447	yes	assistant_text	:ĊĊ
8306	16	16	yes	assistant_text	1
8307	13	13	yes	assistant_text	.
8308	3070	3070	yes	assistant_text	Ġ**
8309	1234	1234	yes	assistant_text	Item
8310	220	220	yes	assistant_text	Ġ
8311	22	22	yes	assistant_text	7
8312	22	22	yes	assistant_text	7
8313	15	15	yes	assistant_text	0
8314	21	21	yes	assistant_text	6
8315	19	19	yes	assistant_text	4
8316	16	16	yes	assistant_text	1
8317	15	15	yes	assistant_text	0
8318	17	17	yes	assistant_text	2
8319	24	24	yes	assistant_text	9
8320	18	18	yes	assistant_text	3
8321	334	334	yes	assistant_text	**
8322	481	481	yes	assistant_text	Ġ-
8323	4205	4205	yes	assistant_text	Ġclick
8324	88	88	yes	assistant_text	y
8325	11	11	yes	assistant_text	,
8326	902	902	yes	assistant_text	Ġno
8327	94322	94322	yes	assistant_text	Ġbacklight
8328	11	11	yes	assistant_text	,
8329	2480	2480	yes	assistant_text	Ġfull
8330	1379	1379	yes	assistant_text	Ġsize
8331	481	481	yes	assistant_text	Ġ-
8332	400	400	yes	assistant_text	Ġ$
8333	17	17	yes	assistant_text	2
8334	21	21	yes	assistant_text	6
8335	24	24	yes	assistant_text	9
8336	13	13	yes	assistant_text	.
8337	16	16	yes	assistant_text	1
8338	21	21	yes	assistant_text	6
8339	198	198	yes	assistant_text	Ċ
8340	17	17	yes	assistant_text	2
8341	13	13	yes	assistant_text	.
8342	3070	3070	yes	assistant_text	Ġ**
8343	1234	1234	yes	assistant_text	Item
8344	220	220	yes	assistant_text	Ġ
8345	21	21	yes	assistant_text	6
8346	18	18	yes	assistant_text	3
8347	19	19	yes	assistant_text	4
8348	17	17	yes	assistant_text	2
8349	15	15	yes	assistant_text	0
8350	18	18	yes	assistant_text	3
8351	24	24	yes	assistant_text	9
8352	17	17	yes	assistant_text	2
8353	18	18	yes	assistant_text	3
8354	21	21	yes	assistant_text	6
8355	334	334	yes	assistant_text	**
8356	481	481	yes	assistant_text	Ġ-
8357	4205	4205	yes	assistant_text	Ġclick
8358	88	88	yes	assistant_text	y
8359	11	11	yes	assistant_text	,
8360	4158	4158	yes	assistant_text	Ġwhite
8361	94322	94322	yes	assistant_text	Ġbacklight
8362	11	11	yes	assistant_text	,
8363	2480	2480	yes	assistant_text	Ġfull
8364	1379	1379	yes	assistant_text	Ġsize
8365	481	481	yes	assistant_text	Ġ-
8366	400	400	yes	assistant_text	Ġ$
8367	17	17	yes	assistant_text	2
8368	19	19	yes	assistant_text	4
8369	19	19	yes	assistant_text	4
8370	13	13	yes	assistant_text	.
8371	24	24	yes	assistant_text	9
8372	16	16	yes	assistant_text	1
8373	198	198	yes	assistant_text	Ċ
8374	18	18	yes	assistant_text	3
8375	13	13	yes	assistant_text	.
8376	3070	3070	yes	assistant_text	Ġ**
8377	1234	1234	yes	assistant_text	Item
8378	220	220	yes	assistant_text	Ġ
8379	17	17	yes	assistant_text	2
8380	17	17	yes	assistant_text	2
8381	24	24	yes	assistant_text	9
8382	24	24	yes	assistant_text	9
8383	19	19	yes	assistant_text	4
8384	17	17	yes	assistant_text	2
8385	19	19	yes	assistant_text	4
8386	17	17	yes	assistant_text	2
8387	19	19	yes	assistant_text	4
8388	16	16	yes	assistant_text	1
8389	334	334	yes	assistant_text	**
8390	481	481	yes	assistant_text	Ġ-
8391	4205	4205	yes	assistant_text	Ġclick
8392	88	88	yes	assistant_text	y
8393	11	11	yes	assistant_text	,
8394	20978	20978	yes	assistant_text	ĠRGB
8395	94322	94322	yes	assistant_text	Ġbacklight
8396	11	11	yes	assistant_text	,
8397	220	220	yes	assistant_text	Ġ
8398	23	23	yes	assistant_text	8
8399	15	15	yes	assistant_text	0
8400	4	4	yes	assistant_text	%
8401	1379	1379	yes	assistant_text	Ġsize
8402	481	481	yes	assistant_text	Ġ-
8403	400	400	yes	assistant_text	Ġ$
8404	17	17	yes	assistant_text	2
8405	18	18	yes	assistant_text	3
8406	22	22	yes	assistant_text	7
8407	13	13	yes	assistant_text	.
8408	19	19	yes	assistant_text	4
8409	23	23	yes	assistant_text	8
8410	198	198	yes	assistant_text	Ċ
8411	19	19	yes	assistant_text	4
8412	13	13	yes	assistant_text	.
8413	3070	3070	yes	assistant_text	Ġ**
8414	1234	1234	yes	assistant_text	Item
8415	220	220	yes	assistant_text	Ġ
8416	24	24	yes	assistant_text	9
8417	21	21	yes	assistant_text	6
8418	21	21	yes	assistant_text	6
8419	20	20	yes	assistant_text	5
8420	15	15	yes	assistant_text	0
8421	15	15	yes	assistant_text	0
8422	15	15	yes	assistant_text	0
8423	18	18	yes	assistant_text	3
8424	23	23	yes	assistant_text	8
8425	23	23	yes	assistant_text	8
8426	334	334	yes	assistant_text	**
8427	481	481	yes	assistant_text	Ġ-
8428	4205	4205	yes	assistant_text	Ġclick
8429	88	88	yes	assistant_text	y
8430	11	11	yes	assistant_text	,
8431	902	902	yes	assistant_text	Ġno
8432	94322	94322	yes	assistant_text	Ġbacklight
8433	11	11	yes	assistant_text	,
8434	220	220	yes	assistant_text	Ġ
8435	23	23	yes	assistant_text	8
8436	15	15	yes	assistant_text	0
8437	4	4	yes	assistant_text	%
8438	1379	1379	yes	assistant_text	Ġsize
8439	481	481	yes	assistant_text	Ġ-
8440	400	400	yes	assistant_text	Ġ$
8441	17	17	yes	assistant_text	2
8442	21	21	yes	assistant_text	6
8443	24	24	yes	assistant_text	9
8444	13	13	yes	assistant_text	.
8445	19	19	yes	assistant_text	4
8446	21	21	yes	assistant_text	6
8447	271	271	yes	assistant_text	ĊĊ
8448	2461	2461	yes	assistant_text	For
8449	279	279	yes	assistant_text	Ġthe
8450	3070	3070	yes	assistant_text	Ġ**
8451	33817	33817	yes	assistant_text	Smart
8452	22450	22450	yes	assistant_text	ĠTher
8453	54725	54725	yes	assistant_text	mostat
8454	334	334	yes	assistant_text	**
8455	320	320	yes	assistant_text	Ġ(
8456	58202	58202	yes	assistant_text	currently
8457	25	25	yes	assistant_text	:
8458	8162	8162	yes	assistant_text	ĠApple
8459	5379	5379	yes	assistant_text	ĠHome
8460	7695	7695	yes	assistant_text	Kit
8461	11	11	yes	assistant_text	,
8462	3691	3691	yes	assistant_text	Ġblack
8463	481	481	yes	assistant_text	Ġ-
8464	400	400	yes	assistant_text	Ġ$
8465	17	17	yes	assistant_text	2
8466	21	21	yes	assistant_text	6
8467	17	17	yes	assistant_text	2
8468	13	13	yes	assistant_text	.
8469	19	19	yes	assistant_text	4
8470	22	22	yes	assistant_text	7
8471	701	701	yes	assistant_text	),
8472	498	498	yes	assistant_text	Ġyou
8473	1366	1366	yes	assistant_text	Ġwant
8474	825	825	yes	assistant_text	Ġone
8475	18146	18146	yes	assistant_text	Ġcompatible
8476	448	448	yes	assistant_text	Ġwith
8477	3070	3070	yes	assistant_text	Ġ**
8478	14444	14444	yes	assistant_text	Google
8479	5379	5379	yes	assistant_text	ĠHome
8480	334	334	yes	assistant_text	**
8481	13	13	yes	assistant_text	.
8482	576	576	yes	assistant_text	ĠThe
8483	2500	2500	yes	assistant_text	Ġavailable
8484	5085	5085	yes	assistant_text	ĠGoogle
8485	80215	80215	yes	assistant_text	-compatible
8486	2606	2606	yes	assistant_text	Ġoptions
8487	525	525	yes	assistant_text	Ġare
8488	1447	1447	yes	assistant_text	:ĊĊ
8489	16	16	yes	assistant_text	1
8490	13	13	yes	assistant_text	.
8491	3070	3070	yes	assistant_text	Ġ**
8492	1234	1234	yes	assistant_text	Item
8493	220	220	yes	assistant_text	Ġ
8494	22	22	yes	assistant_text	7
8495	22	22	yes	assistant_text	7
8496	19	19	yes	assistant_text	4
8497	22	22	yes	assistant_text	7
8498	19	19	yes	assistant_text	4
8499	15	15	yes	assistant_text	0
8500	23	23	yes	assistant_text	8
8501	20	20	yes	assistant_text	5
8502	23	23	yes	assistant_text	8
8503	20	20	yes	assistant_text	5
8504	334	334	yes	assistant_text	**
8505	481	481	yes	assistant_text	Ġ-
8506	5085	5085	yes	assistant_text	ĠGoogle
8507	21388	21388	yes	assistant_text	ĠAssistant
8508	11	11	yes	assistant_text	,
8509	3691	3691	yes	assistant_text	Ġblack
8510	481	481	yes	assistant_text	Ġ-
8511	400	400	yes	assistant_text	Ġ$
8512	17	17	yes	assistant_text	2
8513	19	19	yes	assistant_text	4
8514	24	24	yes	assistant_text	9
8515	13	13	yes	assistant_text	.
8516	15	15	yes	assistant_text	0
8517	16	16	yes	assistant_text	1
8518	271	271	yes	assistant_text	ĊĊ
8519	785	785	yes	assistant_text	The
8520	1172	1172	yes	assistant_text	Ġonly
8521	2500	2500	yes	assistant_text	Ġavailable
8522	5085	5085	yes	assistant_text	ĠGoogle
8523	80215	80215	yes	assistant_text	-compatible
8524	74070	74070	yes	assistant_text	Ġthermostat
8525	374	374	yes	assistant_text	Ġis
8526	1509	1509	yes	assistant_text	Ġitem
8527	3070	3070	yes	assistant_text	Ġ**
8528	22	22	yes	assistant_text	7
8529	22	22	yes	assistant_text	7
8530	19	19	yes	assistant_text	4
8531	22	22	yes	assistant_text	7
8532	19	19	yes	assistant_text	4
8533	15	15	yes	assistant_text	0
8534	23	23	yes	assistant_text	8
8535	20	20	yes	assistant_text	5
8536	23	23	yes	assistant_text	8
8537	20	20	yes	assistant_text	5
8538	334	334	yes	assistant_text	**
8539	320	320	yes	assistant_text	Ġ(
8540	14444	14444	yes	assistant_text	Google
8541	21388	21388	yes	assistant_text	ĠAssistant
8542	11	11	yes	assistant_text	,
8543	3691	3691	yes	assistant_text	Ġblack
8544	8	8	yes	assistant_text	)
8545	518	518	yes	assistant_text	Ġat
8546	400	400	yes	assistant_text	Ġ$
8547	17	17	yes	assistant_text	2
8548	19	19	yes	assistant_text	4
8549	24	24	yes	assistant_text	9
8550	13	13	yes	assistant_text	.
8551	15	15	yes	assistant_text	0
8552	16	16	yes	assistant_text	1
8553	382	382	yes	assistant_text	.ĊĊ
8554	7039	7039	yes	assistant_text	Now
8555	11	11	yes	assistant_text	,
8556	369	369	yes	assistant_text	Ġfor
8557	279	279	yes	assistant_text	Ġthe
8558	22148	22148	yes	assistant_text	Ġmechanical
8559	13625	13625	yes	assistant_text	Ġkeyboard
8560	11	11	yes	assistant_text	,
8561	892	892	yes	assistant_text	Ġwhich
8562	3151	3151	yes	assistant_text	Ġspecific
8563	11424	11424	yes	assistant_text	Ġvariant
8564	1035	1035	yes	assistant_text	Ġwould
8565	498	498	yes	assistant_text	Ġyou
8566	1075	1075	yes	assistant_text	Ġlike
8567	30	30	yes	assistant_text	?
8568	576	576	yes	assistant_text	ĠThe
8569	18093	18093	yes	assistant_text	Ġclosest
8570	311	311	yes	assistant_text	Ġto
8571	697	697	yes	assistant_text	Ġyour
8572	1482	1482	yes	assistant_text	Ġcurrent
8573	825	825	yes	assistant_text	Ġone
8574	320	320	yes	assistant_text	Ġ(
8575	8878	8878	yes	assistant_text	full
8576	1379	1379	yes	assistant_text	Ġsize
8577	11	11	yes	assistant_text	,
8578	20978	20978	yes	assistant_text	ĠRGB
8579	94322	94322	yes	assistant_text	Ġbacklight
8580	8	8	yes	assistant_text	)
8581	448	448	yes	assistant_text	Ġwith
8582	4205	4205	yes	assistant_text	Ġclick
8583	88	88	yes	assistant_text	y
8584	31167	31167	yes	assistant_text	Ġswitches
8585	1035	1035	yes	assistant_text	Ġwould
8586	387	387	yes	assistant_text	Ġbe
8587	1509	1509	yes	assistant_text	Ġitem
8588	3070	3070	yes	assistant_text	Ġ**
8589	17	17	yes	assistant_text	2
8590	17	17	yes	assistant_text	2
8591	24	24	yes	assistant_text	9
8592	24	24	yes	assistant_text	9
8593	19	19	yes	assistant_text	4
8594	17	17	yes	assistant_text	2
8595	19	19	yes	assistant_text	4
8596	17	17	yes	assistant_text	2
8597	19	19	yes	assistant_text	4
8598	16	16	yes	assistant_text	1
8599	334	334	yes	assistant_text	**
8600	320	320	yes	assistant_text	Ġ(
8601	3678	3678	yes	assistant_text	click
8602	88	88	yes	assistant_text	y
8603	11	11	yes	assistant_text	,
8604	20978	20978	yes	assistant_text	ĠRGB
8605	11	11	yes	assistant_text	,
8606	220	220	yes	assistant_text	Ġ
8607	23	23	yes	assistant_text	8
8608	15	15	yes	assistant_text	0
8609	4	4	yes	assistant_text	%
8610	1379	1379	yes	assistant_text	Ġsize
8611	701	701	yes	assistant_text	),
8612	714	714	yes	assistant_text	Ġbut
8613	432	432	yes	assistant_text	Ġit
8614	594	594	yes	assistant_text	's
8615	264	264	yes	assistant_text	Ġa
8616	2155	2155	yes	assistant_text	Ġdifferent
8617	1379	1379	yes	assistant_text	Ġsize
8618	13	13	yes	assistant_text	.
8619	2521	2521	yes	assistant_text	ĠOr
8620	1035	1035	yes	assistant_text	Ġwould
8621	498	498	yes	assistant_text	Ġyou
8622	10702	10702	yes	assistant_text	Ġprefer
8623	825	825	yes	assistant_text	Ġone
8624	315	315	yes	assistant_text	Ġof
8625	279	279	yes	assistant_text	Ġthe
8626	2480	2480	yes	assistant_text	Ġfull
8627	7174	7174	yes	assistant_text	-size
8628	2606	2606	yes	assistant_text	Ġoptions
8629	1939	1939	yes	assistant_text	?ĊĊ
8630	13394	13394	yes	assistant_text	Also
8631	11	11	yes	assistant_text	,
8632	1410	1410	yes	assistant_text	Ġcould
8633	498	498	yes	assistant_text	Ġyou
8634	7683	7683	yes	assistant_text	Ġconfirm
8635	892	892	yes	assistant_text	Ġwhich
8636	8160	8160	yes	assistant_text	Ġpayment
8637	1714	1714	yes	assistant_text	Ġmethod
8638	498	498	yes	assistant_text	Ġyou
8639	4172	4172	yes	assistant_text	'd
8640	1075	1075	yes	assistant_text	Ġlike
8641	311	311	yes	assistant_text	Ġto
8642	990	990	yes	assistant_text	Ġuse
8643	369	369	yes	assistant_text	Ġfor
8644	894	894	yes	assistant_text	Ġany
8645	3349	3349	yes	assistant_text	Ġprice
8646	6672	6672	yes	assistant_text	Ġdifference
8647	30	30	yes	assistant_text	?
8648	358	358	yes	assistant_text	ĠI
8649	1490	1490	yes	assistant_text	Ġsee
8650	498	498	yes	assistant_text	Ġyou
8651	614	614	yes	assistant_text	Ġhave
8652	264	264	yes	assistant_text	Ġa
8653	6668	6668	yes	assistant_text	Ġcredit
8654	3701	3701	yes	assistant_text	Ġcard
8655	320	320	yes	assistant_text	Ġ(
8656	2459	2459	yes	assistant_text	ending
8657	304	304	yes	assistant_text	Ġin
8658	220	220	yes	assistant_text	Ġ
8659	17	17	yes	assistant_text	2
8660	19	19	yes	assistant_text	4
8661	22	22	yes	assistant_text	7
8662	23	23	yes	assistant_text	8
8663	8	8	yes	assistant_text	)
8664	389	389	yes	assistant_text	Ġon
8665	1034	1034	yes	assistant_text	Ġfile
8666	13	13	yes	assistant_text	.
8667	151645	151645	yes	assistant_end	<|im_end|>
8668	198	-100	no	external_context	Ċ
8669	151644	-100	no	external_context	<|im_start|>
8670	872	-100	no	external_context	user
8671	198	-100	no	external_context	Ċ
8672	12658	-100	no	external_context	Thanks
8673	369	-100	no	external_context	Ġfor
8674	34644	-100	no	external_context	Ġlaying
8675	429	-100	no	external_context	Ġthat
8676	700	-100	no	external_context	Ġout
8677	0	-100	no	external_context	!
8678	1752	-100	no	external_context	ĠFor
8679	279	-100	no	external_context	Ġthe
8680	13625	-100	no	external_context	Ġkeyboard
8681	11	-100	no	external_context	,
8682	358	-100	no	external_context	ĠI
8683	6925	-100	no	external_context	âĢĻd
8684	1075	-100	no	external_context	Ġlike
8685	311	-100	no	external_context	Ġto
8686	728	-100	no	external_context	Ġgo
8687	448	-100	no	external_context	Ġwith
8688	279	-100	no	external_context	Ġthe
8689	2480	-100	no	external_context	Ġfull
8690	7174	-100	no	external_context	-size
8691	2999	-100	no	external_context	Ġoption
8692	429	-100	no	external_context	Ġthat
8693	702	-100	no	external_context	Ġhas
8694	4205	-100	no	external_context	Ġclick
8695	88	-100	no	external_context	y
8696	31167	-100	no	external_context	Ġswitches
8697	323	-100	no	external_context	Ġand
8698	902	-100	no	external_context	Ġno
8699	94322	-100	no	external_context	Ġbacklight
8700	2293	-100	no	external_context	âĢĶ
8701	1203	-100	no	external_context	item
8702	220	-100	no	external_context	Ġ
8703	22	-100	no	external_context	7
8704	22	-100	no	external_context	7
8705	15	-100	no	external_context	0
8706	21	-100	no	external_context	6
8707	19	-100	no	external_context	4
8708	16	-100	no	external_context	1
8709	15	-100	no	external_context	0
8710	17	-100	no	external_context	2
8711	24	-100	no	external_context	9
8712	18	-100	no	external_context	3
8713	13	-100	no	external_context	.
8714	2938	-100	no	external_context	ĠThat
8715	4278	-100	no	external_context	Ġworks
8716	369	-100	no	external_context	Ġfor
8717	752	-100	no	external_context	Ġme
8718	382	-100	no	external_context	.ĊĊ
8719	3036	-100	no	external_context	And
8720	9834	-100	no	external_context	Ġyes
8721	11	-100	no	external_context	,
8722	4486	-100	no	external_context	Ġplease
8723	728	-100	no	external_context	Ġgo
8724	8305	-100	no	external_context	Ġahead
8725	448	-100	no	external_context	Ġwith
8726	279	-100	no	external_context	Ġthe
8727	5085	-100	no	external_context	ĠGoogle
8728	80215	-100	no	external_context	-compatible
8729	74070	-100	no	external_context	Ġthermostat
8730	11	-100	no	external_context	,
8731	1509	-100	no	external_context	Ġitem
8732	220	-100	no	external_context	Ġ
8733	22	-100	no	external_context	7
8734	22	-100	no	external_context	7
8735	19	-100	no	external_context	4
8736	22	-100	no	external_context	7
8737	19	-100	no	external_context	4
8738	15	-100	no	external_context	0
8739	23	-100	no	external_context	8
8740	20	-100	no	external_context	5
8741	23	-100	no	external_context	8
8742	20	-100	no	external_context	5
8743	13	-100	no	external_context	.
8744	1446	-100	no	external_context	ĠYou
8745	646	-100	no	external_context	Ġcan
8746	990	-100	no	external_context	Ġuse
8747	279	-100	no	external_context	Ġthe
8748	6668	-100	no	external_context	Ġcredit
8749	3701	-100	no	external_context	Ġcard
8750	13391	-100	no	external_context	Ġending
8751	304	-100	no	external_context	Ġin
8752	220	-100	no	external_context	Ġ
8753	17	-100	no	external_context	2
8754	19	-100	no	external_context	4
8755	22	-100	no	external_context	7
8756	23	-100	no	external_context	8
8757	369	-100	no	external_context	Ġfor
8758	894	-100	no	external_context	Ġany
8759	3349	-100	no	external_context	Ġprice
8760	6672	-100	no	external_context	Ġdifference
8761	13	-100	no	external_context	.
8762	4710	-100	no	external_context	ĠĊĊ
8763	6713	-100	no	external_context	Can
8764	498	-100	no	external_context	Ġyou
8765	7683	-100	no	external_context	Ġconfirm
8766	279	-100	no	external_context	Ġthe
8767	2790	-100	no	external_context	Ġtotal
8768	6672	-100	no	external_context	Ġdifference
8769	323	-100	no	external_context	Ġand
8770	1077	-100	no	external_context	Ġlet
8771	752	-100	no	external_context	Ġme
8772	1414	-100	no	external_context	Ġknow
8773	421	-100	no	external_context	Ġif
8774	1052	-100	no	external_context	Ġthere
8775	748	-100	no	external_context	âĢĻs
8776	4113	-100	no	external_context	Ġanything
8777	770	-100	no	external_context	Ġelse
8778	358	-100	no	external_context	ĠI
8779	1184	-100	no	external_context	Ġneed
8780	311	-100	no	external_context	Ġto
8781	653	-100	no	external_context	Ġdo
8782	369	-100	no	external_context	Ġfor
8783	279	-100	no	external_context	Ġthe
8784	9289	-100	no	external_context	Ġexchange
8785	30	-100	no	external_context	?
8786	151645	-100	no	external_context	<|im_end|>
8787	198	-100	no	external_context	Ċ
8788	151644	-100	no	assistant_header	<|im_start|>
8789	77091	-100	no	assistant_header	assistant
8790	198	-100	no	assistant_header	Ċ
8791	151657	151657	yes	assistant_tool_call	<tool_call>
8792	198	198	yes	assistant_tool_call	Ċ
8793	4913	4913	yes	assistant_tool_call	"{"""
8794	606	606	yes	assistant_tool_call	name
8795	788	788	yes	assistant_tool_call	""":"
8796	330	330	yes	assistant_tool_call	"Ġ"""
8797	35597	35597	yes	assistant_tool_call	calculate
8798	497	497	yes	assistant_tool_call	""","
8799	330	330	yes	assistant_tool_call	"Ġ"""
8800	16370	16370	yes	assistant_tool_call	arguments
8801	788	788	yes	assistant_tool_call	""":"
8802	5212	5212	yes	assistant_tool_call	"Ġ{"""
8803	28099	28099	yes	assistant_tool_call	expression
8804	788	788	yes	assistant_tool_call	""":"
8805	330	330	yes	assistant_tool_call	"Ġ"""
8806	17	17	yes	assistant_tool_call	2
8807	21	21	yes	assistant_tool_call	6
8808	24	24	yes	assistant_tool_call	9
8809	13	13	yes	assistant_tool_call	.
8810	16	16	yes	assistant_tool_call	1
8811	21	21	yes	assistant_tool_call	6
8812	481	481	yes	assistant_tool_call	Ġ-
8813	220	220	yes	assistant_tool_call	Ġ
8814	17	17	yes	assistant_tool_call	2
8815	22	22	yes	assistant_tool_call	7
8816	17	17	yes	assistant_tool_call	2
8817	13	13	yes	assistant_tool_call	.
8818	18	18	yes	assistant_tool_call	3
8819	18	18	yes	assistant_tool_call	3
8820	488	488	yes	assistant_tool_call	Ġ+
8821	220	220	yes	assistant_tool_call	Ġ
8822	17	17	yes	assistant_tool_call	2
8823	19	19	yes	assistant_tool_call	4
8824	24	24	yes	assistant_tool_call	9
8825	13	13	yes	assistant_tool_call	.
8826	15	15	yes	assistant_tool_call	0
8827	16	16	yes	assistant_tool_call	1
8828	481	481	yes	assistant_tool_call	Ġ-
8829	220	220	yes	assistant_tool_call	Ġ
8830	17	17	yes	assistant_tool_call	2
8831	21	21	yes	assistant_tool_call	6
8832	17	17	yes	assistant_tool_call	2
8833	13	13	yes	assistant_tool_call	.
8834	19	19	yes	assistant_tool_call	4
8835	22	22	yes	assistant_tool_call	7
8836	95642	95642	yes	assistant_tool_call	"""}}Ċ"
8837	151658	151658	yes	assistant_tool_call	</tool_call>
8838	151645	151645	yes	assistant_end	<|im_end|>
8839	198	-100	no	external_context	Ċ
8840	151644	-100	no	external_context	<|im_start|>
8841	872	-100	no	external_context	user
8842	198	-100	no	external_context	Ċ
8843	151665	-100	no	external_context	<tool_response>
8844	198	-100	no	external_context	Ċ
8845	12	-100	no	external_context	-
8846	16	-100	no	external_context	1
8847	21	-100	no	external_context	6
8848	13	-100	no	external_context	.
8849	21	-100	no	external_context	6
8850	18	-100	no	external_context	3
8851	198	-100	no	external_context	Ċ
8852	151666	-100	no	external_context	</tool_response>
8853	151645	-100	no	external_context	<|im_end|>
8854	198	-100	no	external_context	Ċ
8855	151644	-100	no	assistant_header	<|im_start|>
8856	77091	-100	no	assistant_header	assistant
8857	198	-100	no	assistant_header	Ċ
8858	785	785	yes	assistant_text	The
8859	2790	2790	yes	assistant_text	Ġtotal
8860	3349	3349	yes	assistant_text	Ġprice
8861	6672	6672	yes	assistant_text	Ġdifference
8862	374	374	yes	assistant_text	Ġis
8863	3070	3070	yes	assistant_text	Ġ**
8864	21389	21389	yes	assistant_text	-$
8865	16	16	yes	assistant_text	1
8866	21	21	yes	assistant_text	6
8867	13	13	yes	assistant_text	.
8868	21	21	yes	assistant_text	6
8869	18	18	yes	assistant_text	3
8870	97219	97219	yes	assistant_text	**,
8871	7290	7290	yes	assistant_text	Ġmeaning
8872	498	498	yes	assistant_text	Ġyou
8873	3278	3278	yes	assistant_text	'll
8874	5258	5258	yes	assistant_text	Ġreceive
8875	264	264	yes	assistant_text	Ġa
8876	20965	20965	yes	assistant_text	Ġrefund
8877	315	315	yes	assistant_text	Ġof
8878	3070	3070	yes	assistant_text	Ġ**
8879	3	3	yes	assistant_text	$
8880	16	16	yes	assistant_text	1
8881	21	21	yes	assistant_text	6
8882	13	13	yes	assistant_text	.
8883	21	21	yes	assistant_text	6
8884	18	18	yes	assistant_text	3
8885	334	334	yes	assistant_text	**
8886	311	311	yes	assistant_text	Ġto
8887	697	697	yes	assistant_text	Ġyour
8888	6668	6668	yes	assistant_text	Ġcredit
8889	3701	3701	yes	assistant_text	Ġcard
8890	13391	13391	yes	assistant_text	Ġending
8891	304	304	yes	assistant_text	Ġin
8892	220	220	yes	assistant_text	Ġ
8893	17	17	yes	assistant_text	2
8894	19	19	yes	assistant_text	4
8895	22	22	yes	assistant_text	7
8896	23	23	yes	assistant_text	8
8897	382	382	yes	assistant_text	.ĊĊ
8898	10227	10227	yes	assistant_text	Before
8899	358	358	yes	assistant_text	ĠI
8900	10354	10354	yes	assistant_text	Ġproceed
8901	448	448	yes	assistant_text	Ġwith
8902	279	279	yes	assistant_text	Ġthe
8903	9289	9289	yes	assistant_text	Ġexchange
8904	11	11	yes	assistant_text	,
8905	1077	1077	yes	assistant_text	Ġlet
8906	752	752	yes	assistant_text	Ġme
8907	7683	7683	yes	assistant_text	Ġconfirm
8908	279	279	yes	assistant_text	Ġthe
8909	3565	3565	yes	assistant_text	Ġdetails
8910	1447	1447	yes	assistant_text	:ĊĊ
8911	334	334	yes	assistant_text	**
8912	31564	31564	yes	assistant_text	Exchange
8913	21517	21517	yes	assistant_text	ĠSummary
8914	369	369	yes	assistant_text	Ġfor
8915	7217	7217	yes	assistant_text	ĠOrder
8916	671	671	yes	assistant_text	Ġ#
8917	54	54	yes	assistant_text	W
8918	17	17	yes	assistant_text	2
8919	18	18	yes	assistant_text	3
8920	22	22	yes	assistant_text	7
8921	23	23	yes	assistant_text	8
8922	16	16	yes	assistant_text	1
8923	20	20	yes	assistant_text	5
8924	21	21	yes	assistant_text	6
8925	25	25	yes	assistant_text	:
8926	56177	56177	yes	assistant_text	**ĊĊ
8927	16	16	yes	assistant_text	1
8928	13	13	yes	assistant_text	.
8929	3070	3070	yes	assistant_text	Ġ**
8930	57067	57067	yes	assistant_text	Mech
8931	44883	44883	yes	assistant_text	anical
8932	25616	25616	yes	assistant_text	ĠKeyboard
8933	334	334	yes	assistant_text	**
8934	481	481	yes	assistant_text	Ġ-
8935	18705	18705	yes	assistant_text	ĠExchange
8936	1509	1509	yes	assistant_text	Ġitem
8937	220	220	yes	assistant_text	Ġ
8938	16	16	yes	assistant_text	1
8939	16	16	yes	assistant_text	1
8940	20	20	yes	assistant_text	5
8941	16	16	yes	assistant_text	1
8942	17	17	yes	assistant_text	2
8943	24	24	yes	assistant_text	9
8944	18	18	yes	assistant_text	3
8945	21	21	yes	assistant_text	6
8946	23	23	yes	assistant_text	8
8947	15	15	yes	assistant_text	0
8948	320	320	yes	assistant_text	Ġ(
8949	22763	22763	yes	assistant_text	linear
8950	11	11	yes	assistant_text	,
8951	20978	20978	yes	assistant_text	ĠRGB
8952	11	11	yes	assistant_text	,
8953	2480	2480	yes	assistant_text	Ġfull
8954	1379	1379	yes	assistant_text	Ġsize
8955	8	8	yes	assistant_text	)
8956	369	369	yes	assistant_text	Ġfor
8957	1509	1509	yes	assistant_text	Ġitem
8958	3070	3070	yes	assistant_text	Ġ**
8959	22	22	yes	assistant_text	7
8960	22	22	yes	assistant_text	7
8961	15	15	yes	assistant_text	0
8962	21	21	yes	assistant_text	6
8963	19	19	yes	assistant_text	4
8964	16	16	yes	assistant_text	1
8965	15	15	yes	assistant_text	0
8966	17	17	yes	assistant_text	2
8967	24	24	yes	assistant_text	9
8968	18	18	yes	assistant_text	3
8969	334	334	yes	assistant_text	**
8970	320	320	yes	assistant_text	Ġ(
8971	3678	3678	yes	assistant_text	click
8972	88	88	yes	assistant_text	y
8973	11	11	yes	assistant_text	,
8974	902	902	yes	assistant_text	Ġno
8975	94322	94322	yes	assistant_text	Ġbacklight
8976	11	11	yes	assistant_text	,
8977	2480	2480	yes	assistant_text	Ġfull
8978	1379	1379	yes	assistant_text	Ġsize
8979	340	340	yes	assistant_text	)Ċ
8980	17	17	yes	assistant_text	2
8981	13	13	yes	assistant_text	.
8982	3070	3070	yes	assistant_text	Ġ**
8983	33817	33817	yes	assistant_text	Smart
8984	22450	22450	yes	assistant_text	ĠTher
8985	54725	54725	yes	assistant_text	mostat
8986	334	334	yes	assistant_text	**
8987	481	481	yes	assistant_text	Ġ-
8988	18705	18705	yes	assistant_text	ĠExchange
8989	1509	1509	yes	assistant_text	Ġitem
8990	220	220	yes	assistant_text	Ġ
8991	19	19	yes	assistant_text	4
8992	24	24	yes	assistant_text	9
8993	23	23	yes	assistant_text	8
8994	18	18	yes	assistant_text	3
8995	24	24	yes	assistant_text	9
8996	15	15	yes	assistant_text	0
8997	16	16	yes	assistant_text	1
8998	19	19	yes	assistant_text	4
8999	23	23	yes	assistant_text	8
9000	15	15	yes	assistant_text	0
9001	320	320	yes	assistant_text	Ġ(
9002	26567	26567	yes	assistant_text	Apple
9003	5379	5379	yes	assistant_text	ĠHome
9004	7695	7695	yes	assistant_text	Kit
9005	11	11	yes	assistant_text	,
9006	3691	3691	yes	assistant_text	Ġblack
9007	8	8	yes	assistant_text	)
9008	369	369	yes	assistant_text	Ġfor
9009	1509	1509	yes	assistant_text	Ġitem
9010	3070	3070	yes	assistant_text	Ġ**
9011	22	22	yes	assistant_text	7
9012	22	22	yes	assistant_text	7
9013	19	19	yes	assistant_text	4
9014	22	22	yes	assistant_text	7
9015	19	19	yes	assistant_text	4
9016	15	15	yes	assistant_text	0
9017	23	23	yes	assistant_text	8
9018	20	20	yes	assistant_text	5
9019	23	23	yes	assistant_text	8
9020	20	20	yes	assistant_text	5
9021	334	334	yes	assistant_text	**
9022	320	320	yes	assistant_text	Ġ(
9023	14444	14444	yes	assistant_text	Google
9024	21388	21388	yes	assistant_text	ĠAssistant
9025	11	11	yes	assistant_text	,
9026	3691	3691	yes	assistant_text	Ġblack
9027	692	692	yes	assistant_text	)ĊĊ
9028	334	334	yes	assistant_text	**
9029	20188	20188	yes	assistant_text	Payment
9030	1714	1714	yes	assistant_text	Ġmethod
9031	369	369	yes	assistant_text	Ġfor
9032	3349	3349	yes	assistant_text	Ġprice
9033	6672	6672	yes	assistant_text	Ġdifference
9034	66963	66963	yes	assistant_text	:**
9035	16267	16267	yes	assistant_text	ĠCredit
9036	3701	3701	yes	assistant_text	Ġcard
9037	13391	13391	yes	assistant_text	Ġending
9038	304	304	yes	assistant_text	Ġin
9039	220	220	yes	assistant_text	Ġ
9040	17	17	yes	assistant_text	2
9041	19	19	yes	assistant_text	4
9042	22	22	yes	assistant_text	7
9043	23	23	yes	assistant_text	8
9044	198	198	yes	assistant_text	Ċ
9045	334	334	yes	assistant_text	**
9046	6954	6954	yes	assistant_text	Net
9047	20965	20965	yes	assistant_text	Ġrefund
9048	66963	66963	yes	assistant_text	:**
9049	400	400	yes	assistant_text	Ġ$
9050	16	16	yes	assistant_text	1
9051	21	21	yes	assistant_text	6
9052	13	13	yes	assistant_text	.
9053	21	21	yes	assistant_text	6
9054	18	18	yes	assistant_text	3
9055	271	271	yes	assistant_text	ĊĊ
9056	5501	5501	yes	assistant_text	Please
9057	7683	7683	yes	assistant_text	Ġconfirm
9058	429	429	yes	assistant_text	Ġthat
9059	498	498	yes	assistant_text	Ġyou
9060	614	614	yes	assistant_text	Ġhave
9061	3897	3897	yes	assistant_text	Ġprovided
9062	678	678	yes	assistant_text	Ġall
9063	279	279	yes	assistant_text	Ġthe
9064	3589	3589	yes	assistant_text	Ġitems
9065	498	498	yes	assistant_text	Ġyou
9066	1366	1366	yes	assistant_text	Ġwant
9067	311	311	yes	assistant_text	Ġto
9068	9289	9289	yes	assistant_text	Ġexchange
9069	11	11	yes	assistant_text	,
9070	323	323	yes	assistant_text	Ġand
9071	7683	7683	yes	assistant_text	Ġconfirm
9072	429	429	yes	assistant_text	Ġthat
9073	498	498	yes	assistant_text	Ġyou
9074	4172	4172	yes	assistant_text	'd
9075	1075	1075	yes	assistant_text	Ġlike
9076	311	311	yes	assistant_text	Ġto
9077	10354	10354	yes	assistant_text	Ġproceed
9078	448	448	yes	assistant_text	Ġwith
9079	419	419	yes	assistant_text	Ġthis
9080	9289	9289	yes	assistant_text	Ġexchange
9081	13	13	yes	assistant_text	.
9082	3155	3155	yes	assistant_text	ĠDo
9083	498	498	yes	assistant_text	Ġyou
9084	7683	7683	yes	assistant_text	Ġconfirm
9085	30	30	yes	assistant_text	?
9086	151645	151645	yes	assistant_end	<|im_end|>
9087	198	-100	no	external_context	Ċ
9088	151644	-100	no	external_context	<|im_start|>
9089	872	-100	no	external_context	user
9090	198	-100	no	external_context	Ċ
9091	9454	-100	no	external_context	Yes
9092	11	-100	no	external_context	,
9093	429	-100	no	external_context	Ġthat
9094	748	-100	no	external_context	âĢĻs
9095	4396	-100	no	external_context	Ġcorrect
9096	50657	-100	no	external_context	âĢĶI
9097	4249	-100	no	external_context	âĢĻm
9098	78431	-100	no	external_context	Ġexchanging
9099	2176	-100	no	external_context	Ġboth
9100	3589	-100	no	external_context	Ġitems
9101	438	-100	no	external_context	Ġas
9102	498	-100	no	external_context	Ġyou
9103	10007	-100	no	external_context	Ġlisted
9104	11	-100	no	external_context	,
9105	323	-100	no	external_context	Ġand
9106	358	-100	no	external_context	ĠI
9107	6925	-100	no	external_context	âĢĻd
9108	1075	-100	no	external_context	Ġlike
9109	311	-100	no	external_context	Ġto
9110	10354	-100	no	external_context	Ġproceed
9111	13	-100	no	external_context	.
9112	5209	-100	no	external_context	ĠPlease
9113	728	-100	no	external_context	Ġgo
9114	8305	-100	no	external_context	Ġahead
9115	448	-100	no	external_context	Ġwith
9116	279	-100	no	external_context	Ġthe
9117	9289	-100	no	external_context	Ġexchange
9118	323	-100	no	external_context	Ġand
9119	279	-100	no	external_context	Ġthe
9120	20965	-100	no	external_context	Ġrefund
9121	311	-100	no	external_context	Ġto
9122	847	-100	no	external_context	Ġmy
9123	3701	-100	no	external_context	Ġcard
9124	13	-100	no	external_context	.
9125	6771	-100	no	external_context	ĠLet
9126	752	-100	no	external_context	Ġme
9127	1414	-100	no	external_context	Ġknow
9128	421	-100	no	external_context	Ġif
9129	498	-100	no	external_context	Ġyou
9130	1184	-100	no	external_context	Ġneed
9131	4113	-100	no	external_context	Ġanything
9132	770	-100	no	external_context	Ġelse
9133	504	-100	no	external_context	Ġfrom
9134	752	-100	no	external_context	Ġme
9135	0	-100	no	external_context	!
9136	151645	-100	no	external_context	<|im_end|>
9137	198	-100	no	external_context	Ċ
9138	151644	-100	no	assistant_header	<|im_start|>
9139	77091	-100	no	assistant_header	assistant
9140	198	-100	no	assistant_header	Ċ
9141	151657	151657	yes	assistant_tool_call	<tool_call>
9142	198	198	yes	assistant_tool_call	Ċ
9143	4913	4913	yes	assistant_tool_call	"{"""
9144	606	606	yes	assistant_tool_call	name
9145	788	788	yes	assistant_tool_call	""":"
9146	330	330	yes	assistant_tool_call	"Ġ"""
9147	39568	39568	yes	assistant_tool_call	exchange
9148	18029	18029	yes	assistant_tool_call	_del
9149	43056	43056	yes	assistant_tool_call	ivered
9150	7869	7869	yes	assistant_tool_call	_order
9151	12134	12134	yes	assistant_tool_call	_items
9152	497	497	yes	assistant_tool_call	""","
9153	330	330	yes	assistant_tool_call	"Ġ"""
9154	16370	16370	yes	assistant_tool_call	arguments
9155	788	788	yes	assistant_tool_call	""":"
9156	5212	5212	yes	assistant_tool_call	"Ġ{"""
9157	1358	1358	yes	assistant_tool_call	order
9158	842	842	yes	assistant_tool_call	_id
9159	788	788	yes	assistant_tool_call	""":"
9160	5869	5869	yes	assistant_tool_call	"Ġ""#"
9161	54	54	yes	assistant_tool_call	W
9162	17	17	yes	assistant_tool_call	2
9163	18	18	yes	assistant_tool_call	3
9164	22	22	yes	assistant_tool_call	7
9165	23	23	yes	assistant_tool_call	8
9166	16	16	yes	assistant_tool_call	1
9167	20	20	yes	assistant_tool_call	5
9168	21	21	yes	assistant_tool_call	6
9169	497	497	yes	assistant_tool_call	""","
9170	330	330	yes	assistant_tool_call	"Ġ"""
9171	1203	1203	yes	assistant_tool_call	item
9172	8077	8077	yes	assistant_tool_call	_ids
9173	788	788	yes	assistant_tool_call	""":"
9174	4383	4383	yes	assistant_tool_call	"Ġ["""
9175	16	16	yes	assistant_tool_call	1
9176	16	16	yes	assistant_tool_call	1
9177	20	20	yes	assistant_tool_call	5
9178	16	16	yes	assistant_tool_call	1
9179	17	17	yes	assistant_tool_call	2
9180	24	24	yes	assistant_tool_call	9
9181	18	18	yes	assistant_tool_call	3
9182	21	21	yes	assistant_tool_call	6
9183	23	23	yes	assistant_tool_call	8
9184	15	15	yes	assistant_tool_call	0
9185	497	497	yes	assistant_tool_call	""","
9186	330	330	yes	assistant_tool_call	"Ġ"""
9187	19	19	yes	assistant_tool_call	4
9188	24	24	yes	assistant_tool_call	9
9189	23	23	yes	assistant_tool_call	8
9190	18	18	yes	assistant_tool_call	3
9191	24	24	yes	assistant_tool_call	9
9192	15	15	yes	assistant_tool_call	0
9193	16	16	yes	assistant_tool_call	1
9194	19	19	yes	assistant_tool_call	4
9195	23	23	yes	assistant_tool_call	8
9196	15	15	yes	assistant_tool_call	0
9197	7914	7914	yes	assistant_tool_call	"""],"
9198	330	330	yes	assistant_tool_call	"Ġ"""
9199	931	931	yes	assistant_tool_call	new
9200	5634	5634	yes	assistant_tool_call	_item
9201	8077	8077	yes	assistant_tool_call	_ids
9202	788	788	yes	assistant_tool_call	""":"
9203	4383	4383	yes	assistant_tool_call	"Ġ["""
9204	22	22	yes	assistant_tool_call	7
9205	22	22	yes	assistant_tool_call	7
9206	15	15	yes	assistant_tool_call	0
9207	21	21	yes	assistant_tool_call	6
9208	19	19	yes	assistant_tool_call	4
9209	16	16	yes	assistant_tool_call	1
9210	15	15	yes	assistant_tool_call	0
9211	17	17	yes	assistant_tool_call	2
9212	24	24	yes	assistant_tool_call	9
9213	18	18	yes	assistant_tool_call	3
9214	497	497	yes	assistant_tool_call	""","
9215	330	330	yes	assistant_tool_call	"Ġ"""
9216	22	22	yes	assistant_tool_call	7
9217	22	22	yes	assistant_tool_call	7
9218	19	19	yes	assistant_tool_call	4
9219	22	22	yes	assistant_tool_call	7
9220	19	19	yes	assistant_tool_call	4
9221	15	15	yes	assistant_tool_call	0
9222	23	23	yes	assistant_tool_call	8
9223	20	20	yes	assistant_tool_call	5
9224	23	23	yes	assistant_tool_call	8
9225	20	20	yes	assistant_tool_call	5
9226	7914	7914	yes	assistant_tool_call	"""],"
9227	330	330	yes	assistant_tool_call	"Ġ"""
9228	13755	13755	yes	assistant_tool_call	payment
9229	9032	9032	yes	assistant_tool_call	_method
9230	842	842	yes	assistant_tool_call	_id
9231	788	788	yes	assistant_tool_call	""":"
9232	330	330	yes	assistant_tool_call	"Ġ"""
9233	23311	23311	yes	assistant_tool_call	credit
9234	16888	16888	yes	assistant_tool_call	_card
9235	62	62	yes	assistant_tool_call	_
9236	24	24	yes	assistant_tool_call	9
9237	20	20	yes	assistant_tool_call	5
9238	16	16	yes	assistant_tool_call	1
9239	18	18	yes	assistant_tool_call	3
9240	24	24	yes	assistant_tool_call	9
9241	17	17	yes	assistant_tool_call	2
9242	21	21	yes	assistant_tool_call	6
9243	95642	95642	yes	assistant_tool_call	"""}}Ċ"
9244	151658	151658	yes	assistant_tool_call	</tool_call>
9245	151645	151645	yes	assistant_end	<|im_end|>
9246	198	-100	no	external_context	Ċ
9247	151644	-100	no	external_context	<|im_start|>
9248	872	-100	no	external_context	user
9249	198	-100	no	external_context	Ċ
9250	151665	-100	no	external_context	<tool_response>
9251	198	-100	no	external_context	Ċ
9252	4913	-100	no	external_context	"{"""
9253	1358	-100	no	external_context	order
9254	842	-100	no	external_context	_id
9255	788	-100	no	external_context	""":"
9256	5869	-100	no	external_context	"Ġ""#"
9257	54	-100	no	external_context	W
9258	17	-100	no	external_context	2
9259	18	-100	no	external_context	3
9260	22	-100	no	external_context	7
9261	23	-100	no	external_context	8
9262	16	-100	no	external_context	1
9263	20	-100	no	external_context	5
9264	21	-100	no	external_context	6
9265	497	-100	no	external_context	""","
9266	330	-100	no	external_context	"Ġ"""
9267	872	-100	no	external_context	user
9268	842	-100	no	external_context	_id
9269	788	-100	no	external_context	""":"
9270	330	-100	no	external_context	"Ġ"""
9271	88	-100	no	external_context	y
9272	355	-100	no	external_context	us
9273	1704	-100	no	external_context	uf
9274	62	-100	no	external_context	_
9275	2128	-100	no	external_context	ross
9276	72	-100	no	external_context	i
9277	62	-100	no	external_context	_
9278	24	-100	no	external_context	9
9279	21	-100	no	external_context	6
9280	17	-100	no	external_context	2
9281	15	-100	no	external_context	0
9282	497	-100	no	external_context	""","
9283	330	-100	no	external_context	"Ġ"""
9284	4995	-100	no	external_context	address
9285	788	-100	no	external_context	""":"
9286	5212	-100	no	external_context	"Ġ{"""
9287	4995	-100	no	external_context	address
9288	16	-100	no	external_context	1
9289	788	-100	no	external_context	""":"
9290	330	-100	no	external_context	"Ġ"""
9291	22	-100	no	external_context	7
9292	21	-100	no	external_context	6
9293	18	-100	no	external_context	3
9294	36676	-100	no	external_context	ĠBroadway
9295	497	-100	no	external_context	""","
9296	330	-100	no	external_context	"Ġ"""
9297	4995	-100	no	external_context	address
9298	17	-100	no	external_context	2
9299	788	-100	no	external_context	""":"
9300	330	-100	no	external_context	"Ġ"""
9301	28000	-100	no	external_context	Suite
9302	220	-100	no	external_context	Ġ
9303	16	-100	no	external_context	1
9304	18	-100	no	external_context	3
9305	20	-100	no	external_context	5
9306	497	-100	no	external_context	""","
9307	330	-100	no	external_context	"Ġ"""
9308	8926	-100	no	external_context	city
9309	788	-100	no	external_context	""":"
9310	330	-100	no	external_context	"Ġ"""
9311	89424	-100	no	external_context	Philadelphia
9312	497	-100	no	external_context	""","
9313	330	-100	no	external_context	"Ġ"""
9314	11141	-100	no	external_context	country
9315	788	-100	no	external_context	""":"
9316	330	-100	no	external_context	"Ġ"""
9317	24347	-100	no	external_context	USA
9318	497	-100	no	external_context	""","
9319	330	-100	no	external_context	"Ġ"""
9320	2454	-100	no	external_context	state
9321	788	-100	no	external_context	""":"
9322	330	-100	no	external_context	"Ġ"""
9323	8041	-100	no	external_context	PA
9324	497	-100	no	external_context	""","
9325	330	-100	no	external_context	"Ġ"""
9326	9964	-100	no	external_context	zip
9327	788	-100	no	external_context	""":"
9328	330	-100	no	external_context	"Ġ"""
9329	16	-100	no	external_context	1
9330	24	-100	no	external_context	9
9331	16	-100	no	external_context	1
9332	17	-100	no	external_context	2
9333	17	-100	no	external_context	2
9334	14345	-100	no	external_context	"""},"
9335	330	-100	no	external_context	"Ġ"""
9336	3615	-100	no	external_context	items
9337	788	-100	no	external_context	""":"
9338	61753	-100	no	external_context	"Ġ[{"""
9339	606	-100	no	external_context	name
9340	788	-100	no	external_context	""":"
9341	330	-100	no	external_context	"Ġ"""
9342	12346	-100	no	external_context	Head
9343	16729	-100	no	external_context	phones
9344	497	-100	no	external_context	""","
9345	330	-100	no	external_context	"Ġ"""
9346	3031	-100	no	external_context	product
9347	842	-100	no	external_context	_id
9348	788	-100	no	external_context	""":"
9349	330	-100	no	external_context	"Ġ"""
9350	21	-100	no	external_context	6
9351	24	-100	no	external_context	9
9352	24	-100	no	external_context	9
9353	17	-100	no	external_context	2
9354	22	-100	no	external_context	7
9355	24	-100	no	external_context	9
9356	17	-100	no	external_context	2
9357	24	-100	no	external_context	9
9358	18	-100	no	external_context	3
9359	20	-100	no	external_context	5
9360	497	-100	no	external_context	""","
9361	330	-100	no	external_context	"Ġ"""
9362	1203	-100	no	external_context	item
9363	842	-100	no	external_context	_id
9364	788	-100	no	external_context	""":"
9365	330	-100	no	external_context	"Ġ"""
9366	19	-100	no	external_context	4
9367	17	-100	no	external_context	2
9368	15	-100	no	external_context	0
9369	17	-100	no	external_context	2
9370	19	-100	no	external_context	4
9371	24	-100	no	external_context	9
9372	22	-100	no	external_context	7
9373	22	-100	no	external_context	7
9374	17	-100	no	external_context	2
9375	18	-100	no	external_context	3
9376	497	-100	no	external_context	""","
9377	330	-100	no	external_context	"Ġ"""
9378	6555	-100	no	external_context	price
9379	788	-100	no	external_context	""":"
9380	220	-100	no	external_context	Ġ
9381	18	-100	no	external_context	3
9382	19	-100	no	external_context	4
9383	17	-100	no	external_context	2
9384	13	-100	no	external_context	.
9385	23	-100	no	external_context	8
9386	16	-100	no	external_context	1
9387	11	-100	no	external_context	,
9388	330	-100	no	external_context	"Ġ"""
9389	2875	-100	no	external_context	options
9390	788	-100	no	external_context	""":"
9391	5212	-100	no	external_context	"Ġ{"""
9392	1313	-100	no	external_context	type
9393	788	-100	no	external_context	""":"
9394	330	-100	no	external_context	"Ġ"""
9395	1975	-100	no	external_context	over
9396	12	-100	no	external_context	-
9397	682	-100	no	external_context	ear
9398	497	-100	no	external_context	""","
9399	330	-100	no	external_context	"Ġ"""
9400	6459	-100	no	external_context	connect
9401	1927	-100	no	external_context	ivity
9402	788	-100	no	external_context	""":"
9403	330	-100	no	external_context	"Ġ"""
9404	35531	-100	no	external_context	wire
9405	1717	-100	no	external_context	less
9406	497	-100	no	external_context	""","
9407	330	-100	no	external_context	"Ġ"""
9408	3423	-100	no	external_context	color
9409	788	-100	no	external_context	""":"
9410	330	-100	no	external_context	"Ġ"""
9411	12203	-100	no	external_context	blue
9412	9207	-100	no	external_context	"""}"
9413	2137	-100	no	external_context	},
9414	5212	-100	no	external_context	"Ġ{"""
9415	606	-100	no	external_context	name
9416	788	-100	no	external_context	""":"
9417	330	-100	no	external_context	"Ġ"""
9418	81789	-100	no	external_context	Vac
9419	20434	-100	no	external_context	uum
9420	75219	-100	no	external_context	ĠCleaner
9421	497	-100	no	external_context	""","
9422	330	-100	no	external_context	"Ġ"""
9423	3031	-100	no	external_context	product
9424	842	-100	no	external_context	_id
9425	788	-100	no	external_context	""":"
9426	330	-100	no	external_context	"Ġ"""
9427	16	-100	no	external_context	1
9428	22	-100	no	external_context	7
9429	21	-100	no	external_context	6
9430	17	-100	no	external_context	2
9431	18	-100	no	external_context	3
9432	18	-100	no	external_context	3
9433	22	-100	no	external_context	7
9434	23	-100	no	external_context	8
9435	21	-100	no	external_context	6
9436	23	-100	no	external_context	8
9437	497	-100	no	external_context	""","
9438	330	-100	no	external_context	"Ġ"""
9439	1203	-100	no	external_context	item
9440	842	-100	no	external_context	_id
9441	788	-100	no	external_context	""":"
9442	330	-100	no	external_context	"Ġ"""
9443	19	-100	no	external_context	4
9444	21	-100	no	external_context	6
9445	15	-100	no	external_context	0
9446	17	-100	no	external_context	2
9447	18	-100	no	external_context	3
9448	15	-100	no	external_context	0
9449	20	-100	no	external_context	5
9450	15	-100	no	external_context	0
9451	18	-100	no	external_context	3
9452	24	-100	no	external_context	9
9453	497	-100	no	external_context	""","
9454	330	-100	no	external_context	"Ġ"""
9455	6555	-100	no	external_context	price
9456	788	-100	no	external_context	""":"
9457	220	-100	no	external_context	Ġ
9458	20	-100	no	external_context	5
9459	21	-100	no	external_context	6
9460	16	-100	no	external_context	1
9461	13	-100	no	external_context	.
9462	15	-100	no	external_context	0
9463	20	-100	no	external_context	5
9464	11	-100	no	external_context	,
9465	330	-100	no	external_context	"Ġ"""
9466	2875	-100	no	external_context	options
9467	788	-100	no	external_context	""":"
9468	5212	-100	no	external_context	"Ġ{"""
9469	1313	-100	no	external_context	type
9470	788	-100	no	external_context	""":"
9471	330	-100	no	external_context	"Ġ"""
9472	18247	-100	no	external_context	robot
9473	292	-100	no	external_context	ic
9474	497	-100	no	external_context	""","
9475	330	-100	no	external_context	"Ġ"""
9476	21250	-100	no	external_context	bag
9477	3556	-100	no	external_context	ged
9478	3470	-100	no	external_context	/b
9479	351	-100	no	external_context	ag
9480	1717	-100	no	external_context	less
9481	788	-100	no	external_context	""":"
9482	330	-100	no	external_context	"Ġ"""
9483	21250	-100	no	external_context	bag
9484	3556	-100	no	external_context	ged
9485	497	-100	no	external_context	""","
9486	330	-100	no	external_context	"Ġ"""
9487	20304	-100	no	external_context	features
9488	788	-100	no	external_context	""":"
9489	330	-100	no	external_context	"Ġ"""
9490	30989	-100	no	external_context	cord
9491	1717	-100	no	external_context	less
9492	9207	-100	no	external_context	"""}"
9493	2137	-100	no	external_context	},
9494	5212	-100	no	external_context	"Ġ{"""
9495	606	-100	no	external_context	name
9496	788	-100	no	external_context	""":"
9497	330	-100	no	external_context	"Ġ"""
9498	57067	-100	no	external_context	Mech
9499	44883	-100	no	external_context	anical
9500	25616	-100	no	external_context	ĠKeyboard
9501	497	-100	no	external_context	""","
9502	330	-100	no	external_context	"Ġ"""
9503	3031	-100	no	external_context	product
9504	842	-100	no	external_context	_id
9505	788	-100	no	external_context	""":"
9506	330	-100	no	external_context	"Ġ"""
9507	16	-100	no	external_context	1
9508	21	-100	no	external_context	6
9509	20	-100	no	external_context	5
9510	21	-100	no	external_context	6
9511	18	-100	no	external_context	3
9512	21	-100	no	external_context	6
9513	22	-100	no	external_context	7
9514	15	-100	no	external_context	0
9515	17	-100	no	external_context	2
9516	23	-100	no	external_context	8
9517	497	-100	no	external_context	""","
9518	330	-100	no	external_context	"Ġ"""
9519	1203	-100	no	external_context	item
9520	842	-100	no	external_context	_id
9521	788	-100	no	external_context	""":"
9522	330	-100	no	external_context	"Ġ"""
9523	16	-100	no	external_context	1
9524	16	-100	no	external_context	1
9525	20	-100	no	external_context	5
9526	16	-100	no	external_context	1
9527	17	-100	no	external_context	2
9528	24	-100	no	external_context	9
9529	18	-100	no	external_context	3
9530	21	-100	no	external_context	6
9531	23	-100	no	external_context	8
9532	15	-100	no	external_context	0
9533	497	-100	no	external_context	""","
9534	330	-100	no	external_context	"Ġ"""
9535	6555	-100	no	external_context	price
9536	788	-100	no	external_context	""":"
9537	220	-100	no	external_context	Ġ
9538	17	-100	no	external_context	2
9539	22	-100	no	external_context	7
9540	17	-100	no	external_context	2
9541	13	-100	no	external_context	.
9542	18	-100	no	external_context	3
9543	18	-100	no	external_context	3
9544	11	-100	no	external_context	,
9545	330	-100	no	external_context	"Ġ"""
9546	2875	-100	no	external_context	options
9547	788	-100	no	external_context	""":"
9548	5212	-100	no	external_context	"Ġ{"""
9549	17338	-100	no	external_context	switch
9550	943	-100	no	external_context	Ġtype
9551	788	-100	no	external_context	""":"
9552	330	-100	no	external_context	"Ġ"""
9553	22763	-100	no	external_context	linear
9554	497	-100	no	external_context	""","
9555	330	-100	no	external_context	"Ġ"""
9556	1419	-100	no	external_context	back
9557	4145	-100	no	external_context	light
9558	788	-100	no	external_context	""":"
9559	330	-100	no	external_context	"Ġ"""
9560	18184	-100	no	external_context	RGB
9561	497	-100	no	external_context	""","
9562	330	-100	no	external_context	"Ġ"""
9563	2141	-100	no	external_context	size
9564	788	-100	no	external_context	""":"
9565	330	-100	no	external_context	"Ġ"""
9566	8878	-100	no	external_context	full
9567	1379	-100	no	external_context	Ġsize
9568	9207	-100	no	external_context	"""}"
9569	2137	-100	no	external_context	},
9570	5212	-100	no	external_context	"Ġ{"""
9571	606	-100	no	external_context	name
9572	788	-100	no	external_context	""":"
9573	330	-100	no	external_context	"Ġ"""
9574	33817	-100	no	external_context	Smart
9575	22450	-100	no	external_context	ĠTher
9576	54725	-100	no	external_context	mostat
9577	497	-100	no	external_context	""","
9578	330	-100	no	external_context	"Ġ"""
9579	3031	-100	no	external_context	product
9580	842	-100	no	external_context	_id
9581	788	-100	no	external_context	""":"
9582	330	-100	no	external_context	"Ġ"""
9583	19	-100	no	external_context	4
9584	23	-100	no	external_context	8
9585	24	-100	no	external_context	9
9586	21	-100	no	external_context	6
9587	20	-100	no	external_context	5
9588	23	-100	no	external_context	8
9589	20	-100	no	external_context	5
9590	17	-100	no	external_context	2
9591	22	-100	no	external_context	7
9592	22	-100	no	external_context	7
9593	497	-100	no	external_context	""","
9594	330	-100	no	external_context	"Ġ"""
9595	1203	-100	no	external_context	item
9596	842	-100	no	external_context	_id
9597	788	-100	no	external_context	""":"
9598	330	-100	no	external_context	"Ġ"""
9599	19	-100	no	external_context	4
9600	24	-100	no	external_context	9
9601	23	-100	no	external_context	8
9602	18	-100	no	external_context	3
9603	24	-100	no	external_context	9
9604	15	-100	no	external_context	0
9605	16	-100	no	external_context	1
9606	19	-100	no	external_context	4
9607	23	-100	no	external_context	8
9608	15	-100	no	external_context	0
9609	497	-100	no	external_context	""","
9610	330	-100	no	external_context	"Ġ"""
9611	6555	-100	no	external_context	price
9612	788	-100	no	external_context	""":"
9613	220	-100	no	external_context	Ġ
9614	17	-100	no	external_context	2
9615	21	-100	no	external_context	6
9616	17	-100	no	external_context	2
9617	13	-100	no	external_context	.
9618	19	-100	no	external_context	4
9619	22	-100	no	external_context	7
9620	11	-100	no	external_context	,
9621	330	-100	no	external_context	"Ġ"""
9622	2875	-100	no	external_context	options
9623	788	-100	no	external_context	""":"
9624	5212	-100	no	external_context	"Ġ{"""
9625	18331	-100	no	external_context	compat
9626	3147	-100	no	external_context	ibility
9627	788	-100	no	external_context	""":"
9628	330	-100	no	external_context	"Ġ"""
9629	26567	-100	no	external_context	Apple
9630	5379	-100	no	external_context	ĠHome
9631	7695	-100	no	external_context	Kit
9632	497	-100	no	external_context	""","
9633	330	-100	no	external_context	"Ġ"""
9634	3423	-100	no	external_context	color
9635	788	-100	no	external_context	""":"
9636	330	-100	no	external_context	"Ġ"""
9637	11453	-100	no	external_context	black
9638	9207	-100	no	external_context	"""}"
9639	2137	-100	no	external_context	},
9640	5212	-100	no	external_context	"Ġ{"""
9641	606	-100	no	external_context	name
9642	788	-100	no	external_context	""":"
9643	330	-100	no	external_context	"Ġ"""
9644	33817	-100	no	external_context	Smart
9645	10357	-100	no	external_context	ĠWatch
9646	497	-100	no	external_context	""","
9647	330	-100	no	external_context	"Ġ"""
9648	3031	-100	no	external_context	product
9649	842	-100	no	external_context	_id
9650	788	-100	no	external_context	""":"
9651	330	-100	no	external_context	"Ġ"""
9652	21	-100	no	external_context	6
9653	24	-100	no	external_context	9
9654	19	-100	no	external_context	4
9655	20	-100	no	external_context	5
9656	17	-100	no	external_context	2
9657	18	-100	no	external_context	3
9658	17	-100	no	external_context	2
9659	15	-100	no	external_context	0
9660	20	-100	no	external_context	5
9661	17	-100	no	external_context	2
9662	497	-100	no	external_context	""","
9663	330	-100	no	external_context	"Ġ"""
9664	1203	-100	no	external_context	item
9665	842	-100	no	external_context	_id
9666	788	-100	no	external_context	""":"
9667	330	-100	no	external_context	"Ġ"""
9668	24	-100	no	external_context	9
9669	19	-100	no	external_context	4
9670	15	-100	no	external_context	0
9671	23	-100	no	external_context	8
9672	16	-100	no	external_context	1
9673	21	-100	no	external_context	6
9674	15	-100	no	external_context	0
9675	24	-100	no	external_context	9
9676	20	-100	no	external_context	5
9677	15	-100	no	external_context	0
9678	497	-100	no	external_context	""","
9679	330	-100	no	external_context	"Ġ"""
9680	6555	-100	no	external_context	price
9681	788	-100	no	external_context	""":"
9682	220	-100	no	external_context	Ġ
9683	18	-100	no	external_context	3
9684	23	-100	no	external_context	8
9685	16	-100	no	external_context	1
9686	13	-100	no	external_context	.
9687	17	-100	no	external_context	2
9688	21	-100	no	external_context	6
9689	11	-100	no	external_context	,
9690	330	-100	no	external_context	"Ġ"""
9691	2875	-100	no	external_context	options
9692	788	-100	no	external_context	""":"
9693	5212	-100	no	external_context	"Ġ{"""
9694	3423	-100	no	external_context	color
9695	788	-100	no	external_context	""":"
9696	330	-100	no	external_context	"Ġ"""
9697	34537	-100	no	external_context	gold
9698	497	-100	no	external_context	""","
9699	330	-100	no	external_context	"Ġ"""
9700	7053	-100	no	external_context	band
9701	3684	-100	no	external_context	Ġmaterial
9702	788	-100	no	external_context	""":"
9703	330	-100	no	external_context	"Ġ"""
9704	273	-100	no	external_context	le
9705	1856	-100	no	external_context	ather
9706	497	-100	no	external_context	""","
9707	330	-100	no	external_context	"Ġ"""
9708	5493	-100	no	external_context	display
9709	788	-100	no	external_context	""":"
9710	330	-100	no	external_context	"Ġ"""
9711	64003	-100	no	external_context	LCD
9712	30975	-100	no	external_context	"""}}"
9713	1125	-100	no	external_context	],
9714	330	-100	no	external_context	"Ġ"""
9715	2829	-100	no	external_context	status
9716	788	-100	no	external_context	""":"
9717	330	-100	no	external_context	"Ġ"""
9718	39568	-100	no	external_context	exchange
9719	11223	-100	no	external_context	Ġrequested
9720	497	-100	no	external_context	""","
9721	330	-100	no	external_context	"Ġ"""
9722	1262	-100	no	external_context	ful
9723	7559	-100	no	external_context	fill
9724	1368	-100	no	external_context	ments
9725	788	-100	no	external_context	""":"
9726	61753	-100	no	external_context	"Ġ[{"""
9727	44553	-100	no	external_context	tracking
9728	842	-100	no	external_context	_id
9729	788	-100	no	external_context	""":"
9730	4383	-100	no	external_context	"Ġ["""
9731	23	-100	no	external_context	8
9732	19	-100	no	external_context	4
9733	18	-100	no	external_context	3
9734	15	-100	no	external_context	0
9735	20	-100	no	external_context	5
9736	18	-100	no	external_context	3
9737	21	-100	no	external_context	6
9738	18	-100	no	external_context	3
9739	17	-100	no	external_context	2
9740	18	-100	no	external_context	3
9741	24	-100	no	external_context	9
9742	17	-100	no	external_context	2
9743	7914	-100	no	external_context	"""],"
9744	330	-100	no	external_context	"Ġ"""
9745	1203	-100	no	external_context	item
9746	8077	-100	no	external_context	_ids
9747	788	-100	no	external_context	""":"
9748	4383	-100	no	external_context	"Ġ["""
9749	19	-100	no	external_context	4
9750	17	-100	no	external_context	2
9751	15	-100	no	external_context	0
9752	17	-100	no	external_context	2
9753	19	-100	no	external_context	4
9754	24	-100	no	external_context	9
9755	22	-100	no	external_context	7
9756	22	-100	no	external_context	7
9757	17	-100	no	external_context	2
9758	18	-100	no	external_context	3
9759	497	-100	no	external_context	""","
9760	330	-100	no	external_context	"Ġ"""
9761	19	-100	no	external_context	4
9762	21	-100	no	external_context	6
9763	15	-100	no	external_context	0
9764	17	-100	no	external_context	2
9765	18	-100	no	external_context	3
9766	15	-100	no	external_context	0
9767	20	-100	no	external_context	5
9768	15	-100	no	external_context	0
9769	18	-100	no	external_context	3
9770	24	-100	no	external_context	9
9771	497	-100	no	external_context	""","
9772	330	-100	no	external_context	"Ġ"""
9773	16	-100	no	external_context	1
9774	16	-100	no	external_context	1
9775	20	-100	no	external_context	5
9776	16	-100	no	external_context	1
9777	17	-100	no	external_context	2
9778	24	-100	no	external_context	9
9779	18	-100	no	external_context	3
9780	21	-100	no	external_context	6
9781	23	-100	no	external_context	8
9782	15	-100	no	external_context	0
9783	497	-100	no	external_context	""","
9784	330	-100	no	external_context	"Ġ"""
9785	19	-100	no	external_context	4
9786	24	-100	no	external_context	9
9787	23	-100	no	external_context	8
9788	18	-100	no	external_context	3
9789	24	-100	no	external_context	9
9790	15	-100	no	external_context	0
9791	16	-100	no	external_context	1
9792	19	-100	no	external_context	4
9793	23	-100	no	external_context	8
9794	15	-100	no	external_context	0
9795	497	-100	no	external_context	""","
9796	330	-100	no	external_context	"Ġ"""
9797	24	-100	no	external_context	9
9798	19	-100	no	external_context	4
9799	15	-100	no	external_context	0
9800	23	-100	no	external_context	8
9801	16	-100	no	external_context	1
9802	21	-100	no	external_context	6
9803	15	-100	no	external_context	0
9804	24	-100	no	external_context	9
9805	20	-100	no	external_context	5
9806	15	-100	no	external_context	0
9807	1341	-100	no	external_context	"""]"
9808	72441	-100	no	external_context	}],
9809	330	-100	no	external_context	"Ġ"""
9810	13755	-100	no	external_context	payment
9811	19802	-100	no	external_context	_history
9812	788	-100	no	external_context	""":"
9813	61753	-100	no	external_context	"Ġ[{"""
9814	13528	-100	no	external_context	transaction
9815	1819	-100	no	external_context	_type
9816	788	-100	no	external_context	""":"
9817	330	-100	no	external_context	"Ġ"""
9818	13755	-100	no	external_context	payment
9819	497	-100	no	external_context	""","
9820	330	-100	no	external_context	"Ġ"""
9821	6045	-100	no	external_context	amount
9822	788	-100	no	external_context	""":"
9823	220	-100	no	external_context	Ġ
9824	16	-100	no	external_context	1
9825	23	-100	no	external_context	8
9826	16	-100	no	external_context	1
9827	24	-100	no	external_context	9
9828	13	-100	no	external_context	.
9829	24	-100	no	external_context	9
9830	17	-100	no	external_context	2
9831	11	-100	no	external_context	,
9832	330	-100	no	external_context	"Ġ"""
9833	13755	-100	no	external_context	payment
9834	9032	-100	no	external_context	_method
9835	842	-100	no	external_context	_id
9836	788	-100	no	external_context	""":"
9837	330	-100	no	external_context	"Ġ"""
9838	23311	-100	no	external_context	credit
9839	16888	-100	no	external_context	_card
9840	62	-100	no	external_context	_
9841	24	-100	no	external_context	9
9842	20	-100	no	external_context	5
9843	16	-100	no	external_context	1
9844	18	-100	no	external_context	3
9845	24	-100	no	external_context	9
9846	17	-100	no	external_context	2
9847	21	-100	no	external_context	6
9848	9207	-100	no	external_context	"""}"
9849	1125	-100	no	external_context	],
9850	330	-100	no	external_context	"Ġ"""
9851	18515	-100	no	external_context	cancel
9852	38229	-100	no	external_context	_reason
9853	788	-100	no	external_context	""":"
9854	845	-100	no	external_context	Ġnull
9855	11	-100	no	external_context	,
9856	330	-100	no	external_context	"Ġ"""
9857	39568	-100	no	external_context	exchange
9858	12134	-100	no	external_context	_items
9859	788	-100	no	external_context	""":"
9860	4383	-100	no	external_context	"Ġ["""
9861	16	-100	no	external_context	1
9862	16	-100	no	external_context	1
9863	20	-100	no	external_context	5
9864	16	-100	no	external_context	1
9865	17	-100	no	external_context	2
9866	24	-100	no	external_context	9
9867	18	-100	no	external_context	3
9868	21	-100	no	external_context	6
9869	23	-100	no	external_context	8
9870	15	-100	no	external_context	0
9871	497	-100	no	external_context	""","
9872	330	-100	no	external_context	"Ġ"""
9873	19	-100	no	external_context	4
9874	24	-100	no	external_context	9
9875	23	-100	no	external_context	8
9876	18	-100	no	external_context	3
9877	24	-100	no	external_context	9
9878	15	-100	no	external_context	0
9879	16	-100	no	external_context	1
9880	19	-100	no	external_context	4
9881	23	-100	no	external_context	8
9882	15	-100	no	external_context	0
9883	7914	-100	no	external_context	"""],"
9884	330	-100	no	external_context	"Ġ"""
9885	39568	-100	no	external_context	exchange
9886	5921	-100	no	external_context	_new
9887	12134	-100	no	external_context	_items
9888	788	-100	no	external_context	""":"
9889	4383	-100	no	external_context	"Ġ["""
9890	22	-100	no	external_context	7
9891	22	-100	no	external_context	7
9892	15	-100	no	external_context	0
9893	21	-100	no	external_context	6
9894	19	-100	no	external_context	4
9895	16	-100	no	external_context	1
9896	15	-100	no	external_context	0
9897	17	-100	no	external_context	2
9898	24	-100	no	external_context	9
9899	18	-100	no	external_context	3
9900	497	-100	no	external_context	""","
9901	330	-100	no	external_context	"Ġ"""
9902	22	-100	no	external_context	7
9903	22	-100	no	external_context	7
9904	19	-100	no	external_context	4
9905	22	-100	no	external_context	7
9906	19	-100	no	external_context	4
9907	15	-100	no	external_context	0
9908	23	-100	no	external_context	8
9909	20	-100	no	external_context	5
9910	23	-100	no	external_context	8
9911	20	-100	no	external_context	5
9912	7914	-100	no	external_context	"""],"
9913	330	-100	no	external_context	"Ġ"""
9914	39568	-100	no	external_context	exchange
9915	26696	-100	no	external_context	_payment
9916	9032	-100	no	external_context	_method
9917	842	-100	no	external_context	_id
9918	788	-100	no	external_context	""":"
9919	330	-100	no	external_context	"Ġ"""
9920	23311	-100	no	external_context	credit
9921	16888	-100	no	external_context	_card
9922	62	-100	no	external_context	_
9923	24	-100	no	external_context	9
9924	20	-100	no	external_context	5
9925	16	-100	no	external_context	1
9926	18	-100	no	external_context	3
9927	24	-100	no	external_context	9
9928	17	-100	no	external_context	2
9929	21	-100	no	external_context	6
9930	497	-100	no	external_context	""","
9931	330	-100	no	external_context	"Ġ"""
9932	39568	-100	no	external_context	exchange
9933	9040	-100	no	external_context	_price
9934	47525	-100	no	external_context	_difference
9935	788	-100	no	external_context	""":"
9936	481	-100	no	external_context	Ġ-
9937	16	-100	no	external_context	1
9938	21	-100	no	external_context	6
9939	13	-100	no	external_context	.
9940	21	-100	no	external_context	6
9941	18	-100	no	external_context	3
9942	11	-100	no	external_context	,
9943	330	-100	no	external_context	"Ġ"""
9944	689	-100	no	external_context	return
9945	12134	-100	no	external_context	_items
9946	788	-100	no	external_context	""":"
9947	845	-100	no	external_context	Ġnull
9948	11	-100	no	external_context	,
9949	330	-100	no	external_context	"Ġ"""
9950	689	-100	no	external_context	return
9951	26696	-100	no	external_context	_payment
9952	9032	-100	no	external_context	_method
9953	842	-100	no	external_context	_id
9954	788	-100	no	external_context	""":"
9955	845	-100	no	external_context	Ġnull
9956	532	-100	no	external_context	}Ċ
9957	151666	-100	no	external_context	</tool_response>
9958	151645	-100	no	external_context	<|im_end|>
9959	198	-100	no	external_context	Ċ
9960	151644	-100	no	assistant_header	<|im_start|>
9961	77091	-100	no	assistant_header	assistant
9962	198	-100	no	assistant_header	Ċ
9963	7771	7771	yes	assistant_text	Your
9964	9289	9289	yes	assistant_text	Ġexchange
9965	702	702	yes	assistant_text	Ġhas
9966	1012	1012	yes	assistant_text	Ġbeen
9967	7790	7790	yes	assistant_text	Ġsuccessfully
9968	15233	15233	yes	assistant_text	Ġprocessed
9969	0	0	yes	assistant_text	!
9970	5692	5692	yes	assistant_text	ĠHere
9971	594	594	yes	assistant_text	's
9972	264	264	yes	assistant_text	Ġa
9973	12126	12126	yes	assistant_text	Ġsummary
9974	315	315	yes	assistant_text	Ġof
9975	1128	1128	yes	assistant_text	Ġwhat
9976	572	572	yes	assistant_text	Ġwas
9977	2814	2814	yes	assistant_text	Ġdone
9978	1447	1447	yes	assistant_text	:ĊĊ
9979	334	334	yes	assistant_text	**
9980	31564	31564	yes	assistant_text	Exchange
9981	14974	14974	yes	assistant_text	ĠConf
9982	8434	8434	yes	assistant_text	irmed
9983	369	369	yes	assistant_text	Ġfor
9984	7217	7217	yes	assistant_text	ĠOrder
9985	671	671	yes	assistant_text	Ġ#
9986	54	54	yes	assistant_text	W
9987	17	17	yes	assistant_text	2
9988	18	18	yes	assistant_text	3
9989	22	22	yes	assistant_text	7
9990	23	23	yes	assistant_text	8
9991	16	16	yes	assistant_text	1
9992	20	20	yes	assistant_text	5
9993	21	21	yes	assistant_text	6
9994	25	25	yes	assistant_text	:
9995	56177	56177	yes	assistant_text	**ĊĊ
9996	16	16	yes	assistant_text	1
9997	13	13	yes	assistant_text	.
9998	3070	3070	yes	assistant_text	Ġ**
9999	57067	57067	yes	assistant_text	Mech
10000	44883	44883	yes	assistant_text	anical
10001	25616	25616	yes	assistant_text	ĠKeyboard
10002	334	334	yes	assistant_text	**
10003	481	481	yes	assistant_text	Ġ-
10004	1374	1374	yes	assistant_text	ĠEx
10005	17353	17353	yes	assistant_text	changed
10006	1509	1509	yes	assistant_text	Ġitem
10007	220	220	yes	assistant_text	Ġ
10008	16	16	yes	assistant_text	1
10009	16	16	yes	assistant_text	1
10010	20	20	yes	assistant_text	5
10011	16	16	yes	assistant_text	1
10012	17	17	yes	assistant_text	2
10013	24	24	yes	assistant_text	9
10014	18	18	yes	assistant_text	3
10015	21	21	yes	assistant_text	6
10016	23	23	yes	assistant_text	8
10017	15	15	yes	assistant_text	0
10018	320	320	yes	assistant_text	Ġ(
10019	22763	22763	yes	assistant_text	linear
10020	11	11	yes	assistant_text	,
10021	20978	20978	yes	assistant_text	ĠRGB
10022	11	11	yes	assistant_text	,
10023	2480	2480	yes	assistant_text	Ġfull
10024	1379	1379	yes	assistant_text	Ġsize
10025	8	8	yes	assistant_text	)
10026	369	369	yes	assistant_text	Ġfor
10027	1509	1509	yes	assistant_text	Ġitem
10028	3070	3070	yes	assistant_text	Ġ**
10029	22	22	yes	assistant_text	7
10030	22	22	yes	assistant_text	7
10031	15	15	yes	assistant_text	0
10032	21	21	yes	assistant_text	6
10033	19	19	yes	assistant_text	4
10034	16	16	yes	assistant_text	1
10035	15	15	yes	assistant_text	0
10036	17	17	yes	assistant_text	2
10037	24	24	yes	assistant_text	9
10038	18	18	yes	assistant_text	3
10039	334	334	yes	assistant_text	**
10040	320	320	yes	assistant_text	Ġ(
10041	3678	3678	yes	assistant_text	click
10042	88	88	yes	assistant_text	y
10043	11	11	yes	assistant_text	,
10044	902	902	yes	assistant_text	Ġno
10045	94322	94322	yes	assistant_text	Ġbacklight
10046	11	11	yes	assistant_text	,
10047	2480	2480	yes	assistant_text	Ġfull
10048	1379	1379	yes	assistant_text	Ġsize
10049	340	340	yes	assistant_text	)Ċ
10050	17	17	yes	assistant_text	2
10051	13	13	yes	assistant_text	.
10052	3070	3070	yes	assistant_text	Ġ**
10053	33817	33817	yes	assistant_text	Smart
10054	22450	22450	yes	assistant_text	ĠTher
10055	54725	54725	yes	assistant_text	mostat
10056	334	334	yes	assistant_text	**
10057	481	481	yes	assistant_text	Ġ-
10058	1374	1374	yes	assistant_text	ĠEx
10059	17353	17353	yes	assistant_text	changed
10060	1509	1509	yes	assistant_text	Ġitem
10061	220	220	yes	assistant_text	Ġ
10062	19	19	yes	assistant_text	4
10063	24	24	yes	assistant_text	9
10064	23	23	yes	assistant_text	8
10065	18	18	yes	assistant_text	3
10066	24	24	yes	assistant_text	9
10067	15	15	yes	assistant_text	0
10068	16	16	yes	assistant_text	1
10069	19	19	yes	assistant_text	4
10070	23	23	yes	assistant_text	8
10071	15	15	yes	assistant_text	0
10072	320	320	yes	assistant_text	Ġ(
10073	26567	26567	yes	assistant_text	Apple
10074	5379	5379	yes	assistant_text	ĠHome
10075	7695	7695	yes	assistant_text	Kit
10076	11	11	yes	assistant_text	,
10077	3691	3691	yes	assistant_text	Ġblack
10078	8	8	yes	assistant_text	)
10079	369	369	yes	assistant_text	Ġfor
10080	1509	1509	yes	assistant_text	Ġitem
10081	3070	3070	yes	assistant_text	Ġ**
10082	22	22	yes	assistant_text	7
10083	22	22	yes	assistant_text	7
10084	19	19	yes	assistant_text	4
10085	22	22	yes	assistant_text	7
10086	19	19	yes	assistant_text	4
10087	15	15	yes	assistant_text	0
10088	23	23	yes	assistant_text	8
10089	20	20	yes	assistant_text	5
10090	23	23	yes	assistant_text	8
10091	20	20	yes	assistant_text	5
10092	334	334	yes	assistant_text	**
10093	320	320	yes	assistant_text	Ġ(
10094	14444	14444	yes	assistant_text	Google
10095	21388	21388	yes	assistant_text	ĠAssistant
10096	11	11	yes	assistant_text	,
10097	3691	3691	yes	assistant_text	Ġblack
10098	692	692	yes	assistant_text	)ĊĊ
10099	334	334	yes	assistant_text	**
10100	3945	3945	yes	assistant_text	Ref
10101	1241	1241	yes	assistant_text	und
10102	66963	66963	yes	assistant_text	:**
10103	400	400	yes	assistant_text	Ġ$
10104	16	16	yes	assistant_text	1
10105	21	21	yes	assistant_text	6
10106	13	13	yes	assistant_text	.
10107	21	21	yes	assistant_text	6
10108	18	18	yes	assistant_text	3
10109	686	686	yes	assistant_text	Ġwill
10110	387	387	yes	assistant_text	Ġbe
10111	93452	93452	yes	assistant_text	Ġrefunded
10112	311	311	yes	assistant_text	Ġto
10113	697	697	yes	assistant_text	Ġyour
10114	6668	6668	yes	assistant_text	Ġcredit
10115	3701	3701	yes	assistant_text	Ġcard
10116	13391	13391	yes	assistant_text	Ġending
10117	304	304	yes	assistant_text	Ġin
10118	220	220	yes	assistant_text	Ġ
10119	17	17	yes	assistant_text	2
10120	19	19	yes	assistant_text	4
10121	22	22	yes	assistant_text	7
10122	23	23	yes	assistant_text	8
10123	382	382	yes	assistant_text	.ĊĊ
10124	785	785	yes	assistant_text	The
10125	1973	1973	yes	assistant_text	Ġorder
10126	2639	2639	yes	assistant_text	Ġstatus
10127	702	702	yes	assistant_text	Ġhas
10128	1012	1012	yes	assistant_text	Ġbeen
10129	6049	6049	yes	assistant_text	Ġupdated
10130	311	311	yes	assistant_text	Ġto
10131	3070	3070	yes	assistant_text	Ġ**
10132	1	1	yes	assistant_text	""""
10133	39568	39568	yes	assistant_text	exchange
10134	11223	11223	yes	assistant_text	Ġrequested
10135	1	1	yes	assistant_text	""""
10136	334	334	yes	assistant_text	**
10137	13	13	yes	assistant_text	.
10138	1446	1446	yes	assistant_text	ĠYou
10139	686	686	yes	assistant_text	Ġwill
10140	5258	5258	yes	assistant_text	Ġreceive
10141	264	264	yes	assistant_text	Ġa
10142	1795	1795	yes	assistant_text	Ġfollow
10143	5239	5239	yes	assistant_text	-up
10144	2551	2551	yes	assistant_text	Ġemail
10145	448	448	yes	assistant_text	Ġwith
10146	11221	11221	yes	assistant_text	Ġinstructions
10147	389	389	yes	assistant_text	Ġon
10148	1246	1246	yes	assistant_text	Ġhow
10149	323	323	yes	assistant_text	Ġand
10150	1380	1380	yes	assistant_text	Ġwhere
10151	311	311	yes	assistant_text	Ġto
10152	470	470	yes	assistant_text	Ġreturn
10153	279	279	yes	assistant_text	Ġthe
10154	3589	3589	yes	assistant_text	Ġitems
10155	498	498	yes	assistant_text	Ġyou
10156	2299	2299	yes	assistant_text	're
10157	78431	78431	yes	assistant_text	Ġexchanging
10158	13	13	yes	assistant_text	.
10159	2619	2619	yes	assistant_text	ĠThere
10160	594	594	yes	assistant_text	's
10161	902	902	yes	assistant_text	Ġno
10162	1184	1184	yes	assistant_text	Ġneed
10163	311	311	yes	assistant_text	Ġto
10164	1992	1992	yes	assistant_text	Ġplace
10165	264	264	yes	assistant_text	Ġa
10166	501	501	yes	assistant_text	Ġnew
10167	1973	1973	yes	assistant_text	Ġorder
10168	369	369	yes	assistant_text	Ġfor
10169	279	279	yes	assistant_text	Ġthe
10170	13723	13723	yes	assistant_text	Ġreplacement
10171	3589	3589	yes	assistant_text	Ġitems
10172	382	382	yes	assistant_text	.ĊĊ
10173	3872	3872	yes	assistant_text	Is
10174	1052	1052	yes	assistant_text	Ġthere
10175	4113	4113	yes	assistant_text	Ġanything
10176	770	770	yes	assistant_text	Ġelse
10177	358	358	yes	assistant_text	ĠI
10178	646	646	yes	assistant_text	Ġcan
10179	1492	1492	yes	assistant_text	Ġhelp
10180	498	498	yes	assistant_text	Ġyou
10181	448	448	yes	assistant_text	Ġwith
10182	30	30	yes	assistant_text	?
10183	151645	151645	yes	assistant_end	<|im_end|>
10184	198	-100	no	external_context	Ċ
